{
"type": "FeatureCollection",
"name": "kecamatan_poly",
"crs": { "type": "name", "properties": { "name": "urn:ogc:def:crs:OGC:1.3:CRS84" } },
"features": [
{ "type": "Feature", "properties": { "KEC_NO": "010", "KECAMATAN": "POPAYATO" }, "geometry": { "type": "MultiPolygon", "coordinates": [ [ [ [ 121.424307023505605, 0.41149949807953, 0.0 ], [ 121.42393533303752, 0.41147826240933, 0.0 ], [ 121.423415124483228, 0.411499496996219, 0.0 ], [ 121.423181816622915, 0.411584413110182, 0.0 ], [ 121.42296927608237, 0.411701199372265, 0.0 ], [ 121.422512778554946, 0.411807373769805, 0.0 ], [ 121.422247473135627, 0.411860453554995, 0.0 ], [ 121.421960822568607, 0.411955992674011, 0.0 ], [ 121.421557374290003, 0.412115239584602, 0.0 ], [ 121.421175277809766, 0.412189562578939, 0.0 ], [ 121.420914187258717, 0.412221623360169, 0.0 ], [ 121.420477619621039, 0.412343840664979, 0.0 ], [ 121.420318144620097, 0.412430820567104, 0.0 ], [ 121.420049746124491, 0.412508062872989, 0.0 ], [ 121.419773772114539, 0.412561140288607, 0.0 ], [ 121.419529492361136, 0.412762846940077, 0.0 ], [ 121.419380908201305, 0.413145061589164, 0.0 ], [ 121.419317392696101, 0.413495391079381, 0.0 ], [ 121.419349050232782, 0.413824509221898, 0.0 ], [ 121.419487113273163, 0.414121746579203, 0.0 ], [ 121.419741979139445, 0.414334081209526, 0.0 ], [ 121.42028348293573, 0.414514572199058, 0.0 ], [ 121.420941496002172, 0.41467382003451, 0.0 ], [ 121.421419278957231, 0.414822432320898, 0.0 ], [ 121.421960803363262, 0.414896764895571, 0.0 ], [ 121.422438613911723, 0.414907387888812, 0.0 ], [ 121.422916142185613, 0.414928610204006, 0.0 ], [ 121.423383310204201, 0.414811840092115, 0.0 ], [ 121.423755017505755, 0.414748112911693, 0.0 ], [ 121.424338950967083, 0.414737525666391, 0.0 ], [ 121.42495462204991, 0.414652580621792, 0.0 ], [ 121.425707582796107, 0.41452244270304, 0.0 ], [ 121.425920701504481, 0.414323484900096, 0.0 ], [ 121.426016170770211, 0.414227907550772, 0.0 ], [ 121.42603757165972, 0.413898799874816, 0.0 ], [ 121.425952568743099, 0.413590937611667, 0.0 ], [ 121.425708449295428, 0.412975199282454, 0.0 ], [ 121.425411268934127, 0.412370048129178, 0.0 ], [ 121.425113761441082, 0.411998483923907, 0.0 ], [ 121.424593627607393, 0.41163750931175, 0.0 ], [ 121.424307023505605, 0.41149949807953, 0.0 ] ] ], [ [ [ 121.443909286832806, 0.415567179339886, 0.0 ], [ 121.443462369610288, 0.415469479344325, 0.0 ], [ 121.442848391493584, 0.415483418151145, 0.0 ], [ 121.442583057352351, 0.415664880172199, 0.0 ], [ 121.442345781565336, 0.415930110909394, 0.0 ], [ 121.442038552039335, 0.4164466136005, 0.0 ], [ 121.441857109804317, 0.416879344556457, 0.0 ], [ 121.441815191423373, 0.417326021888113, 0.0 ], [ 121.441871256708325, 0.417744810067182, 0.0 ], [ 121.442080627307405, 0.41805192174567, 0.0 ], [ 121.44248540314301, 0.418303184580741, 0.0 ], [ 121.442890187310169, 0.41851258306818, 0.0 ], [ 121.443476331699202, 0.418707993423455, 0.0 ], [ 121.443992828181308, 0.419029050186319, 0.0 ], [ 121.444537445532973, 0.419112815653148, 0.0 ], [ 121.445249400142018, 0.419112816901394, 0.0 ], [ 121.445709787781311, 0.419238464367515, 0.0 ], [ 121.446016891839506, 0.419364081222299, 0.0 ], [ 121.446282196506274, 0.419336154950427, 0.0 ], [ 121.446770713369588, 0.419182611014727, 0.0 ], [ 121.447343201214451, 0.418875513590881, 0.0 ], [ 121.447498189326396, 0.418774435684747, 0.0 ], [ 121.447594504744259, 0.418666138926964, 0.0 ], [ 121.447705993588642, 0.418484646029453, 0.0 ], [ 121.447606678985068, 0.418142757082256, 0.0 ], [ 121.447468870625599, 0.417968173870813, 0.0 ], [ 121.447301350914159, 0.417549398620158, 0.0 ], [ 121.447105741685078, 0.417214379428747, 0.0 ], [ 121.446756856048168, 0.416837466254653, 0.0 ], [ 121.446338061328461, 0.41648848424967, 0.0 ], [ 121.445933295438593, 0.416181368726169, 0.0 ], [ 121.445737936456169, 0.415999920826974, 0.0 ], [ 121.445123711958416, 0.41583241526502, 0.0 ], [ 121.444760735889929, 0.415734696602347, 0.0 ], [ 121.443909286832806, 0.415567179339886, 0.0 ] ] ], [ [ [ 121.503181925799566, 0.43472708774364, 0.0 ], [ 121.502742003807754, 0.434678210994414, 0.0 ], [ 121.502090108517649, 0.434678221919364, 0.0 ], [ 121.501585038241387, 0.43471080041944, 0.0 ], [ 121.500884522154479, 0.434971528367116, 0.0 ], [ 121.500405254015163, 0.435140057785448, 0.0 ], [ 121.500297720253087, 0.435176424651055, 0.0 ], [ 121.50019101963008, 0.435261157284765, 0.0 ], [ 121.500059885274268, 0.435392377567049, 0.0 ], [ 121.499925667109423, 0.43549900878113, 0.0 ], [ 121.499822052630549, 0.435591937839889, 0.0 ], [ 121.49977009635731, 0.435685584500804, 0.0 ], [ 121.499645954011498, 0.435949183166011, 0.0 ], [ 121.499548160452292, 0.436421722249784, 0.0 ], [ 121.499613532073113, 0.436633532127332, 0.0 ], [ 121.499792613150362, 0.436812756060271, 0.0 ], [ 121.500199919452484, 0.43710606769161, 0.0 ], [ 121.500493283612286, 0.437187524383313, 0.0 ], [ 121.500770381531382, 0.437187544825095, 0.0 ], [ 121.501210331385096, 0.437089772384107, 0.0 ], [ 121.501601448324465, 0.436910520872695, 0.0 ], [ 121.502269381299342, 0.436731290451968, 0.0 ], [ 121.502855888899688, 0.436600938289304, 0.0 ], [ 121.50329585841483, 0.436405410362654, 0.0 ], [ 121.503605552362018, 0.436258751921352, 0.0 ], [ 121.50376848245331, 0.435769938122136, 0.0 ], [ 121.503670862666041, 0.435362575840629, 0.0 ], [ 121.503458981352296, 0.43493894015925, 0.0 ], [ 121.503181925799566, 0.43472708774364, 0.0 ] ] ], [ [ [ 121.517080342943501, 0.434870034874217, 0.0 ], [ 121.516117373354973, 0.434870020697824, 0.0 ], [ 121.515729332625824, 0.435102975385541, 0.0 ], [ 121.515604359050172, 0.435311144792587, 0.0 ], [ 121.515480766903153, 0.435630954881931, 0.0 ], [ 121.515278831874724, 0.436019181799389, 0.0 ], [ 121.515185813060839, 0.436485083318176, 0.0 ], [ 121.515201137982785, 0.437075188438678, 0.0 ], [ 121.515340917464286, 0.437245997045936, 0.0 ], [ 121.515463308450606, 0.437325476973997, 0.0 ], [ 121.51579143173106, 0.437696356678545, 0.0 ], [ 121.516319465547298, 0.43797587961543, 0.0 ], [ 121.517002723763795, 0.438410705414797, 0.0 ], [ 121.517779200171759, 0.438798950369383, 0.0 ], [ 121.518462474132193, 0.439156123435795, 0.0 ], [ 121.519068005579669, 0.439389063567867, 0.0 ], [ 121.519751322782923, 0.439528820824834, 0.0 ], [ 121.520124167624857, 0.439482224974989, 0.0 ], [ 121.520636611931408, 0.439093988720644, 0.0 ], [ 121.520838281843993, 0.438628107715759, 0.0 ], [ 121.52113349051217, 0.43791377456082, 0.0 ], [ 121.521149025612672, 0.437432347273274, 0.0 ], [ 121.520931560430625, 0.436842235782579, 0.0 ], [ 121.520605438488019, 0.436283192579738, 0.0 ], [ 121.520186062148682, 0.435957091609156, 0.0 ], [ 121.519316387847226, 0.43550672025117, 0.0 ], [ 121.5182760061507, 0.435118493800894, 0.0 ], [ 121.517639309088153, 0.434901093973509, 0.0 ], [ 121.517080342943501, 0.434870034874217, 0.0 ] ] ], [ [ [ 121.439102134389586, 0.47336819955686, 0.0 ], [ 121.439070803025146, 0.472869045403649, 0.0 ], [ 121.439055460277359, 0.472432283513706, 0.0 ], [ 121.439055280006727, 0.471979910714397, 0.0 ], [ 121.43905537387981, 0.471558732293191, 0.0 ], [ 121.439024010851909, 0.471199970679174, 0.0 ], [ 121.438868259414193, 0.470934800149018, 0.0 ], [ 121.438681071092105, 0.470638428257546, 0.0 ], [ 121.438415879473936, 0.470154835917684, 0.0 ], [ 121.438069747142436, 0.470061104511225, 0.0 ], [ 121.437744934625272, 0.47004566301692, 0.0 ], [ 121.437464156326357, 0.470217257913789, 0.0 ], [ 121.437432927797801, 0.47051361564681, 0.0 ], [ 121.43749547427646, 0.470778801142239, 0.0 ], [ 121.43777634881404, 0.471433947472848, 0.0 ], [ 121.437885512000534, 0.471636754069253, 0.0 ], [ 121.438103837469072, 0.472042296777646, 0.0 ], [ 121.438119374280561, 0.472869041557659, 0.0 ], [ 121.437900878074714, 0.47322781693631, 0.0 ], [ 121.437526619399108, 0.473368195920658, 0.0 ], [ 121.437339397517377, 0.473227830684779, 0.0 ], [ 121.437323756337918, 0.472869038531103, 0.0 ], [ 121.43746416482, 0.472697447480756, 0.0 ], [ 121.437292698333493, 0.472401079153721, 0.0 ], [ 121.437027462036923, 0.47212030397497, 0.0 ], [ 121.436715366089601, 0.471730320181622, 0.0 ], [ 121.436637414309288, 0.471309159864867, 0.0 ], [ 121.436621804122893, 0.470810009867443, 0.0 ], [ 121.436216262881061, 0.470232838691169, 0.0 ], [ 121.435779441955148, 0.470186037379187, 0.0 ], [ 121.43554552701822, 0.470451225386208, 0.0 ], [ 121.435311607685335, 0.470731993271416, 0.0 ], [ 121.435483074110394, 0.471028396501198, 0.0 ], [ 121.435639078499534, 0.471418344708434, 0.0 ], [ 121.435639261251481, 0.471855136818826, 0.0 ], [ 121.435467656382144, 0.47218269289158, 0.0 ], [ 121.435358388784508, 0.47244787361536, 0.0 ], [ 121.435358315465919, 0.472775468510038, 0.0 ], [ 121.435498896772856, 0.47308744484849, 0.0 ], [ 121.435779629792449, 0.473118632302176, 0.0 ], [ 121.436107228520513, 0.4732278341588, 0.0 ], [ 121.43629441970856, 0.473508590760056, 0.0 ], [ 121.436387842782466, 0.473789362275249, 0.0 ], [ 121.436575040936503, 0.474038960854565, 0.0 ], [ 121.4369494888698, 0.474304145838582, 0.0 ], [ 121.437323947371866, 0.474522521376146, 0.0 ], [ 121.437776212579465, 0.474553712712593, 0.0 ], [ 121.438415763686734, 0.474444517965304, 0.0 ], [ 121.438680845600317, 0.474163757956818, 0.0 ], [ 121.439055433744102, 0.473804982658991, 0.0 ], [ 121.439102134389586, 0.47336819955686, 0.0 ] ] ], [ [ [ 121.440110257249444, 0.595792623846707, 0.0 ], [ 121.440531121995519, 0.595699548919741, 0.0 ], [ 121.441704350393678, 0.595736765395864, 0.0 ], [ 121.442364364485059, 0.595810788573851, 0.0 ], [ 121.44280433568693, 0.595663313856258, 0.0 ], [ 121.443097788329737, 0.595405009084553, 0.0 ], [ 121.443134669651556, 0.595035913675205, 0.0 ], [ 121.443171445913237, 0.594039253399829, 0.0 ], [ 121.443244927241821, 0.593301062409361, 0.0 ], [ 121.44335504176199, 0.593079587647809, 0.0 ], [ 121.443758495070966, 0.593005937203132, 0.0 ], [ 121.444271668839164, 0.593116800138942, 0.0 ], [ 121.444675070806369, 0.593227632016395, 0.0 ], [ 121.44507847286151, 0.593338463906727, 0.0 ], [ 121.44570169971324, 0.593449428663754, 0.0 ], [ 121.446178366625134, 0.593597163682639, 0.0 ], [ 121.446838278964222, 0.594040292326463, 0.0 ], [ 121.447204852071735, 0.594335737868805, 0.0 ], [ 121.447681176752411, 0.594704979378173, 0.0 ], [ 121.448048072036954, 0.594852683566609, 0.0 ], [ 121.448634563277153, 0.594815967183786, 0.0 ], [ 121.449001270748923, 0.594631517499815, 0.0 ], [ 121.449808251880086, 0.594225685551235, 0.0 ], [ 121.450871576117635, 0.593746160580304, 0.0 ], [ 121.451458400104642, 0.593524819294737, 0.0 ], [ 121.451971627231927, 0.593451198989329, 0.0 ], [ 121.452521622185941, 0.593414400791685, 0.0 ], [ 121.453181598590234, 0.593636093634879, 0.0 ], [ 121.453731470775793, 0.594042238750107, 0.0 ], [ 121.454281353364678, 0.594411501501328, 0.0 ], [ 121.454721275234448, 0.594448578647481, 0.0 ], [ 121.455198016244765, 0.594337994677056, 0.0 ], [ 121.455674839348703, 0.593932067634677, 0.0 ], [ 121.456151631685515, 0.593636929337941, 0.0 ], [ 121.456371789461613, 0.59345243711129, 0.0 ], [ 121.45710510393414, 0.593452643109531, 0.0 ], [ 121.457874915954932, 0.593452859255032, 0.0 ], [ 121.458351647265985, 0.59337915721163, 0.0 ], [ 121.458791932428881, 0.593120890549707, 0.0 ], [ 121.459195179213566, 0.592788777493185, 0.0 ], [ 121.459855372099881, 0.592235299163528, 0.0 ], [ 121.460625659106853, 0.591534179317614, 0.0 ], [ 121.461138989757814, 0.591091377669643, 0.0 ], [ 121.461395685536758, 0.590759222828412, 0.0 ], [ 121.461395858072791, 0.590131723273694, 0.0 ], [ 121.461286288085844, 0.589393474591952, 0.0 ], [ 121.460992996933768, 0.589061166607622, 0.0 ], [ 121.460553084160722, 0.58898724367105, 0.0 ], [ 121.460259631018488, 0.589245517087038, 0.0 ], [ 121.459929389651521, 0.58954073344986, 0.0 ], [ 121.459709482410304, 0.58983598044791, 0.0 ], [ 121.459306026584045, 0.589909668555082, 0.0 ], [ 121.458792879449135, 0.589688053225527, 0.0 ], [ 121.458132921415839, 0.589392596520825, 0.0 ], [ 121.457959456377239, 0.589256676104392, 0.0 ], [ 121.457802832571929, 0.589134114437444, 0.0 ], [ 121.457583118379674, 0.588728026856282, 0.0 ], [ 121.457473166541106, 0.588358852483432, 0.0 ], [ 121.457473278032012, 0.587952826187114, 0.0 ], [ 121.457574118264091, 0.587764590563937, 0.0 ], [ 121.457653409455745, 0.58732626099716, 0.0 ], [ 121.45797295370032, 0.587133316763237, 0.0 ], [ 121.458675947094036, 0.587133511940445, 0.0 ], [ 121.459698713059566, 0.587133795739474, 0.0 ], [ 121.460274036895783, 0.586876589448097, 0.0 ], [ 121.460913406622353, 0.586490700064983, 0.0 ], [ 121.461488800830637, 0.585976127345526, 0.0 ], [ 121.462192005696892, 0.585204188169301, 0.0 ], [ 121.462959325945121, 0.584046199123671, 0.0 ], [ 121.463151234506967, 0.583467151509369, 0.0 ], [ 121.463215506909819, 0.582502001734157, 0.0 ], [ 121.463216011660734, 0.580636035007779, 0.0 ], [ 121.463216601379315, 0.57844833402723, 0.0 ], [ 121.462577735242704, 0.576968260340509, 0.0 ], [ 121.460469113626004, 0.5745869546588, 0.0 ], [ 121.460277500645589, 0.574072135613805, 0.0 ], [ 121.460149966856562, 0.573299968167022, 0.0 ], [ 121.460533588542617, 0.572849672882851, 0.0 ], [ 121.461556243623946, 0.572206516703959, 0.0 ], [ 121.462259671259545, 0.571627606363138, 0.0 ], [ 121.462451576066172, 0.571048557815538, 0.0 ], [ 121.462260218059043, 0.569568607008124, 0.0 ], [ 121.461812842518256, 0.569053719372485, 0.0 ], [ 121.461301652101682, 0.568860548780074, 0.0 ], [ 121.460406628756999, 0.568860308416079, 0.0 ], [ 121.458744867641883, 0.568924229685423, 0.0 ], [ 121.457274926444327, 0.568730801191756, 0.0 ], [ 121.456507976736049, 0.568537561851139, 0.0 ], [ 121.456316329055397, 0.568151444522451, 0.0 ], [ 121.456508215804632, 0.567636729994029, 0.0 ], [ 121.456700136493581, 0.566993350321647, 0.0 ], [ 121.456700255730738, 0.566542952014019, 0.0 ], [ 121.456189007156325, 0.565513318069514, 0.0 ], [ 121.456061471262387, 0.564741152518459, 0.0 ], [ 121.455805846782937, 0.564226318168374, 0.0 ], [ 121.455422397725272, 0.564033182890115, 0.0 ], [ 121.455291865947089, 0.563974715318353, 0.0 ], [ 121.454846616623996, 0.56391856595817, 0.0 ], [ 121.453911268645982, 0.563541647861969, 0.0 ], [ 121.453163278180952, 0.562788147436892, 0.0 ], [ 121.45229063658374, 0.560967388900239, 0.0 ], [ 121.452103857542085, 0.560214039050537, 0.0 ], [ 121.452103939901093, 0.559900149307361, 0.0 ], [ 121.452353324659455, 0.559586361121704, 0.0 ], [ 121.452789851867522, 0.559712033010599, 0.0 ], [ 121.453288671924156, 0.559963242112653, 0.0 ], [ 121.453725166436868, 0.56021447005901, 0.0 ], [ 121.454161693967791, 0.560340142056796, 0.0 ], [ 121.455034583736975, 0.560152039784371, 0.0 ], [ 121.455346591617655, 0.559775489627982, 0.0 ], [ 121.455720990802917, 0.559147808303999, 0.0 ], [ 121.45578352962886, 0.55833174537903, 0.0 ], [ 121.455783758787334, 0.557452887886116, 0.0 ], [ 121.456344987224384, 0.557390257965666, 0.0 ], [ 121.456656599462534, 0.557453118284927, 0.0 ], [ 121.457280303849785, 0.557892694264987, 0.0 ], [ 121.457654192941376, 0.558143905430368, 0.0 ], [ 121.458215470979823, 0.557892941065789, 0.0 ], [ 121.458465201814946, 0.55732803899116, 0.0 ], [ 121.458839763266667, 0.556072609932671, 0.0 ], [ 121.459463415708711, 0.55563336195477, 0.0 ], [ 121.460273964332316, 0.555508018314592, 0.0 ], [ 121.460960093582884, 0.555570976499213, 0.0 ], [ 121.461957474143958, 0.556010650390286, 0.0 ], [ 121.462393987237093, 0.556199099650749, 0.0 ], [ 121.46295523344304, 0.556073690296026, 0.0 ], [ 121.463204866481192, 0.555885420884587, 0.0 ], [ 121.463578967872479, 0.55532054957557, 0.0 ], [ 121.464140624527275, 0.554692948749506, 0.0 ], [ 121.465325491885721, 0.554253809821618, 0.0 ], [ 121.465637186246539, 0.554002777711852, 0.0 ], [ 121.466073829391291, 0.553689035026154, 0.0 ], [ 121.466260904059041, 0.553312413512001, 0.0 ], [ 121.466510633689978, 0.552747473075436, 0.0 ], [ 121.466947357129783, 0.552119837983982, 0.0 ], [ 121.46738403220624, 0.551680502483913, 0.0 ], [ 121.467695646051808, 0.551743361706984, 0.0 ], [ 121.468194518693679, 0.551806269484282, 0.0 ], [ 121.469129874090811, 0.552183182668502, 0.0 ], [ 121.46962869892478, 0.552434425879093, 0.0 ], [ 121.470501640855787, 0.552057981183944, 0.0 ], [ 121.47062662187075, 0.551869678041443, 0.0 ], [ 121.471374959815961, 0.55130490032405, 0.0 ], [ 121.473121204925448, 0.550238150972619, 0.0 ], [ 121.47362028612848, 0.549484971788887, 0.0 ], [ 121.474680742116931, 0.548104150123434, 0.0 ], [ 121.475055217823368, 0.54716260195236, 0.0 ], [ 121.475180060228226, 0.54640932557171, 0.0 ], [ 121.474806309056348, 0.545593107889468, 0.0 ], [ 121.474307514173262, 0.545216344209125, 0.0 ], [ 121.473871045507167, 0.544839561229908, 0.0 ], [ 121.473185383127756, 0.54402330010606, 0.0 ], [ 121.4729983449771, 0.543144387732867, 0.0 ], [ 121.473310334768968, 0.542830574172841, 0.0 ], [ 121.473809302731738, 0.542516807993047, 0.0 ], [ 121.474370549627992, 0.542391428601201, 0.0 ], [ 121.474807238707456, 0.541889310397119, 0.0 ], [ 121.475118963366171, 0.541512717588092, 0.0 ], [ 121.475368626926041, 0.541198922921397, 0.0 ], [ 121.475930014954102, 0.540508499700758, 0.0 ], [ 121.476208296307789, 0.540268548465698, 0.0 ], [ 121.476208307205212, 0.540224811837513, 0.0 ], [ 121.476409692076302, 0.53987009427499, 0.0 ], [ 121.476460097336172, 0.539261927516436, 0.0 ], [ 121.476258914228495, 0.538805751082387, 0.0 ], [ 121.475827801871475, 0.538335279496431, 0.0 ], [ 121.475654907828314, 0.538146758705808, 0.0 ], [ 121.474899796234084, 0.537741104196358, 0.0 ], [ 121.473742004432722, 0.537690116565707, 0.0 ], [ 121.472936539046685, 0.537689913763665, 0.0 ], [ 121.472382699420336, 0.53738570275919, 0.0 ], [ 121.472030512215611, 0.536777435849638, 0.0 ], [ 121.471980446990926, 0.536017191664699, 0.0 ], [ 121.472232059583376, 0.535763844310048, 0.0 ], [ 121.472836316217268, 0.535409228166843, 0.0 ], [ 121.473490901883821, 0.534750517387587, 0.0 ], [ 121.474045042212651, 0.533838405575553, 0.0 ], [ 121.474246475689313, 0.533280938009399, 0.0 ], [ 121.474296879208538, 0.532672771716074, 0.0 ], [ 121.473995130942868, 0.531304320712537, 0.0 ], [ 121.473542496462926, 0.530442618751019, 0.0 ], [ 121.473139685970764, 0.530189108025185, 0.0 ], [ 121.472283637568466, 0.530391609731433, 0.0 ], [ 121.471830817064529, 0.530290140031057, 0.0 ], [ 121.471780456475756, 0.529580592213045, 0.0 ], [ 121.471982243826147, 0.528719053545438, 0.0 ], [ 121.472384983929629, 0.52811097499597, 0.0 ], [ 121.472536161985133, 0.527553494946468, 0.0 ], [ 121.47238521883915, 0.527148028963369, 0.0 ], [ 121.472133817548439, 0.526539788594186, 0.0 ], [ 121.471847299336787, 0.526049392105436, 0.0 ], [ 121.471630366957086, 0.525678075722462, 0.0 ], [ 121.471077127822312, 0.524056119664999, 0.0 ], [ 121.470473206316257, 0.523042329771543, 0.0 ], [ 121.470322274977192, 0.522586168246812, 0.0 ], [ 121.470372614439569, 0.522231413166034, 0.0 ], [ 121.470825849851082, 0.52177539960561, 0.0 ], [ 121.47102727981374, 0.521217931825939, 0.0 ], [ 121.470977111691113, 0.520863152036747, 0.0 ], [ 121.470624945544202, 0.520153531063742, 0.0 ], [ 121.470222171769507, 0.519747969172828, 0.0 ], [ 121.470063842223865, 0.519700095960233, 0.0 ], [ 121.470050374534324, 0.519666248108601, 0.0 ], [ 121.469552150072019, 0.519248086222683, 0.0 ], [ 121.469261698117435, 0.518746423572951, 0.0 ], [ 121.469469340368477, 0.518035809080901, 0.0 ], [ 121.469718723389633, 0.517701451536405, 0.0 ], [ 121.470300249431546, 0.517283587633814, 0.0 ], [ 121.470964545699672, 0.517074746172001, 0.0 ], [ 121.471587542375957, 0.516991274937455, 0.0 ], [ 121.472002816633875, 0.516782372813233, 0.0 ], [ 121.472335099679043, 0.516113616084839, 0.0 ], [ 121.472750453639065, 0.515570295020255, 0.0 ], [ 121.473082845655554, 0.514441703283035, 0.0 ], [ 121.473456896529655, 0.512853321861088, 0.0 ], [ 121.473996920915312, 0.512226407314324, 0.0 ], [ 121.47449534524192, 0.511808520781302, 0.0 ], [ 121.474993809000452, 0.511223424512445, 0.0 ], [ 121.475024700686646, 0.511183016162712, 0.0 ], [ 121.475699823331354, 0.510303923025228, 0.0 ], [ 121.475907625215328, 0.510094969455225, 0.0 ], [ 121.476198296563837, 0.509677032412563, 0.0 ], [ 121.476406245621092, 0.508841033836242, 0.0 ], [ 121.476613815628141, 0.508423041431465, 0.0 ], [ 121.476945978431985, 0.508255910669435, 0.0 ], [ 121.477361173828882, 0.508381425344355, 0.0 ], [ 121.477568858056927, 0.508674100482169, 0.0 ], [ 121.477693421545524, 0.50905034311353, 0.0 ], [ 121.477651694368774, 0.509802759267623, 0.0 ], [ 121.477734697284433, 0.510220821003786, 0.0 ], [ 121.478025270589939, 0.510220890221306, 0.0 ], [ 121.478399013850279, 0.509928353289028, 0.0 ], [ 121.478565294704609, 0.50959397327948, 0.0 ], [ 121.478648513528611, 0.509092363677803, 0.0 ], [ 121.478607178327053, 0.508172717654114, 0.0 ], [ 121.478399581860543, 0.507503829307625, 0.0 ], [ 121.478441220325394, 0.507127625992902, 0.0 ], [ 121.478856503868229, 0.506876891882273, 0.0 ], [ 121.479147077176577, 0.506876960595485, 0.0 ], [ 121.479603833375762, 0.506960691180795, 0.0 ], [ 121.479894668038781, 0.507044347216671, 0.0 ], [ 121.48014371038667, 0.506960818795869, 0.0 ], [ 121.480642173279151, 0.506375684078479, 0.0 ], [ 121.48122402846505, 0.504536546693161, 0.0 ], [ 121.48144031922368, 0.504039171571983, 0.0 ], [ 121.481468155327775, 0.503857342068352, 0.0 ], [ 121.481915017682724, 0.503021891251913, 0.0 ], [ 121.48233028020735, 0.502861314201235, 0.0 ], [ 121.482840967250041, 0.502829284726873, 0.0 ], [ 121.483223914268322, 0.502797260646064, 0.0 ], [ 121.483638851754819, 0.502829471377923, 0.0 ], [ 121.484181529499352, 0.502861747291421, 0.0 ], [ 121.484660596188064, 0.502379800520218, 0.0 ], [ 121.485107657555901, 0.501897881362838, 0.0 ], [ 121.485586554079404, 0.500933910418881, 0.0 ], [ 121.486001824314485, 0.500741183409596, 0.0 ], [ 121.486289029343311, 0.500741250188889, 0.0 ], [ 121.4867039304701, 0.500934170325289, 0.0 ], [ 121.487023067130679, 0.501255593831055, 0.0 ], [ 121.487374223852498, 0.501512762061411, 0.0 ], [ 121.487789162088802, 0.501545007671149, 0.0 ], [ 121.488459581232661, 0.50157727735443, 0.0 ], [ 121.488906591317601, 0.501320294552813, 0.0 ], [ 121.489130111101446, 0.501127522580917, 0.0 ], [ 121.489130250934295, 0.500516937132937, 0.0 ], [ 121.489162115141212, 0.499906359033213, 0.0 ], [ 121.489321948969163, 0.499520783542033, 0.0 ], [ 121.489481509317926, 0.49910302349823, 0.0 ], [ 121.489417867435577, 0.498717396246144, 0.0 ], [ 121.489194428547563, 0.498556634465545, 0.0 ], [ 121.488715516240774, 0.498363735262445, 0.0 ], [ 121.488556131907842, 0.498010199814773, 0.0 ], [ 121.488715896537101, 0.496692618696963, 0.0 ], [ 121.488875751595884, 0.496210631117159, 0.0 ], [ 121.489099248884216, 0.496114270564378, 0.0 ], [ 121.489514223648186, 0.495985804889835, 0.0 ], [ 121.490248409090583, 0.495857447774144, 0.0 ], [ 121.490663413123769, 0.495600456105309, 0.0 ], [ 121.491014694597098, 0.495311300579652, 0.0 ], [ 121.491157904202254, 0.494902976135174, 0.0 ], [ 121.499763808142305, 0.484213466785492, 0.0 ], [ 121.499762771918128, 0.484201034505753, 0.0 ], [ 121.499737287705969, 0.483908082236554, 0.0 ], [ 121.499638542470421, 0.483551274385201, 0.0 ], [ 121.499559113333646, 0.483449509631954, 0.0 ], [ 121.499253186568126, 0.483041888043649, 0.0 ], [ 121.49899861123771, 0.48274892021312, 0.0 ], [ 121.498667386383318, 0.482481442715991, 0.0 ], [ 121.49808155093578, 0.482086547701614, 0.0 ], [ 121.497775579630783, 0.48188273884782, 0.0 ], [ 121.49753358275305, 0.481844529540014, 0.0 ], [ 121.49725339015113, 0.481870010779266, 0.0 ], [ 121.497049549994813, 0.481946452082686, 0.0 ], [ 121.496858635457301, 0.481971916945882, 0.0 ], [ 121.496514757290029, 0.48179357175198, 0.0 ], [ 121.496285422606789, 0.481628005227845, 0.0 ], [ 121.495903141073157, 0.481182176595256, 0.0 ], [ 121.495559374589433, 0.480494319329709, 0.0 ], [ 121.495457519158862, 0.480239576807699, 0.0 ], [ 121.495291936217896, 0.479972066106375, 0.0 ], [ 121.495138933591676, 0.479946595493023, 0.0 ], [ 121.494998807303332, 0.480099431651153, 0.0 ], [ 121.494833149189617, 0.480175881438631, 0.0 ], [ 121.494693080511098, 0.480061244542833, 0.0 ], [ 121.494654923843939, 0.479946594067408, 0.0 ], [ 121.494680530845073, 0.479679090542832, 0.0 ], [ 121.494680291393152, 0.479488032516544, 0.0 ], [ 121.494680338683949, 0.47927150256906, 0.0 ], [ 121.494642218122664, 0.478991266130028, 0.0 ], [ 121.494336578466772, 0.478558173950132, 0.0 ], [ 121.493814186638133, 0.478188766395986, 0.0 ], [ 121.493279150626009, 0.477870301028575, 0.0 ], [ 121.493037176549322, 0.47773020423059, 0.0 ], [ 121.492846276396932, 0.477691972216858, 0.0 ], [ 121.492720774116805, 0.477730912152667, 0.0 ], [ 121.492642414665426, 0.477870301464848, 0.0 ], [ 121.492616814290983, 0.478112333698037, 0.0 ], [ 121.492769740770285, 0.478481729043016, 0.0 ], [ 121.492871524700021, 0.479067679069471, 0.0 ], [ 121.492884380626208, 0.479335190894252, 0.0 ], [ 121.492693385731201, 0.479730053506903, 0.0 ], [ 121.492425740575825, 0.48015040535259, 0.0 ], [ 121.491941650435137, 0.480519801243977, 0.0 ], [ 121.491534218842943, 0.480825516035059, 0.0 ], [ 121.491088304775943, 0.481220392003161, 0.0 ], [ 121.490617131802949, 0.481577036153106, 0.0 ], [ 121.490311346747447, 0.481806322087967, 0.0 ], [ 121.490005559779704, 0.482048361092095, 0.0 ], [ 121.489648996366952, 0.482112049920351, 0.0 ], [ 121.489253942070562, 0.48230308971136, 0.0 ], [ 121.488820976097443, 0.482545135305594, 0.0 ], [ 121.488426222746455, 0.482647041363319, 0.0 ], [ 121.487891087348956, 0.482787140970701, 0.0 ], [ 121.487521592940283, 0.482927242306212, 0.0 ], [ 121.487228754279755, 0.483016416962849, 0.0 ], [ 121.486935878110131, 0.483271176063064, 0.0 ], [ 121.486680903246594, 0.483525944492262, 0.0 ], [ 121.486389517220985, 0.483682057806982, 0.0 ], [ 121.486324312012897, 0.483716992224829, 0.0 ], [ 121.485942184553096, 0.483857125646141, 0.0 ], [ 121.485534536963812, 0.483869858603762, 0.0 ], [ 121.485305202908776, 0.483704257056532, 0.0 ], [ 121.485178064501682, 0.483525925377685, 0.0 ], [ 121.484974014639164, 0.483283913951853, 0.0 ], [ 121.48461748861277, 0.483182016954169, 0.0 ], [ 121.484299115995086, 0.483207487849961, 0.0 ], [ 121.484069701074077, 0.483411281726136, 0.0 ], [ 121.484069667163766, 0.483564149049913, 0.0 ], [ 121.48419710080519, 0.48367878389091, 0.0 ], [ 121.48438827768112, 0.483729735334153, 0.0 ], [ 121.484502788499896, 0.483882592269617, 0.0 ], [ 121.484515660445368, 0.484073652236043, 0.0 ], [ 121.484464533383672, 0.484213789342584, 0.0 ], [ 121.484184347962142, 0.484213796813763, 0.0 ], [ 121.483725894447161, 0.484188292274483, 0.0 ], [ 121.483088862529286, 0.484264741599043, 0.0 ], [ 121.482617746865117, 0.484366628615022, 0.0 ], [ 121.48222275375295, 0.484290194590224, 0.0 ], [ 121.482116637417136, 0.48426370940267, 0.0 ], [ 121.481675022338763, 0.484264740334099, 0.0 ], [ 121.481191012476614, 0.484277455703301, 0.0 ], [ 121.480528729179355, 0.484290201339847, 0.0 ], [ 121.480006254024289, 0.484315696289998, 0.0 ], [ 121.479585980062978, 0.484302954107933, 0.0 ], [ 121.479293181118322, 0.484213789118053, 0.0 ], [ 121.47887263178643, 0.484175575056093, 0.0 ], [ 121.478286714995789, 0.484175583757577, 0.0 ], [ 121.477662633060163, 0.484099133158482, 0.0 ], [ 121.477305819529789, 0.484035460772718, 0.0 ], [ 121.476796299280508, 0.483882585472921, 0.0 ], [ 121.47622332297064, 0.483767956869778, 0.0 ], [ 121.475853878538175, 0.483691527680401, 0.0 ], [ 121.475650108264276, 0.483462235767122, 0.0 ], [ 121.475204309637462, 0.483347599815191, 0.0 ], [ 121.474745619540712, 0.48313107397349, 0.0 ], [ 121.474376169710155, 0.483080117513106, 0.0 ], [ 121.474236085755052, 0.483041896318896, 0.0 ], [ 121.474210563930313, 0.48292724962196, 0.0 ], [ 121.474121323771328, 0.482761680319336, 0.0 ], [ 121.473930431031476, 0.482697975926109, 0.0 ], [ 121.473344574468939, 0.482430478072553, 0.0 ], [ 121.472834811867557, 0.482112017873719, 0.0 ], [ 121.472338498146229, 0.48191480924971, 0.0 ], [ 121.471461316427153, 0.481257007980611, 0.0 ], [ 121.470823838549563, 0.480832040912853, 0.0 ], [ 121.470302321851278, 0.480349090661684, 0.0 ], [ 121.46989494855876, 0.479897744691841, 0.0 ], [ 121.469587441198115, 0.479557044380056, 0.0 ], [ 121.468950010997418, 0.478919541804883, 0.0 ], [ 121.468138839028967, 0.47810818557326, 0.0 ], [ 121.467095522036431, 0.477161611753578, 0.0 ], [ 121.465762489362675, 0.476157070201503, 0.0 ], [ 121.464758102373281, 0.475635505999365, 0.0 ], [ 121.463811570454126, 0.475017332249843, 0.0 ], [ 121.462768433271094, 0.474534373594464, 0.0 ], [ 121.462111574184689, 0.474167342970082, 0.0 ], [ 121.461319358586763, 0.473974167165307, 0.0 ], [ 121.460469574317855, 0.473858241597495, 0.0 ], [ 121.460025174247065, 0.473780985813325, 0.0 ], [ 121.459851420202398, 0.47366507045246, 0.0 ], [ 121.45973549837764, 0.473549168044966, 0.0 ], [ 121.459735532492658, 0.473394606707282, 0.0 ], [ 121.459542143480917, 0.473201460141785, 0.0 ], [ 121.459329616175211, 0.473220772238329, 0.0 ], [ 121.459310474472318, 0.47345259138896, 0.0 ], [ 121.459387632380214, 0.473665072472178, 0.0 ], [ 121.459310410481024, 0.473742353479904, 0.0 ], [ 121.458924107882751, 0.473742337526799, 0.0 ], [ 121.458402499992985, 0.473684388770072, 0.0 ], [ 121.457803731064502, 0.473433248115844, 0.0 ], [ 121.457050251188505, 0.473278729811026, 0.0 ], [ 121.45658647682248, 0.473220758762797, 0.0 ], [ 121.456467721438457, 0.473224053114966, 0.0 ], [ 121.456058974616653, 0.473157791993221, 0.0 ], [ 121.45565556902497, 0.473061750179342, 0.0 ], [ 121.455194687233217, 0.47262008094056, 0.0 ], [ 121.454119395437075, 0.471563883328345, 0.0 ], [ 121.452928816650584, 0.470065988690686, 0.0 ], [ 121.451584643054417, 0.468702556221982, 0.0 ], [ 121.450432178247993, 0.467511921346579, 0.0 ], [ 121.449510654344579, 0.466820594163968, 0.0 ], [ 121.448665430317277, 0.466417314020999, 0.0 ], [ 121.448146963496612, 0.466129240817663, 0.0 ], [ 121.447225323765934, 0.46597560632791, 0.0 ], [ 121.44641876220075, 0.465937202977455, 0.0 ], [ 121.445093643252321, 0.466033247542645, 0.0 ], [ 121.445038288942555, 0.466029714401132, 0.0 ], [ 121.444191074245595, 0.46597563858584, 0.0 ], [ 121.443019832099921, 0.465937224343742, 0.0 ], [ 121.442577904086534, 0.466129239246209, 0.0 ], [ 121.442078645898505, 0.466590156526729, 0.0 ], [ 121.44184834138278, 0.467031810309785, 0.0 ], [ 121.441805589120335, 0.467393487826344, 0.0 ], [ 121.441757271745615, 0.467529524115066, 0.0 ], [ 121.441757183864084, 0.467927916880421, 0.0 ], [ 121.441458343864582, 0.468525563030413, 0.0 ], [ 121.441402157011908, 0.468700776749502, 0.0 ], [ 121.44113172914868, 0.469036330323406, 0.0 ], [ 121.440892952733606, 0.469699734490918, 0.0 ], [ 121.440866427756987, 0.470310053122462, 0.0 ], [ 121.440945998966157, 0.471026519892285, 0.0 ], [ 121.440972498597276, 0.471796073501211, 0.0 ], [ 121.440972380387308, 0.472326768945601, 0.0 ], [ 121.440972542327813, 0.472857499723859, 0.0 ], [ 121.44078682503843, 0.473520879232873, 0.0 ], [ 121.440574460447465, 0.474078163604057, 0.0 ], [ 121.440229322747882, 0.474555788588064, 0.0 ], [ 121.439751920830417, 0.475192641526804, 0.0 ], [ 121.439035327758248, 0.475829510192697, 0.0 ], [ 121.438504620675346, 0.476307163570703, 0.0 ], [ 121.437841099831218, 0.476890945695922, 0.0 ], [ 121.437098164899325, 0.477315521755032, 0.0 ], [ 121.436579194748646, 0.478032274504451, 0.0 ], [ 121.434934301079466, 0.479432184806443, 0.0 ], [ 121.433539783029801, 0.481025851773191, 0.0 ], [ 121.433340734741563, 0.48227089617268, 0.0 ], [ 121.433988128177134, 0.483466149492111, 0.0 ], [ 121.435033938112497, 0.48446221091603, 0.0 ], [ 121.435780920310634, 0.484761010996708, 0.0 ], [ 121.436727004589898, 0.484810795263728, 0.0 ], [ 121.437086303174482, 0.485026379095758, 0.0 ], [ 121.437297409917591, 0.485071117805917, 0.0 ], [ 121.437571953359438, 0.485162645523766, 0.0 ], [ 121.437694043638302, 0.485299957026024, 0.0 ], [ 121.437709348219983, 0.485894916794764, 0.0 ], [ 121.437678669888115, 0.486230524160662, 0.0 ], [ 121.43769397420877, 0.486825483025947, 0.0 ], [ 121.437648350123823, 0.487450916535907, 0.0 ], [ 121.43751083506119, 0.488457762219356, 0.0 ], [ 121.437449791331659, 0.488991692865896, 0.0 ], [ 121.437434532499225, 0.489418837277115, 0.0 ], [ 121.437343199405603, 0.489815476765302, 0.0 ], [ 121.437144893779376, 0.490257875921367, 0.0 ], [ 121.437068454389532, 0.490593507634367, 0.0 ], [ 121.436992218169706, 0.491264717588118, 0.0 ], [ 121.437114293933973, 0.491463041501498, 0.0 ], [ 121.437129674829094, 0.491722386743846, 0.0 ], [ 121.437083860360616, 0.491951229601577, 0.0 ], [ 121.436885618182913, 0.49211902530442, 0.0 ], [ 121.436763446584308, 0.492332588487913, 0.0 ], [ 121.43674824127902, 0.492530902482029, 0.0 ], [ 121.436870330233972, 0.492668227188035, 0.0 ], [ 121.437160065610016, 0.492622440237626, 0.0 ], [ 121.437526191004366, 0.492454648906397, 0.0 ], [ 121.437877156421109, 0.492286818648617, 0.0 ], [ 121.438243217982972, 0.49239363052405, 0.0 ], [ 121.438273776608284, 0.492576671382254, 0.0 ], [ 121.43827371621002, 0.492836013128021, 0.0 ], [ 121.438319412584519, 0.493110626399522, 0.0 ], [ 121.438472110913182, 0.493217388016491, 0.0 ], [ 121.438617812055355, 0.49323455705637, 0.0 ], [ 121.438746650946641, 0.493324178431402, 0.0 ], [ 121.438960192343202, 0.493766569159541, 0.0 ], [ 121.438960114021683, 0.494102182944482, 0.0 ], [ 121.438960071276583, 0.494285251915132, 0.0 ], [ 121.439036375901679, 0.494529350200183, 0.0 ], [ 121.439295745282237, 0.494681886816943, 0.0 ], [ 121.439753332405985, 0.494773423874876, 0.0 ], [ 121.440363578864321, 0.495139564562423, 0.0 ], [ 121.440897726239641, 0.495581960308237, 0.0 ], [ 121.441340096619697, 0.495917574409725, 0.0 ], [ 121.441889109691147, 0.496420985328365, 0.0 ], [ 121.442102651069689, 0.496863376931893, 0.0 ], [ 121.442300967045142, 0.497580368003562, 0.0 ], [ 121.442301133655434, 0.498068564524105, 0.0 ], [ 121.442316441398674, 0.498633002364217, 0.0 ], [ 121.442346938681681, 0.499075384989859, 0.0 ], [ 121.442316290683948, 0.499273708605168, 0.0 ], [ 121.442131433843542, 0.499415176674782, 0.0 ], [ 121.442057119593585, 0.499472048216391, 0.0 ], [ 121.441812841758377, 0.499609344734723, 0.0 ], [ 121.44109593454283, 0.500341591252722, 0.0 ], [ 121.440623100429988, 0.500616187610729, 0.0 ], [ 121.43996694965557, 0.500860251878014, 0.0 ], [ 121.439463568503427, 0.500906021919371, 0.0 ], [ 121.438960199199045, 0.500906007022576, 0.0 ], [ 121.438655075966409, 0.50072297160109, 0.0 ], [ 121.438609366076406, 0.500509368444594, 0.0 ], [ 121.438624580227867, 0.500280553542014, 0.0 ], [ 121.438700736448482, 0.4999601834814, 0.0 ], [ 121.438731499794571, 0.499273700794882, 0.0 ], [ 121.438731261778386, 0.499090667051165, 0.0 ], [ 121.438487369828721, 0.498785552644625, 0.0 ], [ 121.438222545411747, 0.498626660309513, 0.0 ], [ 121.438182246601244, 0.498602481375458, 0.0 ], [ 121.437914716823542, 0.498532713051895, 0.0 ], [ 121.437763136386977, 0.505041301982105, 0.0 ], [ 121.437907435908286, 0.509062630645411, 0.0 ], [ 121.438061595922463, 0.519322327289311, 0.0 ], [ 121.438771601884042, 0.52157048465447, 0.0 ], [ 121.438908902864398, 0.524904830795884, 0.0 ], [ 121.438778460941279, 0.525619338777731, 0.0 ], [ 121.439110584091594, 0.525600981233802, 0.0 ], [ 121.436838952025397, 0.536233759175646, 0.0 ], [ 121.433161400514535, 0.547562276470552, 0.0 ], [ 121.42526446702243, 0.555925989360455, 0.0 ], [ 121.424431248731892, 0.556808452391637, 0.0 ], [ 121.424025857124761, 0.556808343290287, 0.0 ], [ 121.42336996854327, 0.55919917187464, 0.0 ], [ 121.423307507037791, 0.561809614898871, 0.0 ], [ 121.423368401360179, 0.565041644640134, 0.0 ], [ 121.423367948197779, 0.566719809956532, 0.0 ], [ 121.422565053181884, 0.567651883996172, 0.0 ], [ 121.419909983077133, 0.569018540681591, 0.0 ], [ 121.418860085365793, 0.569764120340936, 0.0 ], [ 121.416451873829558, 0.570820063045234, 0.0 ], [ 121.413796789561644, 0.572248849639516, 0.0 ], [ 121.412469758068767, 0.575184644533459, 0.0 ], [ 121.412745638527966, 0.577531625915321, 0.0 ], [ 121.412903231859062, 0.579202372998759, 0.0 ], [ 121.413574603612361, 0.580793708269959, 0.0 ], [ 121.415188451536466, 0.583297500841988, 0.0 ], [ 121.415750003323396, 0.584059990759948, 0.0 ], [ 121.416069937531589, 0.584459988178958, 0.0 ], [ 121.416769893303155, 0.585230007404407, 0.0 ], [ 121.417359865469123, 0.585760016325425, 0.0 ], [ 121.418000096345338, 0.586270009107474, 0.0 ], [ 121.418750123138722, 0.586689983618109, 0.0 ], [ 121.419070108226748, 0.586909988296939, 0.0 ], [ 121.419330028422081, 0.587079987520349, 0.0 ], [ 121.419450110554664, 0.587349994439216, 0.0 ], [ 121.419709963333077, 0.587760008764108, 0.0 ], [ 121.419940071407893, 0.588119990951634, 0.0 ], [ 121.420229924279198, 0.588670016929464, 0.0 ], [ 121.420509937020199, 0.58926999334397, 0.0 ], [ 121.4208301269759, 0.589760006811461, 0.0 ], [ 121.421020125343773, 0.589990007941958, 0.0 ], [ 121.421289871752904, 0.590160010428713, 0.0 ], [ 121.421950090020246, 0.590479983959939, 0.0 ], [ 121.422480077352844, 0.590679983358315, 0.0 ], [ 121.422763628500377, 0.590679463824743, 0.0 ], [ 121.423036711778337, 0.590964034686729, 0.0 ], [ 121.42336427757273, 0.591184042400465, 0.0 ], [ 121.423546168463872, 0.591294033789795, 0.0 ], [ 121.42355037961957, 0.591294034993632, 0.0 ], [ 121.424128711721778, 0.591294200316854, 0.0 ], [ 121.424383606416455, 0.591367577894823, 0.0 ], [ 121.424601973438797, 0.591550884486418, 0.0 ], [ 121.424820299116774, 0.591880800591697, 0.0 ], [ 121.425038645484605, 0.592137412007902, 0.0 ], [ 121.42525702291239, 0.592284048669649, 0.0 ], [ 121.425875762052314, 0.592357530430591, 0.0 ], [ 121.42601023369032, 0.592374490813734, 0.0 ], [ 121.426032411685838, 0.59237728803752, 0.0 ], [ 121.426458285395213, 0.592431001810682, 0.0 ], [ 121.426785903511046, 0.592467730223349, 0.0 ], [ 121.427040757216744, 0.592687717557298, 0.0 ], [ 121.427222545032919, 0.593164162629849, 0.0 ], [ 121.427258969337373, 0.593420722306996, 0.0 ], [ 121.427440829522425, 0.593640724212756, 0.0 ], [ 121.427732231833943, 0.593677407078923, 0.0 ], [ 121.428169142589084, 0.593420982784325, 0.0 ], [ 121.428606084377165, 0.593054618697346, 0.0 ], [ 121.429006477690336, 0.592871523885856, 0.0 ], [ 121.429334116904229, 0.592834947360048, 0.0 ], [ 121.429734739431552, 0.592835061766132, 0.0 ], [ 121.429953107112922, 0.593018404099803, 0.0 ], [ 121.430207971645686, 0.593201686232385, 0.0 ], [ 121.430717295997624, 0.594008150871099, 0.0 ], [ 121.431081235876746, 0.594667893650262, 0.0 ], [ 121.431408792742999, 0.594924537143919, 0.0 ], [ 121.43177287756626, 0.595071251331029, 0.0 ], [ 121.43253733599829, 0.595108140269156, 0.0 ], [ 121.433229154100744, 0.594888458362357, 0.0 ], [ 121.433848050907869, 0.594412134668269, 0.0 ], [ 121.434394286185864, 0.593752650830596, 0.0 ], [ 121.434794950987822, 0.593606154857377, 0.0 ], [ 121.435013381181932, 0.593569546884724, 0.0 ], [ 121.435268256770115, 0.593716229731926, 0.0 ], [ 121.435704962690266, 0.594192784516893, 0.0 ], [ 121.435843068147904, 0.594268637297306, 0.0 ], [ 121.436105243943203, 0.59441277873085, 0.0 ], [ 121.436505857572854, 0.594449563187753, 0.0 ], [ 121.437015400605247, 0.594486378675478, 0.0 ], [ 121.437561440716323, 0.594523204532508, 0.0 ], [ 121.437998219345587, 0.594743209269781, 0.0 ], [ 121.438398720014661, 0.595183084075161, 0.0 ], [ 121.438689740105175, 0.595586328166257, 0.0 ], [ 121.43894458524457, 0.595842951540719, 0.0 ], [ 121.439235698251508, 0.59591630451437, 0.0 ], [ 121.439818277324321, 0.595806530432812, 0.0 ], [ 121.440110257249444, 0.595792623846707, 0.0 ] ] ] ] } },
{ "type": "Feature", "properties": { "KEC_NO": "011", "KECAMATAN": "POPAYATO BARAT" }, "geometry": { "type": "MultiPolygon", "coordinates": [ [ [ [ 121.412522869034888, 0.477274844672974, 0.0 ], [ 121.412570178664168, 0.476638573733216, 0.0 ], [ 121.412735094886003, 0.476096584638634, 0.0 ], [ 121.412593668092796, 0.475813826000175, 0.0 ], [ 121.412193078454536, 0.475719550935442, 0.0 ], [ 121.41165104510344, 0.475413207407031, 0.0 ], [ 121.411297684051561, 0.475036182400705, 0.0 ], [ 121.410897093795214, 0.474941906566721, 0.0 ], [ 121.410378541271172, 0.47508330844626, 0.0 ], [ 121.410213694534207, 0.475318939074957, 0.0 ], [ 121.409954272328349, 0.475413203068368, 0.0 ], [ 121.409718794074223, 0.475153986625036, 0.0 ], [ 121.410189956260467, 0.474776941241943, 0.0 ], [ 121.410567055068285, 0.474470599154512, 0.0 ], [ 121.410567092710266, 0.474305655561684, 0.0 ], [ 121.41019009076274, 0.474187822594567, 0.0 ], [ 121.410166568015697, 0.473928619988166, 0.0 ], [ 121.410189949281957, 0.473575140256636, 0.0 ], [ 121.409930888958087, 0.473315918557419, 0.0 ], [ 121.409435960818556, 0.473268783767304, 0.0 ], [ 121.408611184141904, 0.473150953401217, 0.0 ], [ 121.407998601424381, 0.473221678141593, 0.0 ], [ 121.407857040480437, 0.473528003867, 0.0 ], [ 121.407833415605225, 0.47371654065496, 0.0 ], [ 121.407698591267405, 0.474027177243678, 0.0 ], [ 121.40743299962601, 0.474093566801441, 0.0 ], [ 121.407150234081428, 0.474376331322039, 0.0 ], [ 121.407055847417254, 0.474635576759689, 0.0 ], [ 121.40705602520589, 0.475083279577885, 0.0 ], [ 121.4068908605188, 0.475483888246612, 0.0 ], [ 121.406608089366173, 0.47579025133067, 0.0 ], [ 121.405806836042387, 0.475931621858132, 0.0 ], [ 121.405147014322296, 0.476332256017579, 0.0 ], [ 121.404840892828801, 0.476850682567624, 0.0 ], [ 121.404440189906495, 0.477251270863225, 0.0 ], [ 121.4039924220302, 0.47722770851915, 0.0 ], [ 121.403638909932738, 0.477510491619552, 0.0 ], [ 121.403662453680312, 0.477675440168239, 0.0 ], [ 121.403733095731369, 0.478123194007222, 0.0 ], [ 121.403733224397342, 0.478783000600051, 0.0 ], [ 121.404016037116008, 0.479513528034241, 0.0 ], [ 121.404110287963661, 0.479843436316445, 0.0 ], [ 121.404086602318131, 0.480291168144146, 0.0 ], [ 121.404227989357892, 0.480738903535842, 0.0 ], [ 121.404416578319399, 0.481021671728525, 0.0 ], [ 121.404605128926363, 0.48146941834795, 0.0 ], [ 121.404510933849551, 0.482105675576631, 0.0 ], [ 121.404534389434843, 0.482647671933316, 0.0 ], [ 121.404746565562803, 0.482906882346005, 0.0 ], [ 121.405005647086327, 0.483071816169582, 0.0 ], [ 121.405288464282648, 0.483778781927251, 0.0 ], [ 121.405430042939898, 0.484603565713142, 0.0 ], [ 121.40552423802292, 0.485169106516751, 0.0 ], [ 121.405806829665181, 0.485640404361147, 0.0 ], [ 121.406443131845549, 0.486182405678219, 0.0 ], [ 121.407267908433383, 0.486300241427111, 0.0 ], [ 121.408163458663523, 0.486300241604125, 0.0 ], [ 121.408493297288302, 0.486418066496634, 0.0 ], [ 121.408729066567602, 0.486630156966709, 0.0 ], [ 121.409223999820824, 0.486653696133236, 0.0 ], [ 121.409530333996983, 0.486441628484195, 0.0 ], [ 121.409812865731524, 0.485970322727817, 0.0 ], [ 121.410260745528689, 0.485522584331237, 0.0 ], [ 121.410504475915673, 0.485305908197668, 0.0 ], [ 121.410354897435127, 0.485074867865646, 0.0 ], [ 121.410048673372756, 0.484815633555983, 0.0 ], [ 121.410048772291233, 0.484391458512805, 0.0 ], [ 121.410307991808551, 0.483967308448845, 0.0 ], [ 121.411085478355346, 0.4834253229743, 0.0 ], [ 121.411698232826495, 0.48262410089193, 0.0 ], [ 121.412334343206425, 0.481587250873021, 0.0 ], [ 121.412617219469197, 0.480833147365293, 0.0 ], [ 121.412617107808387, 0.480102647863072, 0.0 ], [ 121.412499410002042, 0.479183613506011, 0.0 ], [ 121.412475963642251, 0.478594488707377, 0.0 ], [ 121.412782059155191, 0.478193876607173, 0.0 ], [ 121.412782140328389, 0.477840391048394, 0.0 ], [ 121.412522869034888, 0.477274844672974, 0.0 ] ] ], [ [ [ 121.38877150553688, 0.852307781548882, 0.0 ], [ 121.389000483076558, 0.851917374059967, 0.0 ], [ 121.389252153856233, 0.851642141833446, 0.0 ], [ 121.38967178267788, 0.851206454509183, 0.0 ], [ 121.390160234422353, 0.850679016441562, 0.0 ], [ 121.390358509189809, 0.85053016126289, 0.0 ], [ 121.390602566017535, 0.850335470865752, 0.0 ], [ 121.391068095351287, 0.850245299848255, 0.0 ], [ 121.391273893267325, 0.850234717443614, 0.0 ], [ 121.391472382093056, 0.850247023841115, 0.0 ], [ 121.391792694655123, 0.850317458883624, 0.0 ], [ 121.392631999144498, 0.850689380168328, 0.0 ], [ 121.393295894093924, 0.850910946919407, 0.0 ], [ 121.393730764612982, 0.85095882071589, 0.0 ], [ 121.394173201344671, 0.851041247484056, 0.0 ], [ 121.394279897822287, 0.851018682908248, 0.0 ], [ 121.394966667908065, 0.850917935353594, 0.0 ], [ 121.395790579881734, 0.850495556883439, 0.0 ], [ 121.396339837170444, 0.850256127900666, 0.0 ], [ 121.396957860618514, 0.850063005913819, 0.0 ], [ 121.397888735997427, 0.849652470159449, 0.0 ], [ 121.398018478252595, 0.849572473136399, 0.0 ], [ 121.398407438544297, 0.849297790658392, 0.0 ], [ 121.398804345190683, 0.848816023860736, 0.0 ], [ 121.399162774005234, 0.848368578758433, 0.0 ], [ 121.399498499331884, 0.847828920238962, 0.0 ], [ 121.399742655597834, 0.847392519935157, 0.0 ], [ 121.399971436260344, 0.846794950773892, 0.0 ], [ 121.400185079558952, 0.846139579994558, 0.0 ], [ 121.400436891163764, 0.845519057450099, 0.0 ], [ 121.400734335561225, 0.844530374203538, 0.0 ], [ 121.40079535835622, 0.84428883249779, 0.0 ], [ 121.400947968532549, 0.843898106839384, 0.0 ], [ 121.401405764651514, 0.843497121161833, 0.0 ], [ 121.401772164841617, 0.843464135801967, 0.0 ], [ 121.402390028305746, 0.843662435314245, 0.0 ], [ 121.402939396949208, 0.843837461253409, 0.0 ], [ 121.403328487036731, 0.843931168441907, 0.0 ], [ 121.403870004202588, 0.844083157825652, 0.0 ], [ 121.404716979492321, 0.844247920541656, 0.0 ], [ 121.40615886837918, 0.844438223123527, 0.0 ], [ 121.406688361806602, 0.844472567775627, 0.0 ], [ 121.408598866584626, 0.842514528974662, 0.0 ], [ 121.4087747352836, 0.842231559138655, 0.0 ], [ 121.408774936193296, 0.841736129469632, 0.0 ], [ 121.408845649959346, 0.841134605600339, 0.0 ], [ 121.408845778963169, 0.840816094899148, 0.0 ], [ 121.409197515732657, 0.840250084128983, 0.0 ], [ 121.409584713485273, 0.839471770626625, 0.0 ], [ 121.41004235226761, 0.838764281509734, 0.0 ], [ 121.41032387057885, 0.838268966513249, 0.0 ], [ 121.410535113931076, 0.837985939787815, 0.0 ], [ 121.410711067384483, 0.837490652089316, 0.0 ], [ 121.410852011576807, 0.836782962197206, 0.0 ], [ 121.410992870071624, 0.836287659998307, 0.0 ], [ 121.41130979141343, 0.83572163347541, 0.0 ], [ 121.411661498011313, 0.835226346216027, 0.0 ], [ 121.41215408761056, 0.834872707997407, 0.0 ], [ 121.412611525812366, 0.83466057661135, 0.0 ], [ 121.412787421524584, 0.834306809361011, 0.0 ], [ 121.412576490852445, 0.833811292998314, 0.0 ], [ 121.412506443366766, 0.833457425883859, 0.0 ], [ 121.412506698354008, 0.832820473973798, 0.0 ], [ 121.412577114028721, 0.832254346489351, 0.0 ], [ 121.412788441162547, 0.831759001370295, 0.0 ], [ 121.413020779311367, 0.831377842643314, 0.0 ], [ 121.411896474442699, 0.820452974478707, 0.0 ], [ 121.411309042738878, 0.811380894251039, 0.0 ], [ 121.41057124568654, 0.809149753232079, 0.0 ], [ 121.406731870121419, 0.804240504871005, 0.0 ], [ 121.404221226691732, 0.801711290552136, 0.0 ], [ 121.401050242992284, 0.78825103581928, 0.0 ], [ 121.399844485035175, 0.782895470728144, 0.0 ], [ 121.399363799585672, 0.782256854195688, 0.0 ], [ 121.398995313407937, 0.781885848571777, 0.0 ], [ 121.398516267429756, 0.781366497398154, 0.0 ], [ 121.397889855236528, 0.780772902960729, 0.0 ], [ 121.397300404127449, 0.780438906424345, 0.0 ], [ 121.396931960452505, 0.779956621023574, 0.0 ], [ 121.396747675423228, 0.779511499790013, 0.0 ], [ 121.396342411324667, 0.77914048081003, 0.0 ], [ 121.396011026824027, 0.778658280634951, 0.0 ], [ 121.395716125948141, 0.778213117321451, 0.0 ], [ 121.395458298156569, 0.777730945548897, 0.0 ], [ 121.395126885696257, 0.777322861885858, 0.0 ], [ 121.394574227849219, 0.776951787090611, 0.0 ], [ 121.394205756465595, 0.776543689487434, 0.0 ], [ 121.393515969816278, 0.775754290535184, 0.0 ], [ 121.392192282863078, 0.771144953020312, 0.0 ], [ 121.391750929628941, 0.766683268298722, 0.0 ], [ 121.393082328618476, 0.76192472757584, 0.0 ], [ 121.395447276272549, 0.758356380773266, 0.0 ], [ 121.40369651068491, 0.750001670905513, 0.0 ], [ 121.403890035028127, 0.749760033203665, 0.0 ], [ 121.403910084186009, 0.74943997604902, 0.0 ], [ 121.403840052301717, 0.749010018235134, 0.0 ], [ 121.403750134138321, 0.748449978386327, 0.0 ], [ 121.40369998833863, 0.748150032035548, 0.0 ], [ 121.403659938700173, 0.747879976210379, 0.0 ], [ 121.403680023656449, 0.74746001374824, 0.0 ], [ 121.403780086169746, 0.747139985870442, 0.0 ], [ 121.404099968556821, 0.746840033523925, 0.0 ], [ 121.40449986468397, 0.746539968982888, 0.0 ], [ 121.405060087017461, 0.746190010116025, 0.0 ], [ 121.405639987083745, 0.745769968919001, 0.0 ], [ 121.40596999433194, 0.745419996258016, 0.0 ], [ 121.406269986428441, 0.744999993916666, 0.0 ], [ 121.406459960300452, 0.744479975265415, 0.0 ], [ 121.406519903643272, 0.744080021897035, 0.0 ], [ 121.406520075857344, 0.74359999521925, 0.0 ], [ 121.406589870360762, 0.743130026767184, 0.0 ], [ 121.406780056380583, 0.742799997922576, 0.0 ], [ 121.407090097525696, 0.742540031126042, 0.0 ], [ 121.407359952051351, 0.742389988120644, 0.0 ], [ 121.407739935721125, 0.742029999650677, 0.0 ], [ 121.407950051210406, 0.741710010632639, 0.0 ], [ 121.408209902285108, 0.741269997428633, 0.0 ], [ 121.408359976379586, 0.740839977345801, 0.0 ], [ 121.408439894926033, 0.740319988561148, 0.0 ], [ 121.408479961071635, 0.739759994850013, 0.0 ], [ 121.408470042863158, 0.73923001127512, 0.0 ], [ 121.408610030806443, 0.738740001597308, 0.0 ], [ 121.408730053355939, 0.738339998597874, 0.0 ], [ 121.408900013778208, 0.738039989782217, 0.0 ], [ 121.409190106736219, 0.737820005166449, 0.0 ], [ 121.409459960816463, 0.737670031908104, 0.0 ], [ 121.409819928604293, 0.737540015614195, 0.0 ], [ 121.410230019398071, 0.737779964961697, 0.0 ], [ 121.410649968478467, 0.737929974538902, 0.0 ], [ 121.411130033708972, 0.737980029402267, 0.0 ], [ 121.411639876372789, 0.737980000769349, 0.0 ], [ 121.411860020153952, 0.737880032862152, 0.0 ], [ 121.411979943142029, 0.737760033629024, 0.0 ], [ 121.412079961224549, 0.737559975448691, 0.0 ], [ 121.41203009042826, 0.737269990637772, 0.0 ], [ 121.411519927196863, 0.736589968040428, 0.0 ], [ 121.410999909435034, 0.735989993923107, 0.0 ], [ 121.410630022300424, 0.735590026541581, 0.0 ], [ 121.410330038472608, 0.735199975981197, 0.0 ], [ 121.410160056033988, 0.734769981572052, 0.0 ], [ 121.4100299082275, 0.734430015495961, 0.0 ], [ 121.409939939450808, 0.733999979189308, 0.0 ], [ 121.409860031671656, 0.733700021687981, 0.0 ], [ 121.409910031437406, 0.732829998466337, 0.0 ], [ 121.409909888207267, 0.73243998485684, 0.0 ], [ 121.409890068717033, 0.731320031242015, 0.0 ], [ 121.409940060425583, 0.730470003198684, 0.0 ], [ 121.4100399619808, 0.729800020880526, 0.0 ], [ 121.410310015134769, 0.729080004844222, 0.0 ], [ 121.410560064668829, 0.728560004821448, 0.0 ], [ 121.410710090115913, 0.728259987768469, 0.0 ], [ 121.410800024576503, 0.727989977575598, 0.0 ], [ 121.410829899549398, 0.727660030899395, 0.0 ], [ 121.410780115063346, 0.727119999662777, 0.0 ], [ 121.410730018237999, 0.726669982376764, 0.0 ], [ 121.410780096495273, 0.726370000420866, 0.0 ], [ 121.410879874374658, 0.726049970113189, 0.0 ], [ 121.411589947712031, 0.725079991137471, 0.0 ], [ 121.411920023586305, 0.72452002790631, 0.0 ], [ 121.412220090418131, 0.723869969131323, 0.0 ], [ 121.41250999437888, 0.723380010166545, 0.0 ], [ 121.412689262552163, 0.722948514223213, 0.0 ], [ 121.412580057377752, 0.722930034901674, 0.0 ], [ 121.412260020265293, 0.722879969358496, 0.0 ], [ 121.411580072769652, 0.722800031452068, 0.0 ], [ 121.411149982058703, 0.722749997776022, 0.0 ], [ 121.410779996133513, 0.722629966482495, 0.0 ], [ 121.410479955059216, 0.722400021200657, 0.0 ], [ 121.410160036473286, 0.722009965547636, 0.0 ], [ 121.409819987282518, 0.721380030438227, 0.0 ], [ 121.40945014050763, 0.720860023618401, 0.0 ], [ 121.408699979566435, 0.720049987467179, 0.0 ], [ 121.408160019921709, 0.719470006239868, 0.0 ], [ 121.408069930757762, 0.719380031324172, 0.0 ], [ 121.407479928711069, 0.718999985182771, 0.0 ], [ 121.406990112485971, 0.71874001641377, 0.0 ], [ 121.406299866259673, 0.718410029363463, 0.0 ], [ 121.405860072121143, 0.718009970459592, 0.0 ], [ 121.405210063403089, 0.717419989332528, 0.0 ], [ 121.404450074327684, 0.716619984891169, 0.0 ], [ 121.403809902604053, 0.715999979725738, 0.0 ], [ 121.403210093054113, 0.715569978690959, 0.0 ], [ 121.402650101455066, 0.715280028770353, 0.0 ], [ 121.402099974268765, 0.71488000289464, 0.0 ], [ 121.401510015658189, 0.714379987316364, 0.0 ], [ 121.401069886497254, 0.714140032342962, 0.0 ], [ 121.401019923832138, 0.714109986754545, 0.0 ], [ 121.400180020934854, 0.713840005060477, 0.0 ], [ 121.399769876777995, 0.713760022035119, 0.0 ], [ 121.399479916739608, 0.713609992072621, 0.0 ], [ 121.399090076420123, 0.713270008489113, 0.0 ], [ 121.398589895683827, 0.712949981515302, 0.0 ], [ 121.398149985830216, 0.712889983310143, 0.0 ], [ 121.397580086804282, 0.712839972446071, 0.0 ], [ 121.396989946493619, 0.712870005641201, 0.0 ], [ 121.396450063480302, 0.712890023472505, 0.0 ], [ 121.396080063512755, 0.712820016763453, 0.0 ], [ 121.395760029599074, 0.712770022697322, 0.0 ], [ 121.395319891577401, 0.712560025541835, 0.0 ], [ 121.394150013628135, 0.711769984986192, 0.0 ], [ 121.39392995346293, 0.711639974973836, 0.0 ], [ 121.393550134849036, 0.711549969830587, 0.0 ], [ 121.393219973773313, 0.711560028247619, 0.0 ], [ 121.396479941171123, 0.701090009886877, 0.0 ], [ 121.396689940718375, 0.700259966310605, 0.0 ], [ 121.396940069554063, 0.699480030173242, 0.0 ], [ 121.397150048015178, 0.698709971624227, 0.0 ], [ 121.39730997883683, 0.698159983579964, 0.0 ], [ 121.397469936548788, 0.697530014886043, 0.0 ], [ 121.397580107348205, 0.697180031682558, 0.0 ], [ 121.397620051046161, 0.696949995244837, 0.0 ], [ 121.397709970340841, 0.693380009673854, 0.0 ], [ 121.397899925897093, 0.692870021542839, 0.0 ], [ 121.398090118428158, 0.692489966522673, 0.0 ], [ 121.398299916063422, 0.692250025447487, 0.0 ], [ 121.398540030896157, 0.692019986213781, 0.0 ], [ 121.398880074440143, 0.691840004080051, 0.0 ], [ 121.399350069847799, 0.691759971138887, 0.0 ], [ 121.399679973086563, 0.69168003186129, 0.0 ], [ 121.400080116465801, 0.691440013725435, 0.0 ], [ 121.400399956455672, 0.691229996312197, 0.0 ], [ 121.4008399557421, 0.691020019539694, 0.0 ], [ 121.401179982724315, 0.690889989482217, 0.0 ], [ 121.401680018305882, 0.690810036829896, 0.0 ], [ 121.402319862295229, 0.690740023023943, 0.0 ], [ 121.402619996748427, 0.690690030644818, 0.0 ], [ 121.402869894353174, 0.690589997921202, 0.0 ], [ 121.403120102734562, 0.690400022203912, 0.0 ], [ 121.403279890784376, 0.690270001459696, 0.0 ], [ 121.403439992915224, 0.690040004793184, 0.0 ], [ 121.403559978293657, 0.689719980799745, 0.0 ], [ 121.40388990750435, 0.688719978692846, 0.0 ], [ 121.404039919175176, 0.688440025724128, 0.0 ], [ 121.404230074237717, 0.688169977853485, 0.0 ], [ 121.404540101308044, 0.687919965490317, 0.0 ], [ 121.405030076856178, 0.687699971068882, 0.0 ], [ 121.405639977650395, 0.687339979600425, 0.0 ], [ 121.406630128595452, 0.686619989379737, 0.0 ], [ 121.407379874340862, 0.686159997131712, 0.0 ], [ 121.408279928612686, 0.685370027171154, 0.0 ], [ 121.408960085410314, 0.684800001344081, 0.0 ], [ 121.409529875655707, 0.684329985159353, 0.0 ], [ 121.410010045031072, 0.684049999757201, 0.0 ], [ 121.410539863863079, 0.683900035311184, 0.0 ], [ 121.411240102848282, 0.683729990928165, 0.0 ], [ 121.411860087729764, 0.68344001855956, 0.0 ], [ 121.412370019798146, 0.683150009325155, 0.0 ], [ 121.412810075343046, 0.682770033173989, 0.0 ], [ 121.413290072329914, 0.682160018182935, 0.0 ], [ 121.41365994420029, 0.681769985304052, 0.0 ], [ 121.414140130066471, 0.681439974735313, 0.0 ], [ 121.41450013969569, 0.681160018414788, 0.0 ], [ 121.414900070981105, 0.680710009041201, 0.0 ], [ 121.415109903554296, 0.680359983829363, 0.0 ], [ 121.415309945756832, 0.679900016384076, 0.0 ], [ 121.415349896655243, 0.679640019804255, 0.0 ], [ 121.415529989336989, 0.679229998609836, 0.0 ], [ 121.415729949867256, 0.679020007757396, 0.0 ], [ 121.416039921067068, 0.678939987417175, 0.0 ], [ 121.416610080134859, 0.679060006120773, 0.0 ], [ 121.417210001889529, 0.67917000164102, 0.0 ], [ 121.41772992050187, 0.679250013093062, 0.0 ], [ 121.418770022666791, 0.679459989085922, 0.0 ], [ 121.419680122836425, 0.679720016618761, 0.0 ], [ 121.42028988154253, 0.679799986974964, 0.0 ], [ 121.420780067716137, 0.679800007098956, 0.0 ], [ 121.421220016333933, 0.679749986871884, 0.0 ], [ 121.421729920040221, 0.679549988928345, 0.0 ], [ 121.422149981110408, 0.679359994313637, 0.0 ], [ 121.422260050660157, 0.679310006712379, 0.0 ], [ 121.42270008056974, 0.679010008548468, 0.0 ], [ 121.423520056973047, 0.678420025031849, 0.0 ], [ 121.424160012141456, 0.678019973586367, 0.0 ], [ 121.424650008808868, 0.677739986467189, 0.0 ], [ 121.425109929875077, 0.677569999417864, 0.0 ], [ 121.42548986670073, 0.677309971384447, 0.0 ], [ 121.425819865729181, 0.676939987423468, 0.0 ], [ 121.425980002092473, 0.676599976299501, 0.0 ], [ 121.426160071543464, 0.67625997162442, 0.0 ], [ 121.426340128031939, 0.675960028382443, 0.0 ], [ 121.426560076558886, 0.675579975073441, 0.0 ], [ 121.427000138388166, 0.675179997952684, 0.0 ], [ 121.42743986160832, 0.674959979425198, 0.0 ], [ 121.428019949633224, 0.674769964264259, 0.0 ], [ 121.42855001630538, 0.674730004488504, 0.0 ], [ 121.429119955889433, 0.674669991489667, 0.0 ], [ 121.429869887810625, 0.674509988923626, 0.0 ], [ 121.430189996226488, 0.674340025491142, 0.0 ], [ 121.430469979958872, 0.67410002951072, 0.0 ], [ 121.430980069975845, 0.673320018445204, 0.0 ], [ 121.431219960798245, 0.672910012369358, 0.0 ], [ 121.431449987001486, 0.672619975836967, 0.0 ], [ 121.431610074692685, 0.672429964641212, 0.0 ], [ 121.431680006759137, 0.672350005358461, 0.0 ], [ 121.432209943190941, 0.671839974007975, 0.0 ], [ 121.432550115303997, 0.671260002882982, 0.0 ], [ 121.432629940421435, 0.670969988125884, 0.0 ], [ 121.432589895121481, 0.670649976796449, 0.0 ], [ 121.432509951578936, 0.67043000069618, 0.0 ], [ 121.431999934272952, 0.669220003801678, 0.0 ], [ 121.431940019064598, 0.668700031416529, 0.0 ], [ 121.431980091612544, 0.668050014594827, 0.0 ], [ 121.432129886110772, 0.667559996807769, 0.0 ], [ 121.432359898691132, 0.667310021124416, 0.0 ], [ 121.432660035204464, 0.667260022719711, 0.0 ], [ 121.432869988004683, 0.667410020893237, 0.0 ], [ 121.432950120751684, 0.667919966883561, 0.0 ], [ 121.433080006186188, 0.668240007070091, 0.0 ], [ 121.433259925192814, 0.668370000215938, 0.0 ], [ 121.433460093023569, 0.668389989340783, 0.0 ], [ 121.433670125110226, 0.668290008656784, 0.0 ], [ 121.43385999394448, 0.66802998683884, 0.0 ], [ 121.434009999509698, 0.667759989758147, 0.0 ], [ 121.434029948535326, 0.667709972081747, 0.0 ], [ 121.434279995642527, 0.667140003843096, 0.0 ], [ 121.434960040133546, 0.66603001172532, 0.0 ], [ 121.435130013284308, 0.665650010072598, 0.0 ], [ 121.435170087648231, 0.664990029735905, 0.0 ], [ 121.435110114379384, 0.664650016277805, 0.0 ], [ 121.4348999371189, 0.664319988021704, 0.0 ], [ 121.434590040423927, 0.664159995803652, 0.0 ], [ 121.434259866901542, 0.664200022816468, 0.0 ], [ 121.433669871467345, 0.664649980531111, 0.0 ], [ 121.433460139362595, 0.664689975198777, 0.0 ], [ 121.433259971646322, 0.66466998642956, 0.0 ], [ 121.43313000378221, 0.664610029099082, 0.0 ], [ 121.43297002418899, 0.664459976503488, 0.0 ], [ 121.432869903947818, 0.664120021232088, 0.0 ], [ 121.432779978795082, 0.66349999111293, 0.0 ], [ 121.432659918987383, 0.663180025042757, 0.0 ], [ 121.432530039258552, 0.662839989736534, 0.0 ], [ 121.432279992756818, 0.66251998232734, 0.0 ], [ 121.432040046935214, 0.662219973678839, 0.0 ], [ 121.431830100377027, 0.662049980574446, 0.0 ], [ 121.430440019173105, 0.661459989458927, 0.0 ], [ 121.42989013684543, 0.661129995225566, 0.0 ], [ 121.429679941192461, 0.660860024947611, 0.0 ], [ 121.429459916234208, 0.660600013987471, 0.0 ], [ 121.429550061538663, 0.660519990192414, 0.0 ], [ 121.429609873459597, 0.660480018308478, 0.0 ], [ 121.429709967328961, 0.660009980252356, 0.0 ], [ 121.429670027272195, 0.659349976146588, 0.0 ], [ 121.429539907364457, 0.658880006270417, 0.0 ], [ 121.429399926789586, 0.658519972996112, 0.0 ], [ 121.429270034318947, 0.658219999981684, 0.0 ], [ 121.42909995419474, 0.658050020028015, 0.0 ], [ 121.428929867848936, 0.657899964889745, 0.0 ], [ 121.428680067847452, 0.657689968811618, 0.0 ], [ 121.428299963318523, 0.657599974794758, 0.0 ], [ 121.427920130221992, 0.657540009356454, 0.0 ], [ 121.427219960902676, 0.657489975364393, 0.0 ], [ 121.426940080470246, 0.657409975514626, 0.0 ], [ 121.426730099981782, 0.65734999327252, 0.0 ], [ 121.426499946383117, 0.657159999030136, 0.0 ], [ 121.426220134917827, 0.656859978909212, 0.0 ], [ 121.425929982716895, 0.656410025240221, 0.0 ], [ 121.425669876756572, 0.655940015122285, 0.0 ], [ 121.425480125878181, 0.65583001554839, 0.0 ], [ 121.425400131624741, 0.655770003961579, 0.0 ], [ 121.42495997289403, 0.655600009515149, 0.0 ], [ 121.423800003447838, 0.655350017426963, 0.0 ], [ 121.423360132112748, 0.655160027753369, 0.0 ], [ 121.422880095313289, 0.655030011572792, 0.0 ], [ 121.422670130957869, 0.654920005719121, 0.0 ], [ 121.422480130913826, 0.654710029261922, 0.0 ], [ 121.422340113232465, 0.654469969602837, 0.0 ], [ 121.422270063971041, 0.654029978259567, 0.0 ], [ 121.422439959604702, 0.652989989221746, 0.0 ], [ 121.422340107242491, 0.652690026861551, 0.0 ], [ 121.422219988141435, 0.652559983584248, 0.0 ], [ 121.42204990233634, 0.652409999811824, 0.0 ], [ 121.421679924886874, 0.652260023598865, 0.0 ], [ 121.421439911425054, 0.652179966291237, 0.0 ], [ 121.421299865579115, 0.652029992064422, 0.0 ], [ 121.421189881433676, 0.651810008199698, 0.0 ], [ 121.42118990946885, 0.651719993687942, 0.0 ], [ 121.421170020048436, 0.651580019778323, 0.0 ], [ 121.421250035215721, 0.650670008085123, 0.0 ], [ 121.421340054346715, 0.650090029181464, 0.0 ], [ 121.421419944718906, 0.649579995536635, 0.0 ], [ 121.421420115339131, 0.649030016694789, 0.0 ], [ 121.421229955227915, 0.648430024972528, 0.0 ], [ 121.421029919354538, 0.647989993253377, 0.0 ], [ 121.420980045580805, 0.647669980954583, 0.0 ], [ 121.421000099255082, 0.647279971455399, 0.0 ], [ 121.421279886460752, 0.646750005017198, 0.0 ], [ 121.421470087645687, 0.646310024924661, 0.0 ], [ 121.421529954535799, 0.646090023823768, 0.0 ], [ 121.421530019364297, 0.64587996637198, 0.0 ], [ 121.421469992087992, 0.645710022203376, 0.0 ], [ 121.421340077509257, 0.645479999409674, 0.0 ], [ 121.421280065640715, 0.645260031499299, 0.0 ], [ 121.42125990432028, 0.645090029164423, 0.0 ], [ 121.421279902040027, 0.644879977963634, 0.0 ], [ 121.421320067230567, 0.644820004371853, 0.0 ], [ 121.42137990622345, 0.644690017766906, 0.0 ], [ 121.421830068708601, 0.644280005625512, 0.0 ], [ 121.422100004306742, 0.64383001698947, 0.0 ], [ 121.42213006262169, 0.643769969542633, 0.0 ], [ 121.42230990311387, 0.643239971160207, 0.0 ], [ 121.422459996619949, 0.642669972648883, 0.0 ], [ 121.422609888872245, 0.641840033907508, 0.0 ], [ 121.422740082638768, 0.641160019042823, 0.0 ], [ 121.422839989202686, 0.640369984714377, 0.0 ], [ 121.422949929016553, 0.639819968794279, 0.0 ], [ 121.423139896560741, 0.639220024393987, 0.0 ], [ 121.423460121012397, 0.638650007217949, 0.0 ], [ 121.423999974035837, 0.637799980620039, 0.0 ], [ 121.424199974829193, 0.637439983653225, 0.0 ], [ 121.424250014530458, 0.637219978939045, 0.0 ], [ 121.424170059580774, 0.637030033283219, 0.0 ], [ 121.424069306913864, 0.636914127827141, 0.0 ], [ 121.423900072906434, 0.636730019092661, 0.0 ], [ 121.42364998581877, 0.636540021123304, 0.0 ], [ 121.423349925970072, 0.63635000780942, 0.0 ], [ 121.422739962076008, 0.636030035097094, 0.0 ], [ 121.422649860850683, 0.635970021197644, 0.0 ], [ 121.422119903700789, 0.635669997967029, 0.0 ], [ 121.421829972201806, 0.635409968775251, 0.0 ], [ 121.421549875930651, 0.635119984920011, 0.0 ], [ 121.421339957016571, 0.634859980441442, 0.0 ], [ 121.421210114284264, 0.634390013822043, 0.0 ], [ 121.421209930519268, 0.63407001706726, 0.0 ], [ 121.421320076708597, 0.633760016532507, 0.0 ], [ 121.4215700583851, 0.633370006668814, 0.0 ], [ 121.421889936587789, 0.633009975863112, 0.0 ], [ 121.421959899687636, 0.632820005813998, 0.0 ], [ 121.421979884002099, 0.632650015832796, 0.0 ], [ 121.421849965231246, 0.63243002682392, 0.0 ], [ 121.421549941829568, 0.632119971233295, 0.0 ], [ 121.421320083674487, 0.631880026990154, 0.0 ], [ 121.421029901498429, 0.631520021424707, 0.0 ], [ 121.42074000311348, 0.631149983016081, 0.0 ], [ 121.420079940338113, 0.630320008770839, 0.0 ], [ 121.419779950230946, 0.629900014482069, 0.0 ], [ 121.41946005433114, 0.629389999770184, 0.0 ], [ 121.419139940849277, 0.628669998542656, 0.0 ], [ 121.419060087877398, 0.628139991249137, 0.0 ], [ 121.419010014783112, 0.627539973981443, 0.0 ], [ 121.41916995774173, 0.625939970043569, 0.0 ], [ 121.419300050406179, 0.625580022394283, 0.0 ], [ 121.419689906844866, 0.624969964087656, 0.0 ], [ 121.420089965400223, 0.624039982725692, 0.0 ], [ 121.420329900529765, 0.623439982215616, 0.0 ], [ 121.420429952990304, 0.623080025105986, 0.0 ], [ 121.420449963315605, 0.622820020666674, 0.0 ], [ 121.420419989113299, 0.622599991887122, 0.0 ], [ 121.42040989716584, 0.622550035743545, 0.0 ], [ 121.42021990431985, 0.622309963350824, 0.0 ], [ 121.420050122101429, 0.622080000754126, 0.0 ], [ 121.419839915623243, 0.621839992996102, 0.0 ], [ 121.419590115222974, 0.621630001719646, 0.0 ], [ 121.419009949726174, 0.621179966650702, 0.0 ], [ 121.417579898067487, 0.620029980069896, 0.0 ], [ 121.41705000416593, 0.619519974773235, 0.0 ], [ 121.416710129686876, 0.619160027151659, 0.0 ], [ 121.416480002506802, 0.618880023289429, 0.0 ], [ 121.416329911146491, 0.618519991549009, 0.0 ], [ 121.4162399108383, 0.618119987240222, 0.0 ], [ 121.416160020206604, 0.617710023660516, 0.0 ], [ 121.416039974249514, 0.6173300057337, 0.0 ], [ 121.415869949905044, 0.616969968193297, 0.0 ], [ 121.415779866580152, 0.616849969229464, 0.0 ], [ 121.415699881157337, 0.616760001616727, 0.0 ], [ 121.415530075422438, 0.61661002111955, 0.0 ], [ 121.415230013425145, 0.616429973302361, 0.0 ], [ 121.414870129355577, 0.616330030176408, 0.0 ], [ 121.414539980563362, 0.616310006574076, 0.0 ], [ 121.414130088763216, 0.616330020328286, 0.0 ], [ 121.413879940203486, 0.616350011290416, 0.0 ], [ 121.413769900521672, 0.616309987679502, 0.0 ], [ 121.413709871676843, 0.616139974248968, 0.0 ], [ 121.413859880465338, 0.615829985966458, 0.0 ], [ 121.414039996709931, 0.615290025262753, 0.0 ], [ 121.414300130650446, 0.614730022416347, 0.0 ], [ 121.415029865192579, 0.613499998508908, 0.0 ], [ 121.415539904587476, 0.612789998650002, 0.0 ], [ 121.41576992477242, 0.612480033605615, 0.0 ], [ 121.415869907735129, 0.612349987750642, 0.0 ], [ 121.416120085650306, 0.612230019547803, 0.0 ], [ 121.416430038559341, 0.61218997975339, 0.0 ], [ 121.41664006428131, 0.612089994871682, 0.0 ], [ 121.416759980024949, 0.611960025505036, 0.0 ], [ 121.416890046530085, 0.61167998812313, 0.0 ], [ 121.416949944585127, 0.6113400145128, 0.0 ], [ 121.417010132112623, 0.610970012631932, 0.0 ], [ 121.417139888446656, 0.610790022409029, 0.0 ], [ 121.417440047535877, 0.61063996970188, 0.0 ], [ 121.417860128111016, 0.610340022689053, 0.0 ], [ 121.418080006127781, 0.610150026011284, 0.0 ], [ 121.418279907508747, 0.61011002383247, 0.0 ], [ 121.418430099704665, 0.610129992984491, 0.0 ], [ 121.418540107529736, 0.610280026022396, 0.0 ], [ 121.418650068614056, 0.610590021896699, 0.0 ], [ 121.418729960824422, 0.610999985668785, 0.0 ], [ 121.418900033251504, 0.611199989635773, 0.0 ], [ 121.419109983050021, 0.6113600147349, 0.0 ], [ 121.419360126097814, 0.611360018228639, 0.0 ], [ 121.419620133236123, 0.611230019440904, 0.0 ], [ 121.419829919322751, 0.610989995892667, 0.0 ], [ 121.420009940637229, 0.610770029500011, 0.0 ], [ 121.420229897685275, 0.610309989129058, 0.0 ], [ 121.420450026544145, 0.609259979242198, 0.0 ], [ 121.420500092190878, 0.608939997403661, 0.0 ], [ 121.420579873019406, 0.608770024938403, 0.0 ], [ 121.420720005118667, 0.608630027985706, 0.0 ], [ 121.42089997672926, 0.608579986618922, 0.0 ], [ 121.421189973919695, 0.608619992196262, 0.0 ], [ 121.421609947060318, 0.608689993818361, 0.0 ], [ 121.42188003768014, 0.60863997895642, 0.0 ], [ 121.422079965457584, 0.608510032504776, 0.0 ], [ 121.422259980745949, 0.608309990311477, 0.0 ], [ 121.422390067043594, 0.607960003280476, 0.0 ], [ 121.42249996868, 0.607510033307372, 0.0 ], [ 121.422499997697244, 0.607409985700373, 0.0 ], [ 121.42251987876071, 0.606619996910255, 0.0 ], [ 121.422500026993717, 0.606339984938246, 0.0 ], [ 121.422409951470314, 0.606190028403768, 0.0 ], [ 121.422260083221047, 0.606019988299815, 0.0 ], [ 121.421970117798082, 0.605869973177357, 0.0 ], [ 121.421600137428541, 0.605729967636685, 0.0 ], [ 121.421209960916912, 0.60552997005872, 0.0 ], [ 121.421090123685659, 0.605389967267493, 0.0 ], [ 121.42101997525495, 0.605260012071555, 0.0 ], [ 121.420989973241902, 0.605129997994717, 0.0 ], [ 121.421029902514675, 0.604909989883788, 0.0 ], [ 121.421120076269005, 0.604720024873843, 0.0 ], [ 121.421279897652866, 0.604450028057472, 0.0 ], [ 121.421420087124901, 0.604110006287266, 0.0 ], [ 121.42146992595795, 0.603600032632494, 0.0 ], [ 121.422050034031173, 0.602309969696905, 0.0 ], [ 121.422289956206811, 0.601730032000995, 0.0 ], [ 121.422539927932448, 0.599390007916804, 0.0 ], [ 121.422650048240513, 0.599150024468047, 0.0 ], [ 121.422769974556687, 0.59897999238843, 0.0 ], [ 121.422940122587107, 0.59891998484443, 0.0 ], [ 121.423129934137052, 0.598819992183168, 0.0 ], [ 121.423320060711262, 0.598600027184597, 0.0 ], [ 121.423390020259916, 0.598409985141694, 0.0 ], [ 121.423349968060577, 0.598080014108441, 0.0 ], [ 121.423249893651729, 0.597550001080664, 0.0 ], [ 121.42323008341171, 0.597119988276633, 0.0 ], [ 121.423239980670189, 0.596870013308086, 0.0 ], [ 121.423380131718815, 0.596659996066799, 0.0 ], [ 121.423799952128888, 0.596279992517816, 0.0 ], [ 121.424090043156355, 0.595990036735587, 0.0 ], [ 121.424149889968135, 0.595819987018702, 0.0 ], [ 121.424149958162303, 0.595579971477393, 0.0 ], [ 121.424150037664035, 0.595300035776462, 0.0 ], [ 121.424170126590383, 0.594749991169623, 0.0 ], [ 121.424169913917382, 0.594509975544292, 0.0 ], [ 121.424260123432447, 0.594190004251098, 0.0 ], [ 121.424369967977995, 0.5939300247966, 0.0 ], [ 121.424610077701914, 0.593670012027951, 0.0 ], [ 121.424999883357586, 0.59319998424077, 0.0 ], [ 121.425389932911131, 0.592860032537183, 0.0 ], [ 121.426032411685838, 0.59237728803752, 0.0 ], [ 121.42601023369032, 0.592374490813734, 0.0 ], [ 121.425875762052314, 0.592357530430591, 0.0 ], [ 121.42525702291239, 0.592284048669649, 0.0 ], [ 121.425038645484605, 0.592137412007902, 0.0 ], [ 121.424820299116774, 0.591880800591697, 0.0 ], [ 121.424601973438797, 0.591550884486418, 0.0 ], [ 121.424383606416455, 0.591367577894823, 0.0 ], [ 121.424128711721778, 0.591294200316854, 0.0 ], [ 121.42355037961957, 0.591294034993632, 0.0 ], [ 121.423546168463872, 0.591294033789795, 0.0 ], [ 121.42336427757273, 0.591184042400465, 0.0 ], [ 121.423036711778337, 0.590964034686729, 0.0 ], [ 121.422763628500377, 0.590679463824743, 0.0 ], [ 121.422480077352844, 0.590679983358315, 0.0 ], [ 121.421950090020246, 0.590479983959939, 0.0 ], [ 121.421289871752904, 0.590160010428713, 0.0 ], [ 121.421020125343773, 0.589990007941958, 0.0 ], [ 121.4208301269759, 0.589760006811461, 0.0 ], [ 121.420509937020199, 0.58926999334397, 0.0 ], [ 121.420229924279198, 0.588670016929464, 0.0 ], [ 121.419940071407893, 0.588119990951634, 0.0 ], [ 121.419709963333077, 0.587760008764108, 0.0 ], [ 121.419450110554664, 0.587349994439216, 0.0 ], [ 121.419330028422081, 0.587079987520349, 0.0 ], [ 121.419070108226748, 0.586909988296939, 0.0 ], [ 121.418750123138722, 0.586689983618109, 0.0 ], [ 121.418000096345338, 0.586270009107474, 0.0 ], [ 121.417359865469123, 0.585760016325425, 0.0 ], [ 121.416769893303155, 0.585230007404407, 0.0 ], [ 121.416069937531589, 0.584459988178958, 0.0 ], [ 121.415750003323396, 0.584059990759948, 0.0 ], [ 121.415188451536466, 0.583297500841988, 0.0 ], [ 121.413574603612361, 0.580793708269959, 0.0 ], [ 121.412903231859062, 0.579202372998759, 0.0 ], [ 121.412745638527966, 0.577531625915321, 0.0 ], [ 121.412469758068767, 0.575184644533459, 0.0 ], [ 121.413796789561644, 0.572248849639516, 0.0 ], [ 121.416451873829558, 0.570820063045234, 0.0 ], [ 121.418860085365793, 0.569764120340936, 0.0 ], [ 121.419909983077133, 0.569018540681591, 0.0 ], [ 121.422565053181884, 0.567651883996172, 0.0 ], [ 121.423367948197779, 0.566719809956532, 0.0 ], [ 121.423368401360179, 0.565041644640134, 0.0 ], [ 121.423307507037791, 0.561809614898871, 0.0 ], [ 121.42336996854327, 0.55919917187464, 0.0 ], [ 121.424025857124761, 0.556808343290287, 0.0 ], [ 121.424431248731892, 0.556808452391637, 0.0 ], [ 121.42526444484372, 0.555926157737944, 0.0 ], [ 121.433161400514535, 0.547562276470552, 0.0 ], [ 121.436838952025397, 0.536233759175646, 0.0 ], [ 121.439110584091594, 0.525600981233802, 0.0 ], [ 121.438778460941279, 0.525619338777731, 0.0 ], [ 121.438908902864398, 0.524904830795884, 0.0 ], [ 121.438771601884042, 0.52157048465447, 0.0 ], [ 121.438061595922463, 0.519322327289311, 0.0 ], [ 121.437907435908286, 0.509062630645411, 0.0 ], [ 121.437763136386977, 0.505041301982105, 0.0 ], [ 121.438222545411747, 0.498626660309513, 0.0 ], [ 121.438182246601244, 0.498602481375458, 0.0 ], [ 121.437914716823542, 0.498532713051895, 0.0 ], [ 121.437831341449908, 0.498510969827252, 0.0 ], [ 121.437449792861273, 0.498602483641112, 0.0 ], [ 121.437251560724789, 0.49872452918021, 0.0 ], [ 121.436992162995722, 0.498694014480909, 0.0 ], [ 121.436564982814176, 0.498236346226592, 0.0 ], [ 121.436336257431279, 0.497900748737594, 0.0 ], [ 121.436183858590354, 0.497717678877966, 0.0 ], [ 121.435649690558321, 0.497366816638349, 0.0 ], [ 121.435085469470337, 0.497076959391966, 0.0 ], [ 121.434841210513724, 0.497137982764721, 0.0 ], [ 121.434780254254122, 0.497290548907196, 0.0 ], [ 121.434780228842357, 0.497398404749676, 0.0 ], [ 121.434722083019452, 0.497534225849554, 0.0 ], [ 121.434602162732062, 0.497722458810772, 0.0 ], [ 121.43432844398022, 0.497705330251045, 0.0 ], [ 121.434259983565823, 0.497534221262023, 0.0 ], [ 121.434274340754939, 0.497368961768289, 0.0 ], [ 121.434294326713427, 0.4971406078963, 0.0 ], [ 121.434106030698118, 0.496798342440145, 0.0 ], [ 121.434021915547191, 0.496343371409961, 0.0 ], [ 121.433814991972469, 0.495223927236425, 0.0 ], [ 121.433455804562243, 0.494539401893794, 0.0 ], [ 121.433438997853784, 0.49437847973162, 0.0 ], [ 121.433144590291633, 0.493995563333298, 0.0 ], [ 121.432634277122389, 0.49368374596395, 0.0 ], [ 121.432240747180515, 0.493392834254562, 0.0 ], [ 121.432155165880687, 0.493204587830335, 0.0 ], [ 121.432172114389957, 0.492759639320743, 0.0 ], [ 121.432035388898584, 0.491578848377853, 0.0 ], [ 121.431795586876348, 0.490586294627908, 0.0 ], [ 121.431470629155612, 0.489987342987534, 0.0 ], [ 121.431076834819265, 0.489627967023169, 0.0 ], [ 121.431008570757228, 0.489816212225351, 0.0 ], [ 121.430820158795726, 0.489970232314744, 0.0 ], [ 121.430529343993086, 0.489833304337343, 0.0 ], [ 121.429913183046111, 0.489559509955865, 0.0 ], [ 121.42933130529542, 0.489148794814324, 0.0 ], [ 121.428937755877826, 0.488943413134306, 0.0 ], [ 121.42874971197125, 0.488720945378267, 0.0 ], [ 121.428736306957887, 0.488417548892998, 0.0 ], [ 121.428732524651508, 0.487779741733822, 0.0 ], [ 121.428680999480434, 0.487215016929836, 0.0 ], [ 121.428510068246112, 0.487043885535891, 0.0 ], [ 121.42835587523399, 0.487334807271038, 0.0 ], [ 121.428321806074578, 0.487762617345781, 0.0 ], [ 121.428304578120844, 0.488207565001923, 0.0 ], [ 121.428229593485284, 0.488322539390599, 0.0 ], [ 121.428047890652678, 0.48860116115688, 0.0 ], [ 121.427928176164926, 0.489114549457019, 0.0 ], [ 121.427774025765288, 0.489217246132716, 0.0 ], [ 121.427688432507921, 0.4890803314668, 0.0 ], [ 121.427671366673039, 0.488823636856521, 0.0 ], [ 121.427688555915239, 0.4885498157899, 0.0 ], [ 121.427688635458466, 0.488207561993485, 0.0 ], [ 121.427654436908426, 0.48798509534083, 0.0 ], [ 121.427431889487579, 0.487642824458083, 0.0 ], [ 121.427312101530518, 0.487266344916053, 0.0 ], [ 121.427363816230951, 0.487013445959609, 0.0 ], [ 121.427346439028156, 0.486889866344801, 0.0 ], [ 121.427329128329333, 0.486479142757305, 0.0 ], [ 121.427414844507666, 0.486085542591334, 0.0 ], [ 121.427448917320049, 0.485640598149776, 0.0 ], [ 121.427414781769841, 0.485144307396128, 0.0 ], [ 121.427312153597313, 0.484613803938609, 0.0 ], [ 121.427140993364745, 0.484220214234758, 0.0 ], [ 121.426867058867089, 0.483929297413459, 0.0 ], [ 121.426593381031495, 0.483741043153012, 0.0 ], [ 121.426370759237159, 0.483723928101147, 0.0 ], [ 121.426011389445634, 0.483826612403186, 0.0 ], [ 121.425806141078439, 0.483946395735595, 0.0 ], [ 121.425532389329348, 0.484083296633413, 0.0 ], [ 121.425344036646294, 0.483980625494533, 0.0 ], [ 121.42532696331493, 0.483758164054686, 0.0 ], [ 121.425484595394138, 0.483159539279869, 0.0 ], [ 121.425515259507435, 0.482885368888235, 0.0 ], [ 121.425326914676759, 0.482748465915099, 0.0 ], [ 121.424933346192915, 0.482628683990009, 0.0 ], [ 121.424471253875268, 0.48261158371095, 0.0 ], [ 121.424095040193009, 0.482714157363011, 0.0 ], [ 121.423803894759743, 0.482799829750062, 0.0 ], [ 121.423513045444267, 0.482816930717548, 0.0 ], [ 121.423427451213456, 0.482680016540841, 0.0 ], [ 121.423461748626011, 0.482474665618974, 0.0 ], [ 121.423393311394122, 0.482200861270891, 0.0 ], [ 121.423119318298717, 0.482166635101348, 0.0 ], [ 121.422708554762281, 0.482354870371652, 0.0 ], [ 121.422540876072858, 0.48269033749178, 0.0 ], [ 121.421989994358654, 0.483005189041501, 0.0 ], [ 121.421647711332554, 0.483279003876662, 0.0 ], [ 121.421202653390054, 0.483655491071859, 0.0 ], [ 121.420843240896957, 0.483946399938988, 0.0 ], [ 121.420364257600738, 0.484134653776928, 0.0 ], [ 121.419919263982067, 0.484237317293549, 0.0 ], [ 121.41944003135977, 0.484288676927695, 0.0 ], [ 121.418088225899481, 0.48451113441426, 0.0 ], [ 121.417259447872311, 0.484680617194959, 0.0 ], [ 121.413694869185235, 0.486106474897001, 0.0 ], [ 121.41292167641987, 0.486284907289418, 0.0 ], [ 121.412921745856153, 0.485987556662985, 0.0 ], [ 121.412862100955664, 0.485333350173826, 0.0 ], [ 121.412546000488703, 0.48529116477785, 0.0 ], [ 121.412440718765367, 0.485315445142147, 0.0 ], [ 121.412218366811715, 0.485349660492522, 0.0 ], [ 121.412064221615907, 0.485435221905321, 0.0 ], [ 121.411978853508657, 0.485537933969242, 0.0 ], [ 121.411978817566037, 0.485691926521907, 0.0 ], [ 121.412012991587872, 0.486017087597749, 0.0 ], [ 121.412012955602435, 0.486171114519189, 0.0 ], [ 121.411824573312131, 0.48620533780153, 0.0 ], [ 121.41155088600749, 0.486068414840739, 0.0 ], [ 121.411260110197574, 0.48577749535144, 0.0 ], [ 121.410958350184686, 0.485640424733739, 0.0 ], [ 121.410661045062298, 0.485657700367729, 0.0 ], [ 121.410335883490404, 0.485948649311778, 0.0 ], [ 121.409890791562816, 0.486479125504084, 0.0 ], [ 121.409668363638389, 0.486838528472537, 0.0 ], [ 121.409291842697201, 0.487061001475845, 0.0 ], [ 121.40912081812084, 0.487300586174503, 0.0 ], [ 121.409189289839802, 0.487420362226336, 0.0 ], [ 121.409582883151259, 0.487420349110605, 0.0 ], [ 121.410352972667411, 0.487300560716645, 0.0 ], [ 121.410780824147793, 0.487266360119447, 0.0 ], [ 121.410986035489842, 0.487300570024489, 0.0 ], [ 121.410969143117896, 0.487505923691626, 0.0 ], [ 121.410746510022207, 0.487540138664259, 0.0 ], [ 121.410044924190018, 0.487642845119156, 0.0 ], [ 121.409480085194701, 0.48762571837158, 0.0 ], [ 121.409035385708762, 0.487677049156092, 0.0 ], [ 121.408527544662917, 0.487623619631198, 0.0 ], [ 121.40834251868057, 0.487712211090878, 0.0 ], [ 121.407212524572856, 0.487831171620749, 0.0 ], [ 121.405547166882883, 0.487950109899975, 0.0 ], [ 121.404417301212177, 0.487533791200194, 0.0 ], [ 121.404317015634916, 0.487405639017461, 0.0 ], [ 121.403552251730531, 0.486428368244356, 0.0 ], [ 121.403346894876606, 0.486165948365284, 0.0 ], [ 121.402751929853395, 0.485333355804789, 0.0 ], [ 121.402434476566185, 0.485079383780844, 0.0 ], [ 121.401933400320004, 0.484921846165979, 0.0 ], [ 121.401693712080615, 0.48466513711241, 0.0 ], [ 121.401454292102898, 0.484459794034757, 0.0 ], [ 121.401128919772134, 0.48445978727714, 0.0 ], [ 121.400820928125555, 0.484562481052757, 0.0 ], [ 121.400684017373308, 0.484185966746535, 0.0 ], [ 121.400752564998484, 0.483980626372675, 0.0 ], [ 121.400855090091881, 0.483741026334909, 0.0 ], [ 121.400769553369727, 0.483364559529624, 0.0 ], [ 121.400666876168145, 0.483056517395246, 0.0 ], [ 121.400273376850294, 0.482662914858993, 0.0 ], [ 121.400153599159069, 0.482252207664073, 0.0 ], [ 121.399794285675569, 0.482132398669969, 0.0 ], [ 121.399366404857233, 0.482303528214282, 0.0 ], [ 121.399160902526702, 0.482320649113292, 0.0 ], [ 121.398767351511637, 0.482149536752212, 0.0 ], [ 121.398527931811927, 0.481944158888962, 0.0 ], [ 121.398185442759257, 0.48190995121236, 0.0 ], [ 121.398031571849458, 0.482029744435967, 0.0 ], [ 121.397860343358161, 0.481944177160214, 0.0 ], [ 121.39786038734573, 0.481755918913799, 0.0 ], [ 121.398031403499687, 0.481550567747062, 0.0 ], [ 121.398271207314792, 0.481310965140329, 0.0 ], [ 121.398459355819398, 0.481071385531644, 0.0 ], [ 121.398664620724475, 0.480866041416598, 0.0 ], [ 121.398870218615087, 0.480438207477389, 0.0 ], [ 121.398887206074093, 0.479822141172485, 0.0 ], [ 121.398853051834749, 0.479411420191082, 0.0 ], [ 121.398493633093921, 0.478538648953668, 0.0 ], [ 121.397552431077159, 0.478093729468236, 0.0 ], [ 121.396850637322316, 0.477905482699752, 0.0 ], [ 121.39621764017943, 0.477648788332922, 0.0 ], [ 121.395567193155557, 0.4775803136478, 0.0 ], [ 121.394848548129843, 0.4774262945116, 0.0 ], [ 121.394420752290017, 0.47723804271345, 0.0 ], [ 121.393941566703603, 0.4771182770041, 0.0 ], [ 121.393410978617084, 0.477118258081903, 0.0 ], [ 121.393222641119124, 0.476964258821714, 0.0 ], [ 121.392880446250771, 0.47687868622968, 0.0 ], [ 121.392486825003004, 0.47701559252629, 0.0 ], [ 121.391699546871507, 0.477443429378992, 0.0 ], [ 121.391220518897072, 0.477854134641768, 0.0 ], [ 121.391083625580123, 0.478607097610899, 0.0 ], [ 121.390946684905501, 0.479565452304902, 0.0 ], [ 121.390980846511397, 0.479941940360388, 0.0 ], [ 121.391049501884169, 0.480472426683613, 0.0 ], [ 121.391152130428395, 0.480985823054007, 0.0 ], [ 121.391216367948942, 0.481203841633908, 0.0 ], [ 121.391690424085695, 0.481646107066362, 0.0 ], [ 121.392641990090794, 0.483370787650043, 0.0 ], [ 121.393414965293402, 0.485273864278505, 0.0 ], [ 121.39430719703229, 0.486225435604863, 0.0 ], [ 121.395496501644601, 0.488128507989609, 0.0 ], [ 121.396269672747295, 0.489198999499622, 0.0 ], [ 121.397161609521334, 0.490210028803987, 0.0 ], [ 121.397994453262328, 0.490626312401625, 0.0 ], [ 121.398589023043741, 0.490745260752349, 0.0 ], [ 121.398707913437789, 0.491339987459964, 0.0 ], [ 121.397577980366776, 0.491221050782302, 0.0 ], [ 121.396626485353949, 0.490388443162563, 0.0 ], [ 121.395793784538625, 0.489377428239405, 0.0 ], [ 121.395139588108265, 0.488544822918362, 0.0 ], [ 121.394306957878172, 0.487236461384581, 0.0 ], [ 121.393236657075789, 0.48545229414965, 0.0 ], [ 121.392523014931385, 0.484322329005442, 0.0 ], [ 121.391571422628473, 0.482716593764047, 0.0 ], [ 121.391110881369215, 0.482102535963973, 0.0 ], [ 121.390749901316156, 0.481914227742601, 0.0 ], [ 121.390450414597538, 0.481674639152389, 0.0 ], [ 121.390150891883977, 0.481584802737371, 0.0 ], [ 121.389941183949489, 0.481584788134386, 0.0 ], [ 121.389761745204567, 0.481794411233087, 0.0 ], [ 121.389402118277744, 0.481824388742362, 0.0 ], [ 121.388952979041719, 0.481674636493982, 0.0 ], [ 121.388713316630287, 0.481315268468955, 0.0 ], [ 121.388683383050321, 0.480866044182208, 0.0 ], [ 121.388773295127919, 0.480536606032115, 0.0 ], [ 121.388563650515863, 0.480267081845768, 0.0 ], [ 121.38829420915809, 0.479997543519266, 0.0 ], [ 121.387874813924626, 0.479907713271936, 0.0 ], [ 121.387335763099315, 0.480087400312649, 0.0 ], [ 121.386886575222107, 0.480147278664615, 0.0 ], [ 121.3864972183368, 0.480057455498732, 0.0 ], [ 121.38601806282179, 0.479817860091218, 0.0 ], [ 121.385538955641735, 0.479368635607739, 0.0 ], [ 121.385448426401368, 0.479271650827444, 0.0 ], [ 121.38511964518294, 0.478919424584605, 0.0 ], [ 121.384580749412621, 0.478440264329043, 0.0 ], [ 121.383981727844088, 0.478170719047392, 0.0 ], [ 121.383053188916392, 0.477631658289405, 0.0 ], [ 121.381585840616012, 0.477451955465584, 0.0 ], [ 121.380896936510879, 0.477392090348542, 0.0 ], [ 121.380208305941068, 0.477362110974093, 0.0 ], [ 121.379639296576457, 0.477212401900777, 0.0 ], [ 121.379040241567751, 0.47709260850584, 0.0 ], [ 121.378471210640569, 0.477032700328843, 0.0 ], [ 121.378111915368805, 0.476853013429883, 0.0 ], [ 121.37757290948781, 0.476853026619599, 0.0 ], [ 121.37709370716324, 0.476823062492508, 0.0 ], [ 121.376913961423796, 0.47715247650431, 0.0 ], [ 121.376764274586023, 0.477392062473063, 0.0 ], [ 121.376075322985898, 0.477541826109222, 0.0 ], [ 121.375446539628513, 0.477302231487657, 0.0 ], [ 121.375057214158261, 0.477092580435849, 0.0 ], [ 121.374817553477087, 0.476733215844253, 0.0 ], [ 121.374248537845673, 0.476613428691878, 0.0 ], [ 121.373679495186281, 0.476613434499411, 0.0 ], [ 121.373140490522616, 0.476613412133746, 0.0 ], [ 121.372960780146627, 0.476793111648303, 0.0 ], [ 121.372601450834182, 0.476763175810939, 0.0 ], [ 121.37218205210155, 0.476703267730664, 0.0 ], [ 121.371673106742008, 0.476613416578013, 0.0 ], [ 121.371283739874812, 0.476583472668172, 0.0 ], [ 121.370954189504445, 0.476463671952513, 0.0 ], [ 121.370643570750872, 0.476435440352611, 0.0 ], [ 121.370624898360489, 0.476433743251396, 0.0 ], [ 121.370505068807631, 0.476254043217698, 0.0 ], [ 121.370265387697472, 0.475984514212006, 0.0 ], [ 121.370058537034566, 0.475777415771476, 0.0 ], [ 121.369556314150131, 0.475758113864204, 0.0 ], [ 121.368981413106823, 0.475604765503883, 0.0 ], [ 121.368444705130273, 0.47539394957428, 0.0 ], [ 121.367984663351564, 0.475068128949667, 0.0 ], [ 121.367352240444362, 0.474799778493944, 0.0 ], [ 121.366796456745561, 0.474531447273678, 0.0 ], [ 121.366432113437497, 0.474339784513171, 0.0 ], [ 121.365933856828732, 0.474167272367092, 0.0 ], [ 121.365397145235249, 0.47397560401861, 0.0 ], [ 121.364534542366741, 0.473630611805768, 0.0 ], [ 121.363921209375505, 0.473362266485848, 0.0 ], [ 121.363231251200915, 0.473036462703317, 0.0 ], [ 121.363138368104316, 0.472873903794051, 0.0 ], [ 121.363036753766039, 0.472831558375146, 0.0 ], [ 121.362828219839201, 0.472622835259199, 0.0 ], [ 121.361999544202646, 0.471258222732577, 0.0 ], [ 121.361122015498182, 0.471119640852739, 0.0 ], [ 121.359932480398257, 0.471476474497238, 0.0 ], [ 121.356304575865735, 0.472844298915591, 0.0 ], [ 121.355759596808383, 0.473203332960485, 0.0 ], [ 121.355323018763301, 0.473390458390214, 0.0 ], [ 121.354545000414348, 0.473895403763551, 0.0 ], [ 121.354162837815181, 0.474277544333139, 0.0 ], [ 121.353439567622203, 0.474755195068015, 0.0 ], [ 121.352675346664569, 0.47508273442383, 0.0 ], [ 121.351733708696344, 0.475396630220119, 0.0 ], [ 121.350832790062697, 0.475655955843317, 0.0 ], [ 121.350287879589075, 0.475724675832749, 0.0 ], [ 121.350185979382573, 0.475709036738374, 0.0 ], [ 121.348774196893174, 0.475709015050744, 0.0 ], [ 121.34831324827887, 0.475680218818235, 0.0 ], [ 121.34805390356135, 0.475478549065071, 0.0 ], [ 121.347650750824911, 0.475593792076827, 0.0 ], [ 121.347218368166779, 0.475853088506843, 0.0 ], [ 121.346584759053613, 0.475881902906065, 0.0 ], [ 121.345864480324153, 0.475593785398968, 0.0 ], [ 121.345691353216381, 0.475248040917302, 0.0 ], [ 121.345633852488831, 0.475046350415935, 0.0 ], [ 121.345432063715236, 0.474815868599813, 0.0 ], [ 121.345057641668973, 0.474527763407399, 0.0 ], [ 121.34427960895907, 0.473922720994783, 0.0 ], [ 121.343444267127637, 0.473490516342538, 0.0 ], [ 121.342983066978718, 0.473346486211871, 0.0 ], [ 121.342090100996757, 0.473231214542151, 0.0 ], [ 121.341369735022951, 0.473317660607834, 0.0 ], [ 121.340620591208761, 0.474009130676327, 0.0 ], [ 121.340044464280567, 0.474326078865887, 0.0 ], [ 121.33935303478637, 0.474326052916866, 0.0 ], [ 121.338863228153784, 0.474066746600092, 0.0 ], [ 121.338517455394381, 0.473721033068956, 0.0 ], [ 121.338114099896487, 0.473519329445553, 0.0 ], [ 121.337797214173136, 0.473288855941449, 0.0 ], [ 121.337451324940417, 0.473432902827335, 0.0 ], [ 121.336846243350152, 0.473922693984656, 0.0 ], [ 121.336615739102911, 0.474037977760781, 0.0 ], [ 121.337944529889029, 0.475917364228299, 0.0 ], [ 121.338188693318685, 0.476204200264733, 0.0 ], [ 121.338402281890311, 0.476387595061948, 0.0 ], [ 121.338646489485257, 0.476490240868114, 0.0 ], [ 121.338875232746574, 0.47669656553249, 0.0 ], [ 121.339104286662135, 0.476776246304782, 0.0 ], [ 121.339218533834924, 0.476810328190007, 0.0 ], [ 121.339333059430601, 0.476855927019697, 0.0 ], [ 121.339691542832853, 0.476877562903181, 0.0 ], [ 121.339790914703855, 0.4769002310175, 0.0 ], [ 121.340019698598439, 0.476933846047815, 0.0 ], [ 121.340248755418614, 0.477002010880704, 0.0 ], [ 121.340355384844429, 0.477197319121485, 0.0 ], [ 121.34050043569701, 0.477553618939223, 0.0 ], [ 121.340500402560579, 0.477691743736423, 0.0 ], [ 121.340584300881233, 0.477852604381583, 0.0 ], [ 121.340813316313003, 0.478093478250256, 0.0 ], [ 121.341164219960476, 0.478115112454018, 0.0 ], [ 121.341431192145635, 0.478114082231622, 0.0 ], [ 121.341675366966527, 0.478354889355463, 0.0 ], [ 121.341751708250939, 0.478423652046648, 0.0 ], [ 121.341835556828258, 0.478791701050012, 0.0 ], [ 121.341843109252721, 0.478906794913962, 0.0 ], [ 121.341843084338166, 0.479010442391052, 0.0 ], [ 121.341980577158935, 0.479274644501375, 0.0 ], [ 121.342171372169389, 0.479688360378931, 0.0 ], [ 121.3422398253566, 0.479872284700215, 0.0 ], [ 121.342316327767051, 0.480436038283054, 0.0 ], [ 121.342362050282418, 0.480585549749195, 0.0 ], [ 121.342422920973661, 0.480781059582762, 0.0 ], [ 121.342422887651878, 0.480919184852917, 0.0 ], [ 121.342438180408806, 0.481529094716686, 0.0 ], [ 121.342422979346708, 0.481702012538791, 0.0 ], [ 121.342346840912484, 0.48195560036917, 0.0 ], [ 121.342300993188204, 0.482324146917116, 0.0 ], [ 121.342369728296376, 0.482502278258261, 0.0 ], [ 121.342399990995574, 0.482733000817718, 0.0 ], [ 121.3424077930257, 0.482973821149572, 0.0 ], [ 121.34241533619641, 0.483124312434251, 0.0 ], [ 121.342400135565711, 0.483294863388588, 0.0 ], [ 121.342438287740464, 0.483405231681937, 0.0 ], [ 121.342445842123084, 0.483509375053374, 0.0 ], [ 121.342613706181481, 0.483554704457249, 0.0 ], [ 121.342857933785041, 0.483576808019963, 0.0 ], [ 121.343094312219023, 0.483552844324401, 0.0 ], [ 121.343552165456828, 0.483608630889103, 0.0 ], [ 121.343773356749494, 0.483699862113278, 0.0 ], [ 121.344009974146644, 0.483848608173014, 0.0 ], [ 121.344261731349988, 0.484077831044453, 0.0 ], [ 121.344490485620184, 0.484238126901575, 0.0 ], [ 121.344620142884565, 0.484398822328495, 0.0 ], [ 121.344910065189495, 0.484685495113561, 0.0 ], [ 121.345184830991684, 0.484960718548004, 0.0 ], [ 121.345436596684067, 0.48515542794683, 0.0 ], [ 121.345741745541545, 0.485165712353046, 0.0 ], [ 121.346077491026819, 0.485187449976125, 0.0 ], [ 121.346489608689311, 0.485151271367039, 0.0 ], [ 121.346786905683715, 0.485127110718268, 0.0 ], [ 121.347023548613407, 0.485172209887823, 0.0 ], [ 121.347275334142893, 0.485286340266748, 0.0 ], [ 121.347496495123096, 0.485504251648842, 0.0 ], [ 121.347839989482623, 0.485986398246689, 0.0 ], [ 121.348015372137255, 0.486285018971459, 0.0 ], [ 121.348129831037483, 0.486606940055383, 0.0 ], [ 121.348206164046729, 0.486710217537593, 0.0 ], [ 121.34840454958956, 0.487077871568724, 0.0 ], [ 121.348450285958918, 0.487169766471433, 0.0 ], [ 121.348541747469113, 0.487399621737809, 0.0 ], [ 121.34858746699274, 0.487560614829378, 0.0 ], [ 121.348694368536357, 0.487790509269041, 0.0 ], [ 121.348839185336516, 0.487951067630669, 0.0 ], [ 121.349083382965205, 0.488099780949484, 0.0 ], [ 121.349403989443729, 0.48804093594879, 0.0 ], [ 121.349678542371052, 0.488039873343675, 0.0 ], [ 121.349892179947489, 0.488027526592498, 0.0 ], [ 121.350113405642404, 0.487980632589506, 0.0 ], [ 121.350250687761317, 0.487957068524673, 0.0 ], [ 121.350555826250996, 0.488013453992524, 0.0 ], [ 121.350662727948887, 0.488243242675183, 0.0 ], [ 121.350754192318831, 0.488461652495191, 0.0 ], [ 121.350693240417527, 0.488599975245778, 0.0 ], [ 121.350708618719352, 0.488853233333523, 0.0 ], [ 121.350609470739755, 0.489060856827032, 0.0 ], [ 121.350502392015557, 0.489556246391602, 0.0 ], [ 121.350464413980617, 0.489881945482944, 0.0 ], [ 121.350403400746686, 0.490270449009182, 0.0 ], [ 121.350464509511667, 0.490638564227845, 0.0 ], [ 121.350655062603551, 0.4908910886303, 0.0 ], [ 121.350876478980339, 0.491212577697846, 0.0 ], [ 121.351234913859187, 0.491441439968491, 0.0 ], [ 121.351471506601115, 0.49169376401335, 0.0 ], [ 121.351562987663399, 0.491843075789804, 0.0 ], [ 121.351624130168062, 0.492073065350711, 0.0 ], [ 121.351585922701531, 0.492188325630431, 0.0 ], [ 121.351576161051909, 0.492258027054974, 0.0 ], [ 121.351555269461755, 0.492407199884086, 0.0 ], [ 121.351463740355513, 0.492453595877444, 0.0 ], [ 121.351028848074918, 0.492627964216589, 0.0 ], [ 121.350891545929542, 0.492732142613521, 0.0 ], [ 121.350632123702283, 0.492848266161809, 0.0 ], [ 121.35027359555653, 0.492999302655698, 0.0 ], [ 121.350159333067111, 0.493022801461622, 0.0 ], [ 121.349823555372481, 0.493127742733294, 0.0 ], [ 121.34950321782577, 0.49323261715533, 0.0 ], [ 121.349228366958016, 0.49330274183224, 0.0 ], [ 121.348938640306102, 0.4933614523748, 0.0 ], [ 121.348572246267082, 0.49353555463985, 0.0 ], [ 121.348236655701967, 0.494020394317944, 0.0 ], [ 121.348038140463942, 0.494182350843113, 0.0 ], [ 121.34780174673179, 0.494263859961323, 0.0 ], [ 121.347549949926346, 0.494195758528208, 0.0 ], [ 121.347397250465718, 0.494127258011127, 0.0 ], [ 121.347259993945528, 0.494047209687247, 0.0 ], [ 121.346909082848725, 0.494048605489121, 0.0 ], [ 121.346619273888962, 0.494441148624007, 0.0 ], [ 121.346336798024652, 0.49469549727104, 0.0 ], [ 121.34599365334283, 0.495076757709727, 0.0 ], [ 121.345474735286842, 0.495608392809758, 0.0 ], [ 121.344925489874754, 0.49617463962666, 0.0 ], [ 121.344795764629623, 0.496290229597855, 0.0 ], [ 121.344757556901442, 0.496405524682268, 0.0 ], [ 121.34466599927606, 0.496567048303768, 0.0 ], [ 121.344643223009314, 0.49671682563404, 0.0 ], [ 121.344673776596267, 0.49690084750023, 0.0 ], [ 121.344787978691699, 0.497119156896745, 0.0 ], [ 121.345039769399264, 0.497210256070106, 0.0 ], [ 121.345223007823336, 0.497520395761279, 0.0 ], [ 121.345444147505901, 0.497818816778954, 0.0 ], [ 121.345352810139261, 0.498222148356513, 0.0 ], [ 121.345301976998456, 0.498307412968417, 0.0 ], [ 121.344720735692619, 0.498841221410666, 0.0 ], [ 121.344268049485336, 0.499448752522306, 0.0 ], [ 121.344003741387354, 0.500018320200306, 0.0 ], [ 121.343898897747536, 0.500544477062208, 0.0 ], [ 121.343869407446306, 0.50059954308133, 0.0 ], [ 121.343729265045965, 0.500834285230782, 0.0 ], [ 121.343713773885867, 0.501037760082327, 0.0 ], [ 121.344005603121673, 0.501548545012058, 0.0 ], [ 121.344332249069822, 0.50203383344745, 0.0 ], [ 121.344394456562668, 0.502487755541674, 0.0 ], [ 121.344300867492223, 0.502910338866096, 0.0 ], [ 121.344082958992274, 0.503160745862567, 0.0 ], [ 121.343834174289469, 0.503395460075433, 0.0 ], [ 121.343460793546967, 0.503442313065365, 0.0 ], [ 121.343071696029398, 0.503473512501466, 0.0 ], [ 121.343071664405088, 0.503598743757409, 0.0 ], [ 121.343476130847819, 0.503849274522787, 0.0 ], [ 121.344347093132342, 0.50439733600716, 0.0 ], [ 121.344596008429875, 0.504757409016614, 0.0 ], [ 121.34458048520051, 0.505086079951526, 0.0 ], [ 121.34442461341942, 0.505352116848216, 0.0 ], [ 121.34416010356523, 0.505602511625484, 0.0 ], [ 121.343382184768998, 0.505680559279868, 0.0 ], [ 121.342168852520103, 0.505774144293562, 0.0 ], [ 121.341577594917936, 0.505946171804376, 0.0 ], [ 121.341064123027593, 0.506024322334157, 0.0 ], [ 121.340535262930374, 0.505898955030241, 0.0 ], [ 121.339446318725251, 0.505898674517384, 0.0 ], [ 121.339026045065467, 0.505992498290845, 0.0 ], [ 121.338419292462461, 0.506383648871393, 0.0 ], [ 121.338092485378937, 0.506540059041364, 0.0 ], [ 121.33771904157993, 0.506837372790807, 0.0 ], [ 121.33756346648704, 0.507040810736052, 0.0 ], [ 121.337049490847562, 0.507995364562967, 0.0 ], [ 121.336137729943019, 0.508925086300964, 0.0 ], [ 121.335887653035826, 0.509818805421185, 0.0 ], [ 121.335470902484076, 0.510405285683583, 0.0 ], [ 121.335554048557569, 0.51129912660202, 0.0 ], [ 121.33527632973319, 0.511606284550874, 0.0 ], [ 121.334804095459461, 0.51180169067309, 0.0 ], [ 121.334193585109631, 0.511522208306773, 0.0 ], [ 121.333888160833794, 0.511494185602439, 0.0 ], [ 121.333693566274846, 0.511689664129493, 0.0 ], [ 121.333938360394043, 0.512777345106068, 0.0 ], [ 121.333970721956007, 0.513561166935909, 0.0 ], [ 121.333692930421876, 0.514147646888867, 0.0 ], [ 121.333776139814589, 0.514790107375455, 0.0 ], [ 121.334157505403027, 0.515341681983843, 0.0 ], [ 121.334179502739957, 0.516034536737679, 0.0 ], [ 121.334157040008279, 0.517129672319898, 0.0 ], [ 121.334067792658772, 0.51811301871159, 0.0 ], [ 121.333823267227842, 0.519230421309595, 0.0 ], [ 121.333689681368938, 0.520146706895312, 0.0 ], [ 121.333158141953348, 0.521678123737183, 0.0 ], [ 121.33263053680524, 0.522124891931001, 0.0 ], [ 121.331492119893738, 0.52237596733307, 0.0 ], [ 121.331297760583141, 0.522739030843881, 0.0 ], [ 121.331658303705694, 0.523465358389012, 0.0 ], [ 121.33257449561755, 0.523856662313919, 0.0 ], [ 121.3335775835953, 0.523677898856194, 0.0 ], [ 121.334266419239469, 0.5239462782533, 0.0 ], [ 121.334754697095661, 0.524661619466408, 0.0 ], [ 121.335032981359291, 0.525410323070767, 0.0 ], [ 121.335199849271845, 0.526034684661107, 0.0 ], [ 121.335378852052088, 0.526418938611188, 0.0 ], [ 121.335676953700528, 0.526539091915205, 0.0 ], [ 121.336070828373309, 0.526491154365453, 0.0 ], [ 121.336452944337069, 0.526323175707448, 0.0 ], [ 121.337049470149992, 0.526407376577902, 0.0 ], [ 121.337383502163775, 0.526539550411735, 0.0 ], [ 121.337729602398738, 0.526683703050716, 0.0 ], [ 121.338182950612378, 0.526791887250803, 0.0 ], [ 121.339275297003226, 0.526676664145613, 0.0 ], [ 121.340349454918282, 0.526340788920913, 0.0 ], [ 121.34095807236929, 0.526352927527478, 0.0 ], [ 121.341626176039114, 0.52647317999626, 0.0 ], [ 121.342103674281475, 0.526557348763327, 0.0 ], [ 121.342568772969926, 0.526821606958565, 0.0 ], [ 121.342974609292071, 0.527193912100836, 0.0 ], [ 121.343392198193584, 0.527710315971612, 0.0 ], [ 121.343773774233767, 0.528526841573411, 0.0 ], [ 121.344167488361464, 0.529091247749784, 0.0 ], [ 121.344549029097806, 0.530039858509505, 0.0 ], [ 121.344715763304066, 0.531168504639483, 0.0 ], [ 121.344709957877527, 0.531885094921174, 0.0 ], [ 121.344733730301201, 0.532221300733875, 0.0 ], [ 121.344864738312751, 0.532569511130214, 0.0 ], [ 121.345067603544919, 0.532953773733639, 0.0 ], [ 121.345843055484295, 0.533722399290974, 0.0 ], [ 121.346714007295944, 0.534298947202076, 0.0 ], [ 121.347262881373069, 0.53517553990166, 0.0 ], [ 121.347383045587108, 0.536180003528956, 0.0 ], [ 121.34763268584544, 0.536962159135372, 0.0 ], [ 121.347665905268741, 0.537659967522268, 0.0 ], [ 121.347248271521693, 0.538356239848285, 0.0 ], [ 121.347021276223487, 0.538968522844323, 0.0 ], [ 121.346830126683912, 0.539904968995879, 0.0 ], [ 121.346722434862755, 0.540541270878529, 0.0 ], [ 121.346125573520638, 0.541681720178148, 0.0 ], [ 121.345922429419176, 0.542330006369633, 0.0 ], [ 121.345742172634033, 0.543464917287055, 0.0 ], [ 121.345157103407999, 0.544593357378291, 0.0 ], [ 121.344655717453634, 0.545625768011897, 0.0 ], [ 121.34402117832866, 0.546973179976655, 0.0 ], [ 121.343952285767671, 0.547387324956121, 0.0 ], [ 121.344202591949767, 0.547771602120166, 0.0 ], [ 121.345944625581424, 0.549452978453262, 0.0 ], [ 121.3469824481366, 0.550617902922683, 0.0 ], [ 121.348378730535913, 0.552923860788405, 0.0 ], [ 121.349960719550268, 0.554711955085034, 0.0 ], [ 121.350266008590637, 0.555242747659372, 0.0 ], [ 121.350238107694196, 0.555633766529455, 0.0 ], [ 121.349451803034057, 0.557563207905547, 0.0 ], [ 121.349129629700712, 0.558187438128792, 0.0 ], [ 121.348699648468397, 0.55883565947437, 0.0 ], [ 121.348269920878352, 0.559579967989636, 0.0 ], [ 121.347744561056402, 0.559976002863686, 0.0 ], [ 121.346920862190132, 0.561092395861999, 0.0 ], [ 121.346538878392565, 0.56176461586042, 0.0 ], [ 121.346105186356411, 0.562626451944163, 0.0 ], [ 121.34593801238708, 0.563118675000255, 0.0 ], [ 121.345806321698149, 0.564211206405511, 0.0 ], [ 121.345731607845352, 0.565342754136404, 0.0 ], [ 121.345698339544171, 0.565844058812041, 0.0 ], [ 121.343323635620351, 0.56583136557891, 0.0 ], [ 121.341850853467591, 0.568037624508059, 0.0 ], [ 121.341588253394974, 0.568445777438713, 0.0 ], [ 121.340919424276223, 0.569874313672551, 0.0 ], [ 121.340752327393744, 0.570090390405413, 0.0 ], [ 121.340000305908845, 0.570870596475119, 0.0 ], [ 121.339594546216858, 0.571230663409432, 0.0 ], [ 121.339188440198541, 0.571818865957434, 0.0 ], [ 121.338472258385664, 0.572923233079452, 0.0 ], [ 121.338012248924201, 0.573520462571623, 0.0 ], [ 121.337140881019792, 0.574420704164184, 0.0 ], [ 121.336842408631128, 0.5746127197557, 0.0 ], [ 121.33650827650311, 0.574828711196788, 0.0 ], [ 121.33531476872659, 0.575248599342375, 0.0 ], [ 121.334801568905917, 0.575332489154982, 0.0 ], [ 121.334383824515456, 0.575392420584046, 0.0 ], [ 121.33310700701395, 0.57558411244714, 0.0 ], [ 121.332570001420351, 0.575475927564754, 0.0 ], [ 121.332095030574592, 0.575391076086733, 0.0 ], [ 121.330889760623549, 0.574754359665279, 0.0 ], [ 121.330364823618936, 0.574658153965339, 0.0 ], [ 121.329875560368919, 0.574489929213521, 0.0 ], [ 121.328837015562499, 0.574921871221727, 0.0 ], [ 121.328407397946179, 0.575269916618674, 0.0 ], [ 121.327882391717822, 0.575413820699148, 0.0 ], [ 121.326414233429546, 0.57618179530146, 0.0 ], [ 121.325853308209233, 0.576277680344299, 0.0 ], [ 121.324039411845888, 0.57663732528284, 0.0 ], [ 121.323072619927188, 0.576504990770425, 0.0 ], [ 121.321904282297879, 0.576314520854852, 0.0 ], [ 121.321462717171912, 0.576242360603389, 0.0 ], [ 121.320114349811917, 0.576338011093762, 0.0 ], [ 121.319792080613212, 0.576313893874784, 0.0 ], [ 121.318777675292409, 0.576769824160843, 0.0 ], [ 121.318419395535173, 0.577009826460654, 0.0 ], [ 121.318204532605137, 0.577369978772006, 0.0 ], [ 121.317285433718013, 0.578306189068671, 0.0 ], [ 121.316927477070749, 0.57840213275047, 0.0 ], [ 121.316402220726019, 0.57844998347492, 0.0 ], [ 121.315375985555761, 0.578089496406457, 0.0 ], [ 121.315042018517374, 0.577753237727067, 0.0 ], [ 121.315078400359099, 0.57622845210699, 0.0 ], [ 121.314744134819406, 0.575952211966184, 0.0 ], [ 121.313789812713267, 0.575435643679549, 0.0 ], [ 121.313431664411496, 0.575231425621973, 0.0 ], [ 121.313056401777914, 0.574993254607862, 0.0 ], [ 121.312328673221742, 0.574320685837053, 0.0 ], [ 121.311636650004687, 0.57346803822587, 0.0 ], [ 121.311207313484672, 0.57286762307414, 0.0 ], [ 121.310216940974357, 0.571798766084024, 0.0 ], [ 121.309787597520227, 0.571222337685855, 0.0 ], [ 121.308976416467232, 0.569853409265634, 0.0 ], [ 121.307631547654296, 0.568576453353779, 0.0 ], [ 121.306736725422525, 0.568119960320361, 0.0 ], [ 121.306187681167131, 0.567927698261998, 0.0 ], [ 121.304922779090532, 0.567759246306502, 0.0 ], [ 121.304409591351572, 0.567831123397093, 0.0 ], [ 121.303848694374437, 0.567854943697492, 0.0 ], [ 121.302702930584815, 0.568274836356801, 0.0 ], [ 121.30156890462456, 0.569835318478988, 0.0 ], [ 121.301210800221185, 0.570447507306264, 0.0 ], [ 121.300959886869762, 0.571215830704057, 0.0 ], [ 121.300850480847203, 0.571909235592409, 0.0 ], [ 121.300694670117196, 0.573842194471767, 0.0 ], [ 121.300539145161622, 0.574802645214171, 0.0 ], [ 121.300384039050911, 0.575294857958335, 0.0 ], [ 121.300228716086281, 0.575570949872821, 0.0 ], [ 121.29934533310832, 0.576315060784553, 0.0 ], [ 121.298581653157399, 0.576675008411813, 0.0 ], [ 121.29769158702176, 0.577236589899792, 0.0 ], [ 121.297381303488763, 0.577512669782658, 0.0 ], [ 121.296903881168149, 0.578148840741414, 0.0 ], [ 121.296402334202057, 0.578724986343219, 0.0 ], [ 121.29554304289266, 0.579637178754426, 0.0 ], [ 121.294934290983861, 0.58010523086101, 0.0 ], [ 121.294241969387016, 0.580285108991178, 0.0 ], [ 121.29301283023274, 0.58070496480405, 0.0 ], [ 121.292380260231994, 0.58102891678911, 0.0 ], [ 121.291437248667336, 0.581220728246671, 0.0 ], [ 121.290567822478693, 0.581295529396657, 0.0 ], [ 121.289553230609513, 0.58147530783466, 0.0 ], [ 121.288825298308581, 0.581523127940224, 0.0 ], [ 121.287631940357642, 0.581522763558277, 0.0 ], [ 121.286689327436505, 0.581330377503457, 0.0 ], [ 121.286033053190096, 0.581138078973468, 0.0 ], [ 121.285340756051454, 0.581245926907962, 0.0 ], [ 121.284600987863683, 0.581449809079552, 0.0 ], [ 121.283956377882987, 0.581677705859045, 0.0 ], [ 121.283264347564526, 0.581833595393925, 0.0 ], [ 121.282500434150307, 0.582049444627879, 0.0 ], [ 121.281058894906778, 0.582134806892691, 0.0 ], [ 121.279805729536548, 0.582194474603818, 0.0 ], [ 121.278910712491538, 0.582434303506511, 0.0 ], [ 121.278313859633471, 0.582554189537214, 0.0 ], [ 121.277371204191766, 0.582517867988778, 0.0 ], [ 121.276106298234808, 0.582421430009221, 0.0 ], [ 121.27542608266188, 0.582505258459358, 0.0 ], [ 121.274507118307483, 0.583033259129033, 0.0 ], [ 121.27376695204498, 0.583633306508106, 0.0 ], [ 121.273248561301671, 0.584216289384125, 0.0 ], [ 121.272723376444475, 0.584984513399549, 0.0 ], [ 121.27191142705567, 0.586232889291809, 0.0 ], [ 121.271601107872087, 0.586628961021, 0.0 ], [ 121.271588963119058, 0.586869095558499, 0.0 ], [ 121.271242777794299, 0.58704907387395, 0.0 ], [ 121.270121117263884, 0.587625013699204, 0.0 ], [ 121.26954812007321, 0.587768889575217, 0.0 ], [ 121.26860540540315, 0.587936706060192, 0.0 ], [ 121.26713912543903, 0.588170769129208, 0.0 ], [ 121.266184314854314, 0.588422583248986, 0.0 ], [ 121.265551790913179, 0.588614481172316, 0.0 ], [ 121.264752163892311, 0.589046428641042, 0.0 ], [ 121.264215126219042, 0.589106312239744, 0.0 ], [ 121.263415577590678, 0.589286146681482, 0.0 ], [ 121.262842847806454, 0.5894780624961, 0.0 ], [ 121.26263988676638, 0.589477998740166, 0.0 ], [ 121.262520565611297, 0.58952596749056, 0.0 ], [ 121.261804328211412, 0.58990993344719, 0.0 ], [ 121.261625457054947, 0.59007795191726, 0.0 ], [ 121.26105233120542, 0.590642047501726, 0.0 ], [ 121.260586739849018, 0.591146160038329, 0.0 ], [ 121.26002561740043, 0.591926374749833, 0.0 ], [ 121.259559980794535, 0.592574540392236, 0.0 ], [ 121.258807964241058, 0.593366668688348, 0.0 ], [ 121.257965526003574, 0.594253048868091, 0.0 ], [ 121.257249433559835, 0.595069243056771, 0.0 ], [ 121.256819818702098, 0.595429275679508, 0.0 ], [ 121.255793238244749, 0.596281330117181, 0.0 ], [ 121.255029195073703, 0.596929432828767, 0.0 ], [ 121.254611355157436, 0.597337509541455, 0.0 ], [ 121.254420405038431, 0.597529543228896, 0.0 ], [ 121.254145804200633, 0.597709539758222, 0.0 ], [ 121.25364462839444, 0.597997486004979, 0.0 ], [ 121.252904495595118, 0.598489531018247, 0.0 ], [ 121.252329198979083, 0.598811929652969, 0.0 ], [ 121.252090527609667, 0.599000415099775, 0.0 ], [ 121.251834705172115, 0.599274592151148, 0.0 ], [ 121.251630254350516, 0.599548856282377, 0.0 ], [ 121.251289341185981, 0.599925870630295, 0.0 ], [ 121.250829122203498, 0.600302846392191, 0.0 ], [ 121.250266743147364, 0.600611259571097, 0.0 ], [ 121.249642011107852, 0.601024424654399, 0.0 ], [ 121.248337357470547, 0.601499540664223, 0.0 ], [ 121.247581924672801, 0.601555179650441, 0.0 ], [ 121.246025681715906, 0.601358908570874, 0.0 ], [ 121.244446292342488, 0.600687164346718, 0.0 ], [ 121.243690923710489, 0.600547106294806, 0.0 ], [ 121.242859445056737, 0.600518860366898, 0.0 ], [ 121.241913272881277, 0.600993948265875, 0.0 ], [ 121.2409139824547, 0.601664926656413, 0.0 ], [ 121.2401890611319, 0.602000342307755, 0.0 ], [ 121.2394108305228, 0.60225173922082, 0.0 ], [ 121.239105908169208, 0.6024474069297, 0.0 ], [ 121.238663317256581, 0.603006727938231, 0.0 ], [ 121.238022431465481, 0.603901563963598, 0.0 ], [ 121.237129814613041, 0.605439499889941, 0.0 ], [ 121.236603206867727, 0.606250441362314, 0.0 ], [ 121.235130761009316, 0.608235811669226, 0.0 ], [ 121.234573969599367, 0.609494227570843, 0.0 ], [ 121.234489905440981, 0.610752799031226, 0.0 ], [ 121.23407040127411, 0.61195530574623, 0.0 ], [ 121.233383657339587, 0.61314514770026, 0.0 ], [ 121.233292205774333, 0.613810835668653, 0.0 ], [ 121.233437009170103, 0.613953522640047, 0.0 ], [ 121.233620364196284, 0.614666707086479, 0.0 ], [ 121.233246385012563, 0.615712670963413, 0.0 ], [ 121.231964672841855, 0.617281339366053, 0.0 ], [ 121.231590802175162, 0.617994407494508, 0.0 ], [ 121.231430492807618, 0.619748547721359, 0.0 ], [ 121.231239803190448, 0.620842046453633, 0.0 ], [ 121.231095028080858, 0.621460169023118, 0.0 ], [ 121.230438753813758, 0.622173069882174, 0.0 ], [ 121.229302108362219, 0.623076133588478, 0.0 ], [ 121.228638296333756, 0.62450229318725, 0.0 ], [ 121.227882889404924, 0.626166221765638, 0.0 ], [ 121.227692195430706, 0.627259717571719, 0.0 ], [ 121.227501516783974, 0.628305667032274, 0.0 ], [ 121.22750160508258, 0.628876220417433, 0.0 ], [ 121.227554829039747, 0.629209132063239, 0.0 ], [ 121.228119559974289, 0.630255340054946, 0.0 ], [ 121.229347826977943, 0.631539577630784, 0.0 ], [ 121.230621803239856, 0.632966400251193, 0.0 ], [ 121.231222832033794, 0.633761115843372, 0.0 ], [ 121.231377157818912, 0.633965200794444, 0.0 ], [ 121.231659453543315, 0.635106407140932, 0.0 ], [ 121.23175875269763, 0.63615245822473, 0.0 ], [ 121.231468694808456, 0.637198374840446, 0.0 ], [ 121.231613782359062, 0.638149419990456, 0.0 ], [ 121.231659397530876, 0.639385637462845, 0.0 ], [ 121.231850290122395, 0.640193989461161, 0.0 ], [ 121.231850114199204, 0.64152535429554, 0.0 ], [ 121.231377337801518, 0.642476184637113, 0.0 ], [ 121.230705874021837, 0.643247074920276, 0.0 ], [ 121.229523257900453, 0.643912308204202, 0.0 ], [ 121.228859558800949, 0.644958161912194, 0.0 ], [ 121.228485774561648, 0.645385875497632, 0.0 ], [ 121.228012747624305, 0.645433255706544, 0.0 ], [ 121.225456741335279, 0.644005976634547, 0.0 ], [ 121.224655587939026, 0.643149867062513, 0.0 ], [ 121.223053513340005, 0.641580217191988, 0.0 ], [ 121.22182509058014, 0.639963224683741, 0.0 ], [ 121.22106995938141, 0.639154609332175, 0.0 ], [ 121.220123810097334, 0.638726365972468, 0.0 ], [ 121.218941248900279, 0.638440678110479, 0.0 ], [ 121.21761374066449, 0.63844021490234, 0.0 ], [ 121.215912419810167, 0.638962624673071, 0.0 ], [ 121.213028395820402, 0.640435603820259, 0.0 ], [ 121.211281271414009, 0.641100629844197, 0.0 ], [ 121.209816630253485, 0.641528095939962, 0.0 ], [ 121.207314202946691, 0.641907507800114, 0.0 ], [ 121.204102132201754, 0.642286736986301, 0.0 ], [ 121.202583895833214, 0.642666563262688, 0.0 ], [ 121.201454649093904, 0.642476051922118, 0.0 ], [ 121.200226444210671, 0.641905000982427, 0.0 ], [ 121.199371787042622, 0.641571880391582, 0.0 ], [ 121.198235210758597, 0.641476386805921, 0.0 ], [ 121.197342491924545, 0.641618776847368, 0.0 ], [ 121.196678785608327, 0.64190374252349, 0.0 ], [ 121.194382164549921, 0.645398173275717, 0.0 ], [ 121.192444527075992, 0.646633655332289, 0.0 ], [ 121.190453172505684, 0.648154456165288, 0.0 ], [ 121.187805606273301, 0.650198011683516, 0.0 ], [ 121.186676684157604, 0.651481319652029, 0.0 ], [ 121.183746866228262, 0.652336066453722, 0.0 ], [ 121.181664068121137, 0.653666637143439, 0.0 ], [ 121.180481522721749, 0.654189199500381, 0.0 ], [ 121.179680481619144, 0.654664284867871, 0.0 ], [ 121.179207311360969, 0.655139630955519, 0.0 ], [ 121.17768924104351, 0.65742129641813, 0.0 ], [ 121.175896161023942, 0.660225848315692, 0.0 ], [ 121.175278391464872, 0.661556872716255, 0.0 ], [ 121.175087458306166, 0.662460151928749, 0.0 ], [ 121.173935432344436, 0.66472286650268, 0.0 ], [ 121.173271849994393, 0.665435789634409, 0.0 ], [ 121.171242311053845, 0.666195817167585, 0.0 ], [ 121.168121791434771, 0.668096502468822, 0.0 ], [ 121.166420458402811, 0.66871394195858, 0.0 ], [ 121.165520254823036, 0.669379155312137, 0.0 ], [ 121.165047256228618, 0.670139829825027, 0.0 ], [ 121.164719224874176, 0.671328246791995, 0.0 ], [ 121.16429200928647, 0.673515200316403, 0.0 ], [ 121.163582312094974, 0.675179056565093, 0.0 ], [ 121.162727945744422, 0.676367341541466, 0.0 ], [ 121.162026075725691, 0.677365576594661, 0.0 ], [ 121.161263165447622, 0.678696527274285, 0.0 ], [ 121.16214796627952, 0.679431507874221, 0.0 ], [ 121.163948542421565, 0.679907641542003, 0.0 ], [ 121.165840787225974, 0.680716692612408, 0.0 ], [ 121.1685337593415, 0.681906337092579, 0.0 ], [ 121.169617333902607, 0.682572446890654, 0.0 ], [ 121.171555269653851, 0.683571555877131, 0.0 ], [ 121.172310377265489, 0.684332630442989, 0.0 ], [ 121.173065639732641, 0.68542644766663, 0.0 ], [ 121.173447328303155, 0.686377558603306, 0.0 ], [ 121.173912642337754, 0.688136961953249, 0.0 ], [ 121.17401191465629, 0.690609253922263, 0.0 ], [ 121.174293951092807, 0.693020508360335, 0.0 ], [ 121.174912004173166, 0.694684884115952, 0.0 ], [ 121.175758874143057, 0.696254260609245, 0.0 ], [ 121.176895763277983, 0.698441763032358, 0.0 ], [ 121.177651040761816, 0.699488114090423, 0.0 ], [ 121.178642886632502, 0.70072466713456, 0.0 ], [ 121.178879307970391, 0.701295297601349, 0.0 ], [ 121.178970825602534, 0.702008505883293, 0.0 ], [ 121.17897101879305, 0.702959473175583, 0.0 ], [ 121.178826015750957, 0.705526836750474, 0.0 ], [ 121.179161512450705, 0.706858365581846, 0.0 ], [ 121.17953548491721, 0.708142223961809, 0.0 ], [ 121.179772073849477, 0.708998054142044, 0.0 ], [ 121.179726077491026, 0.710329432948713, 0.0 ], [ 121.180115209456872, 0.712321879274506, 0.0 ], [ 121.18058847727221, 0.713796029043338, 0.0 ], [ 121.181717438845681, 0.71541300521301, 0.0 ], [ 121.181953987901039, 0.716363997697948, 0.0 ], [ 121.182709355023675, 0.717172633774092, 0.0 ], [ 121.18422750207246, 0.717791324994303, 0.0 ], [ 121.18498288894942, 0.718552346688676, 0.0 ], [ 121.186447737475987, 0.720502349072598, 0.0 ], [ 121.187439411248064, 0.722166823164309, 0.0 ], [ 121.187576752868978, 0.723403120324066, 0.0 ], [ 121.187149550549421, 0.725399840221223, 0.0 ], [ 121.185966932803822, 0.728109569851769, 0.0 ], [ 121.185257495107322, 0.72967826704489, 0.0 ], [ 121.184830361294829, 0.731484802717412, 0.0 ], [ 121.184502235636714, 0.732102753671641, 0.0 ], [ 121.18388412942339, 0.732720586018524, 0.0 ], [ 121.183411255891414, 0.733084574503211, 0.0 ], [ 121.183083187188373, 0.733559889795758, 0.0 ], [ 121.182701743810327, 0.734130272892956, 0.0 ], [ 121.182701813245274, 0.734653267057909, 0.0 ], [ 121.182892431407055, 0.735319044733033, 0.0 ], [ 121.183601940766593, 0.736365324262537, 0.0 ], [ 121.183884207159963, 0.736698254727423, 0.0 ], [ 121.18393012915142, 0.736983613941193, 0.0 ], [ 121.183792665886202, 0.737459007002465, 0.0 ], [ 121.182938310853075, 0.739170273286875, 0.0 ], [ 121.182800856701903, 0.740311294809297, 0.0 ], [ 121.18237367205532, 0.742212985613059, 0.0 ], [ 121.182083825340698, 0.743258853538302, 0.0 ], [ 121.182228605817457, 0.744114792517018, 0.0 ], [ 121.182556596868039, 0.745208461650586, 0.0 ], [ 121.183128803946559, 0.745636603707682, 0.0 ], [ 121.18444873322656, 0.747016026647999, 0.0 ], [ 121.18529564103676, 0.74910835834328, 0.0 ], [ 121.185913695849067, 0.749999819912377, 0.0 ], [ 121.186470676349543, 0.753993409945978, 0.0 ], [ 121.18631037498767, 0.756051978188603, 0.0 ], [ 121.186920674435811, 0.758037469396315, 0.0 ], [ 121.188431421944756, 0.759582720251232, 0.0 ], [ 121.189850413960031, 0.761035104859368, 0.0 ], [ 121.19097202974072, 0.76271491803415, 0.0 ], [ 121.191368695935907, 0.765377331417775, 0.0 ], [ 121.19305464280886, 0.766855268202997, 0.0 ], [ 121.195282516839711, 0.766002378199219, 0.0 ], [ 121.198853039058946, 0.765922081669794, 0.0 ], [ 121.200882597784201, 0.766056886613357, 0.0 ], [ 121.203064626238557, 0.76678010375411, 0.0 ], [ 121.205254232404371, 0.767514981486288, 0.0 ], [ 121.209206173610028, 0.768359118132382, 0.0 ], [ 121.210541210516482, 0.769902830807938, 0.0 ], [ 121.212494444134705, 0.772016366142773, 0.0 ], [ 121.213860018948907, 0.773709939395432, 0.0 ], [ 121.214004943673658, 0.776220316767899, 0.0 ], [ 121.213738054019814, 0.778703602142387, 0.0 ], [ 121.214890116308581, 0.780774841971281, 0.0 ], [ 121.216408238320682, 0.782193740157781, 0.0 ], [ 121.217461205021891, 0.78426409418058, 0.0 ], [ 121.217156051548912, 0.786263642830258, 0.0 ], [ 121.216820445207446, 0.788573673658747, 0.0 ], [ 121.215736970829312, 0.79025489965308, 0.0 ], [ 121.21668309684658, 0.792036474811057, 0.0 ], [ 121.218750520545569, 0.792321302820413, 0.0 ], [ 121.220703815167084, 0.792973307840521, 0.0 ], [ 121.223144973907395, 0.793722099910647, 0.0 ], [ 121.225601871840936, 0.794436564446181, 0.0 ], [ 121.22789061854732, 0.795149331839377, 0.0 ], [ 121.230080128667993, 0.795538983243853, 0.0 ], [ 121.232292706733645, 0.796481254189211, 0.0 ], [ 121.234375493783674, 0.797652370407613, 0.0 ], [ 121.235901389651104, 0.799969021448392, 0.0 ], [ 121.238136735270473, 0.80152142669168, 0.0 ], [ 121.240997807258339, 0.80115797750822, 0.0 ], [ 121.245186482870736, 0.80139441005838, 0.0 ], [ 121.247498028067412, 0.800714847285748, 0.0 ], [ 121.250000417794311, 0.800164014976738, 0.0 ], [ 121.250504042335848, 0.800181398924531, 0.0 ], [ 121.250664344503832, 0.800170587830999, 0.0 ], [ 121.251350877807823, 0.799828023543307, 0.0 ], [ 121.251618067288661, 0.7993225747341, 0.0 ], [ 121.251884907722328, 0.798978346391736, 0.0 ], [ 121.252228465482702, 0.798450181020919, 0.0 ], [ 121.25287694926493, 0.798464376386691, 0.0 ], [ 121.253761789501738, 0.798525583665048, 0.0 ], [ 121.254173878671992, 0.798584822446217, 0.0 ], [ 121.25467749124337, 0.798632867151853, 0.0 ], [ 121.25479932863368, 0.798633413783216, 0.0 ], [ 121.255234176706978, 0.798646740379753, 0.0 ], [ 121.255571884705162, 0.798676414449088, 0.0 ], [ 121.256195648168529, 0.798731223588093, 0.0 ], [ 121.25708053374845, 0.798688788181971, 0.0 ], [ 121.257538450885107, 0.798587037012525, 0.0 ], [ 121.258072475493904, 0.798416576608689, 0.0 ], [ 121.259033866195708, 0.798029193343312, 0.0 ], [ 121.259399993972337, 0.797904017706345, 0.0 ], [ 121.260262199556777, 0.797723381625496, 0.0 ], [ 121.261314814411435, 0.797370795257927, 0.0 ], [ 121.262200059978596, 0.797144246097163, 0.0 ], [ 121.262527994050316, 0.797053459777012, 0.0 ], [ 121.263458704259932, 0.796861547526655, 0.0 ], [ 121.264557568879411, 0.79668185787896, 0.0 ], [ 121.265686438724472, 0.796582932722893, 0.0 ], [ 121.266579222373252, 0.796459957001554, 0.0 ], [ 121.267288649202897, 0.796428323794566, 0.0 ], [ 121.26760925603358, 0.796406628794814, 0.0 ], [ 121.268608539290796, 0.796042288048619, 0.0 ], [ 121.269692014008911, 0.795747501399484, 0.0 ], [ 121.270447196630769, 0.79572754383002, 0.0 ], [ 121.27120256919234, 0.795926317421562, 0.0 ], [ 121.271523128695989, 0.796019710221722, 0.0 ], [ 121.272232490145399, 0.796149298410613, 0.0 ], [ 121.272926958653329, 0.796313286689747, 0.0 ], [ 121.27356019870129, 0.796546061967555, 0.0 ], [ 121.274139852282076, 0.796698132705424, 0.0 ], [ 121.27478071093195, 0.796838925301495, 0.0 ], [ 121.275635237425249, 0.796911489618361, 0.0 ], [ 121.276131285541794, 0.796936567400523, 0.0 ], [ 121.277054321484314, 0.796986411137838, 0.0 ], [ 121.277779187918128, 0.796966298563122, 0.0 ], [ 121.278305589438361, 0.796910918679154, 0.0 ], [ 121.279129603488954, 0.796776182725027, 0.0 ], [ 121.280167180818253, 0.796826427183043, 0.0 ], [ 121.280411434637728, 0.796792900460312, 0.0 ], [ 121.281563295763775, 0.796786107428397, 0.0 ], [ 121.282669587830696, 0.796997886199273, 0.0 ], [ 121.283516361759894, 0.7974963246878, 0.0 ], [ 121.284439491461995, 0.798006664726829, 0.0 ], [ 121.285171926411664, 0.798021172899803, 0.0 ], [ 121.286255310224021, 0.797968074657733, 0.0 ], [ 121.287300742896363, 0.798041353410043, 0.0 ], [ 121.288078910414868, 0.798125117516272, 0.0 ], [ 121.289040142191183, 0.798152155399138, 0.0 ], [ 121.289413869036395, 0.79799250093953, 0.0 ], [ 121.289932850781611, 0.797557158967459, 0.0 ], [ 121.290360007855412, 0.797179005083252, 0.0 ], [ 121.290817793633238, 0.796731909032759, 0.0 ], [ 121.291428057229865, 0.796193384109082, 0.0 ], [ 121.292007982211061, 0.795700768861822, 0.0 ], [ 121.292793734476888, 0.7950938559014, 0.0 ], [ 121.293068370710813, 0.794910844299261, 0.0 ], [ 121.293282030360075, 0.794865646278646, 0.0 ], [ 121.29430446005388, 0.794904364150932, 0.0 ], [ 121.294876559640784, 0.795010295188562, 0.0 ], [ 121.295570780081391, 0.795116771527775, 0.0 ], [ 121.296837386513204, 0.795317662868848, 0.0 ], [ 121.297676482484576, 0.795390145675805, 0.0 ], [ 121.298279230749756, 0.79538114072382, 0.0 ], [ 121.299255954877552, 0.795293020813518, 0.0 ], [ 121.29983573024117, 0.795168774791692, 0.0 ], [ 121.300881035136968, 0.794885262838933, 0.0 ], [ 121.301483798445389, 0.794841709031617, 0.0 ], [ 121.302444984645888, 0.794995277837111, 0.0 ], [ 121.302971513212242, 0.795331299020789, 0.0 ], [ 121.303543499437737, 0.795034307755431, 0.0 ], [ 121.303627562371062, 0.794735348228607, 0.0 ], [ 121.303795356834456, 0.794261279864843, 0.0 ], [ 121.30453538322493, 0.792885730723584, 0.0 ], [ 121.30475669874852, 0.792656347947877, 0.0 ], [ 121.305763730854579, 0.791912243624119, 0.0 ], [ 121.306145380673982, 0.791602949631213, 0.0 ], [ 121.306648800939001, 0.791466870980643, 0.0 ], [ 121.307297297789361, 0.791492642510442, 0.0 ], [ 121.308273800451474, 0.791266395268168, 0.0 ], [ 121.30902912782048, 0.790924118492002, 0.0 ], [ 121.309593819572228, 0.790615605022297, 0.0 ], [ 121.310074373403012, 0.790099554649197, 0.0 ], [ 121.310524574745074, 0.78966396312528, 0.0 ], [ 121.311134876228749, 0.789033298454038, 0.0 ], [ 121.312142061262421, 0.787909226426579, 0.0 ], [ 121.312645372735105, 0.787347331067005, 0.0 ], [ 121.31340840953294, 0.786682672942022, 0.0 ], [ 121.314072257407659, 0.786236427385071, 0.0 ], [ 121.314735926008623, 0.785536967307303, 0.0 ], [ 121.315849900450644, 0.784839314208278, 0.0 ], [ 121.317307040123922, 0.784591989185949, 0.0 ], [ 121.317490082386783, 0.784592769816798, 0.0 ], [ 121.318405814132234, 0.78470010667087, 0.0 ], [ 121.319489023994578, 0.785119013247142, 0.0 ], [ 121.319969826006826, 0.785385704981616, 0.0 ], [ 121.320488514262635, 0.78568717263761, 0.0 ], [ 121.321381277809195, 0.786370027169107, 0.0 ], [ 121.322182096931044, 0.786707147064484, 0.0 ], [ 121.322929856448468, 0.787044104298511, 0.0 ], [ 121.323868221057154, 0.788129974797806, 0.0 ], [ 121.324173473793223, 0.788614697656635, 0.0 ], [ 121.324455659669042, 0.789214502729622, 0.0 ], [ 121.324707548518376, 0.78975657330365, 0.0 ], [ 121.32494396884195, 0.790367734992552, 0.0 ], [ 121.325096778999551, 0.79085183124115, 0.0 ], [ 121.325668933498974, 0.791544802922965, 0.0 ], [ 121.32629453981292, 0.791961831302083, 0.0 ], [ 121.326836278556925, 0.792194283573382, 0.0 ], [ 121.327095683760376, 0.792195378149545, 0.0 ], [ 121.327896667393574, 0.792129573655779, 0.0 ], [ 121.328789357043419, 0.792305859068713, 0.0 ], [ 121.329735263559556, 0.792793245843386, 0.0 ], [ 121.330032776285293, 0.792978686315253, 0.0 ], [ 121.331100990246767, 0.793708317587986, 0.0 ], [ 121.331467271256997, 0.793928546876303, 0.0 ], [ 121.332161445662777, 0.794184659279944, 0.0 ], [ 121.333527161367044, 0.794431930397658, 0.0 ], [ 121.334518979344651, 0.794551169604611, 0.0 ], [ 121.335045353773495, 0.794599355906671, 0.0 ], [ 121.335876923650986, 0.794579698740642, 0.0 ], [ 121.336510303013284, 0.794524776338727, 0.0 ], [ 121.337814723346895, 0.79431137045181, 0.0 ], [ 121.338333564572082, 0.794244461042419, 0.0 ], [ 121.339073622589609, 0.79420138014961, 0.0 ], [ 121.339668803367346, 0.794192365483796, 0.0 ], [ 121.340134289971004, 0.794159771121565, 0.0 ], [ 121.340889568427755, 0.793967195965743, 0.0 ], [ 121.341263330110507, 0.793738433846984, 0.0 ], [ 121.341721061689015, 0.793440960895646, 0.0 ], [ 121.343079207569403, 0.792974567975806, 0.0 ], [ 121.343903182059378, 0.793000970646788, 0.0 ], [ 121.344566833667002, 0.79307280871224, 0.0 ], [ 121.345314672238061, 0.793237023218234, 0.0 ], [ 121.345963040719639, 0.793619584134335, 0.0 ], [ 121.346649577014745, 0.794036780237776, 0.0 ], [ 121.346916790935069, 0.79417600239922, 0.0 ], [ 121.347374340606819, 0.794339040431539, 0.0 ], [ 121.348373981104743, 0.794573373070344, 0.0 ], [ 121.348923366771487, 0.794656186908087, 0.0 ], [ 121.34948792194912, 0.794716115414511, 0.0 ], [ 121.350220123235118, 0.794673099934089, 0.0 ], [ 121.351639276403603, 0.794713447749666, 0.0 ], [ 121.352074155446246, 0.794703731095873, 0.0 ], [ 121.352730211815839, 0.794821489852219, 0.0 ], [ 121.353363450488715, 0.795134876548901, 0.0 ], [ 121.353538989272579, 0.795660178724704, 0.0 ], [ 121.353569448998968, 0.796017198731151, 0.0 ], [ 121.353630505391706, 0.796385818084859, 0.0 ], [ 121.353706897586136, 0.797019320377616, 0.0 ], [ 121.353783100364268, 0.797422565677168, 0.0 ], [ 121.353836701541283, 0.798182527103046, 0.0 ], [ 121.354073145877308, 0.798747631648781, 0.0 ], [ 121.354210366470681, 0.798909410911479, 0.0 ], [ 121.354622373251019, 0.799233448894769, 0.0 ], [ 121.355156495522579, 0.799580992924235, 0.0 ], [ 121.35584303104045, 0.800009849178744, 0.0 ], [ 121.356323862324032, 0.80023055031309, 0.0 ], [ 121.356751094091777, 0.800393506578993, 0.0 ], [ 121.35697227645656, 0.800509466318226, 0.0 ], [ 121.357437671553683, 0.800718715589292, 0.0 ], [ 121.358208229235075, 0.800952109945578, 0.0 ], [ 121.359177072341623, 0.800990653124005, 0.0 ], [ 121.36004683972152, 0.800959775078107, 0.0 ], [ 121.360344449775795, 0.800914889087538, 0.0 ], [ 121.361130292535648, 0.800837699303729, 0.0 ], [ 121.361587923948861, 0.800805100544836, 0.0 ], [ 121.362114338560133, 0.800772670696163, 0.0 ], [ 121.362564675315397, 0.8007285524305, 0.0 ], [ 121.363182586343157, 0.800765681728181, 0.0 ], [ 121.36334283828306, 0.800904437951226, 0.0 ], [ 121.363487644538395, 0.801054704416985, 0.0 ], [ 121.363617594047426, 0.80114731208412, 0.0 ], [ 121.363930205025156, 0.801505577840737, 0.0 ], [ 121.364082863147914, 0.80167880975897, 0.0 ], [ 121.364326930629687, 0.802140413429457, 0.0 ], [ 121.364418511054538, 0.802704755946885, 0.0 ], [ 121.364418446977083, 0.802865986110683, 0.0 ], [ 121.364395587432597, 0.803165192435821, 0.0 ], [ 121.364449069597441, 0.804224514711764, 0.0 ], [ 121.36448733029161, 0.804731253614159, 0.0 ], [ 121.36447184415195, 0.805548490847778, 0.0 ], [ 121.364288825072947, 0.806883052310007, 0.0 ], [ 121.364113366920407, 0.807561532756944, 0.0 ], [ 121.363914896379953, 0.808216900210583, 0.0 ], [ 121.363693703448064, 0.80882612189435, 0.0 ], [ 121.363464980874397, 0.809308659570833, 0.0 ], [ 121.363114021910803, 0.810067047277955, 0.0 ], [ 121.363014848596805, 0.810239258876537, 0.0 ], [ 121.362480744360056, 0.81123863946833, 0.0 ], [ 121.36167951610112, 0.813261388613044, 0.0 ], [ 121.361519459294641, 0.814032005174008, 0.0 ], [ 121.361381987800542, 0.814491334139804, 0.0 ], [ 121.361305798982087, 0.81475363718682, 0.0 ], [ 121.36089388041421, 0.814903535222315, 0.0 ], [ 121.36048935960892, 0.814810460945318, 0.0 ], [ 121.360237524098608, 0.814820955681243, 0.0 ], [ 121.359878985824508, 0.814877048406375, 0.0 ], [ 121.359642582217333, 0.81491058224679, 0.0 ], [ 121.358940619699709, 0.815137867117359, 0.0 ], [ 121.358597227979047, 0.815228585724741, 0.0 ], [ 121.358101301762602, 0.815537276157423, 0.0 ], [ 121.357468188539329, 0.816294484414763, 0.0 ], [ 121.357033310850625, 0.81698338184613, 0.0 ], [ 121.356697705253083, 0.817258294782812, 0.0 ], [ 121.356445776447629, 0.817498975508828, 0.0 ], [ 121.35596524889921, 0.81791138930332, 0.0 ], [ 121.355370129477024, 0.81843835420579, 0.0 ], [ 121.354912431438095, 0.818632248122357, 0.0 ], [ 121.354546018611956, 0.818722814774846, 0.0 ], [ 121.353798542556689, 0.819030551344939, 0.0 ], [ 121.353256630005944, 0.819200882623265, 0.0 ], [ 121.352242121376491, 0.819611095527976, 0.0 ], [ 121.351807164176719, 0.819805068583372, 0.0 ], [ 121.351585893158585, 0.819907776346022, 0.0 ], [ 121.351288221331131, 0.82010215939861, 0.0 ], [ 121.35092228082479, 0.820411465717656, 0.0 ], [ 121.350578719838722, 0.820916559315181, 0.0 ], [ 121.350426337898952, 0.821445471409392, 0.0 ], [ 121.350510259658805, 0.822182624008087, 0.0 ], [ 121.350571320749737, 0.822528140229765, 0.0 ], [ 121.350624558652186, 0.822781663631149, 0.0 ], [ 121.35087634785873, 0.82356551694958, 0.0 ], [ 121.351044302393461, 0.824084247180794, 0.0 ], [ 121.351089974218894, 0.824303147778708, 0.0 ], [ 121.351311185310294, 0.825029336204901, 0.0 ], [ 121.351624034585853, 0.826158847829754, 0.0 ], [ 121.351860634169867, 0.827011652451696, 0.0 ], [ 121.352097138396729, 0.82809478460704, 0.0 ], [ 121.352287747131925, 0.828820819634339, 0.0 ], [ 121.352425108832875, 0.829316434392639, 0.0 ], [ 121.352593067219004, 0.8298236490677, 0.0 ], [ 121.352738028040662, 0.830273201655034, 0.0 ], [ 121.352882893457036, 0.830952940432299, 0.0 ], [ 121.352966950865451, 0.8313562607744, 0.0 ], [ 121.353111811204371, 0.832047586723065, 0.0 ], [ 121.35319580159981, 0.832611995074765, 0.0 ], [ 121.35330249420754, 0.833268614685716, 0.0 ], [ 121.353355978457358, 0.833602612109567, 0.0 ], [ 121.353203321638972, 0.834108561831508, 0.0 ], [ 121.353142260442795, 0.834442157720554, 0.0 ], [ 121.353073623760935, 0.834764234018452, 0.0 ], [ 121.353012476187359, 0.835304983257794, 0.0 ], [ 121.352913537735077, 0.835580839909626, 0.0 ], [ 121.352768537308933, 0.835902601265496, 0.0 ], [ 121.352623484021592, 0.836350971985071, 0.0 ], [ 121.352341087047336, 0.836936915777757, 0.0 ], [ 121.352272464340004, 0.837224372084692, 0.0 ], [ 121.352203793474388, 0.837626992044286, 0.0 ], [ 121.352058803813492, 0.838593457792429, 0.0 ], [ 121.352051393588965, 0.838858189822149, 0.0 ], [ 121.352013203423439, 0.839548731809651, 0.0 ], [ 121.352013092538726, 0.839813466926857, 0.0 ], [ 121.351967258185965, 0.83998598103208, 0.0 ], [ 121.351868294843115, 0.840319348445222, 0.0 ], [ 121.351463901809126, 0.841261681606591, 0.0 ], [ 121.351318943776874, 0.841479794989235, 0.0 ], [ 121.351028833943644, 0.841708797688172, 0.0 ], [ 121.350914530624664, 0.841800456005907, 0.0 ], [ 121.350250672054415, 0.842200631674687, 0.0 ], [ 121.349915129421618, 0.842314239176937, 0.0 ], [ 121.349381063824012, 0.84250774054511, 0.0 ], [ 121.348747889362883, 0.84271229187121, 0.0 ], [ 121.348496019442592, 0.842803396663898, 0.0 ], [ 121.348236520822041, 0.843009590967485, 0.0 ], [ 121.348068802595179, 0.843273618094224, 0.0 ], [ 121.347687273541396, 0.844584339874936, 0.0 ], [ 121.347481266246717, 0.845101497929627, 0.0 ], [ 121.347344032334746, 0.845642000634265, 0.0 ], [ 121.347000727012798, 0.846849373364593, 0.0 ], [ 121.346909093424443, 0.84776986389035, 0.0 ], [ 121.346977769286326, 0.848023464812124, 0.0 ], [ 121.347221820070615, 0.848496375539058, 0.0 ], [ 121.347382000331137, 0.84879636385982, 0.0 ], [ 121.347587971940158, 0.849027415181185, 0.0 ], [ 121.348000210580523, 0.849455110333723, 0.0 ], [ 121.348465505931046, 0.849894486113038, 0.0 ], [ 121.348816363512256, 0.85008017047337, 0.0 ], [ 121.34977779119302, 0.850406504160909, 0.0 ], [ 121.350220236804716, 0.850442868654726, 0.0 ], [ 121.350761830902826, 0.850376052441186, 0.0 ], [ 121.351181575130283, 0.850320276167098, 0.0 ], [ 121.351791943242873, 0.850276734003268, 0.0 ], [ 121.352463238973257, 0.850221984132497, 0.0 ], [ 121.353081182782262, 0.850190031985613, 0.0 ], [ 121.353348199812785, 0.850133553907577, 0.0 ], [ 121.353859454221379, 0.850112648248151, 0.0 ], [ 121.354202820534809, 0.850091105249477, 0.0 ], [ 121.354904645636935, 0.850209113687876, 0.0 ], [ 121.355247953667202, 0.850325696560654, 0.0 ], [ 121.355644782665564, 0.850684146562956, 0.0 ], [ 121.355873515693204, 0.850869354764265, 0.0 ], [ 121.356308526814274, 0.851227962613458, 0.0 ], [ 121.356751069494649, 0.851701808406462, 0.0 ], [ 121.357010380042084, 0.851944682523546, 0.0 ], [ 121.357681709860486, 0.852476985986365, 0.0 ], [ 121.357948910878235, 0.852650694578232, 0.0 ], [ 121.35839128543833, 0.852859734162452, 0.0 ], [ 121.358597321985087, 0.852941214652718, 0.0 ], [ 121.358971232627098, 0.853057952327178, 0.0 ], [ 121.359291554184111, 0.853093840174716, 0.0 ], [ 121.359817995419874, 0.853015429527141, 0.0 ], [ 121.36019957437577, 0.852924874987275, 0.0 ], [ 121.360931825462202, 0.852801334536161, 0.0 ], [ 121.361252471901025, 0.852733645215346, 0.0 ], [ 121.361580403328105, 0.852700437583324, 0.0 ], [ 121.362106883966391, 0.852529965686637, 0.0 ], [ 121.362282372683282, 0.852484611008046, 0.0 ], [ 121.3624502810965, 0.852439323720881, 0.0 ], [ 121.362854596375001, 0.852360365501896, 0.0 ], [ 121.363205549565947, 0.852327308800875, 0.0 ], [ 121.363747181305939, 0.852179946445845, 0.0 ], [ 121.363861495558581, 0.852065254888438, 0.0 ], [ 121.363953146639261, 0.851766361289856, 0.0 ], [ 121.364037188271936, 0.851536492381059, 0.0 ], [ 121.364128558505016, 0.85123759860715, 0.0 ], [ 121.364334494485902, 0.850893111873967, 0.0 ], [ 121.364685448134082, 0.850192313129065, 0.0 ], [ 121.36485346794629, 0.849882288673358, 0.0 ], [ 121.365173974273276, 0.849480621484781, 0.0 ], [ 121.365303429491021, 0.849412143179266, 0.0 ], [ 121.366005374848498, 0.849253825937106, 0.0 ], [ 121.366486078718907, 0.849117811368609, 0.0 ], [ 121.36688283812974, 0.84898126640625, 0.0 ], [ 121.367966208954613, 0.849100989438271, 0.0 ], [ 121.368370466838485, 0.849160156612365, 0.0 ], [ 121.368561348836877, 0.849230043035769, 0.0 ], [ 121.368919781572103, 0.849438763467462, 0.0 ], [ 121.369247888400565, 0.849658846214156, 0.0 ], [ 121.369637150856789, 0.849994331651453, 0.0 ], [ 121.370109951827075, 0.850629492932357, 0.0 ], [ 121.370430638569218, 0.851137272641837, 0.0 ], [ 121.37052209117212, 0.851310341278415, 0.0 ], [ 121.37066710937313, 0.851621771734416, 0.0 ], [ 121.370956811525886, 0.851703570154187, 0.0 ], [ 121.371674074926915, 0.851844687262763, 0.0 ], [ 121.372017444384056, 0.85182314277266, 0.0 ], [ 121.372391357932344, 0.851939809057649, 0.0 ], [ 121.373001602154432, 0.852207138037401, 0.0 ], [ 121.373459402931104, 0.852462249883005, 0.0 ], [ 121.373909386198818, 0.852613851325161, 0.0 ], [ 121.374199350375491, 0.852741645215653, 0.0 ], [ 121.375046351862125, 0.852814213033719, 0.0 ], [ 121.375572801681599, 0.852724353674831, 0.0 ], [ 121.376236554166127, 0.852600568206378, 0.0 ], [ 121.376587557860148, 0.852452345023317, 0.0 ], [ 121.376877338162132, 0.852349949863944, 0.0 ], [ 121.377869024856309, 0.852192954581392, 0.0 ], [ 121.379097357947899, 0.852106006119273, 0.0 ], [ 121.380081625768213, 0.852236708103442, 0.0 ], [ 121.380730064920726, 0.852481232034145, 0.0 ], [ 121.38137118554576, 0.852771677753709, 0.0 ], [ 121.381653265847632, 0.852957121582891, 0.0 ], [ 121.38201198718258, 0.853154255739179, 0.0 ], [ 121.382729149283847, 0.853548665348684, 0.0 ], [ 121.383377560678554, 0.853862218195304, 0.0 ], [ 121.383888736543469, 0.854048607046147, 0.0 ], [ 121.384842376194811, 0.854248254124749, 0.0 ], [ 121.385483304221367, 0.854331543446678, 0.0 ], [ 121.38598672536304, 0.854264564659361, 0.0 ], [ 121.386932973006836, 0.85401527418754, 0.0 ], [ 121.387321928168518, 0.853752182417837, 0.0 ], [ 121.387871218100898, 0.853432140534176, 0.0 ], [ 121.388229904467991, 0.853042282678844, 0.0 ], [ 121.388435788513092, 0.85282440237429, 0.0 ], [ 121.38877150553688, 0.852307781548882, 0.0 ] ] ] ] } },
{ "type": "Feature", "properties": { "KEC_NO": "012", "KECAMATAN": "POPAYATO TIMUR" }, "geometry": { "type": "MultiPolygon", "coordinates": [ [ [ [ 121.559450832660104, 0.45947889834264, 0.0 ], [ 121.559130567221217, 0.459094480387216, 0.0 ], [ 121.558778215355758, 0.459115854128304, 0.0 ], [ 121.558180159386652, 0.459350781940886, 0.0 ], [ 121.557817065231021, 0.459735201968785, 0.0 ], [ 121.557464649208441, 0.46007690993826, 0.0 ], [ 121.557197817963072, 0.460642839170804, 0.0 ], [ 121.557058764155585, 0.461037938918744, 0.0 ], [ 121.556887972464381, 0.461497119982849, 0.0 ], [ 121.556685159496539, 0.462031017600432, 0.0 ], [ 121.556578397036873, 0.462404784372987, 0.0 ], [ 121.556501940473836, 0.462855717958392, 0.0 ], [ 121.556490389664191, 0.463054939691192, 0.0 ], [ 121.556535252724217, 0.46334048387167, 0.0 ], [ 121.556610474881523, 0.463440553177401, 0.0 ], [ 121.556781139509724, 0.46361140741518, 0.0 ], [ 121.556920104297049, 0.463654114738902, 0.0 ], [ 121.557304452339864, 0.463686166538428, 0.0 ], [ 121.557934469665014, 0.463675484981012, 0.0 ], [ 121.558468496851489, 0.46352597345785, 0.0 ], [ 121.55894892741162, 0.463237674056165, 0.0 ], [ 121.559472314062617, 0.462949348917023, 0.0 ], [ 121.559760421045695, 0.462693090486814, 0.0 ], [ 121.55987809471668, 0.462511553913396, 0.0 ], [ 121.560016850413206, 0.462201881924189, 0.0 ], [ 121.560134305165263, 0.461710680176645, 0.0 ], [ 121.560176821198354, 0.461102026584052, 0.0 ], [ 121.560187633558343, 0.460386564434882, 0.0 ], [ 121.560059375821652, 0.460151630943554, 0.0 ], [ 121.559792441058732, 0.459831276309001, 0.0 ], [ 121.559450832660104, 0.45947889834264, 0.0 ] ] ], [ [ [ 121.51210492498214, 0.486242683261943, 0.0 ], [ 121.512269186675098, 0.486141537306776, 0.0 ], [ 121.51247132711903, 0.48614154687379, 0.0 ], [ 121.512585273138313, 0.48631853533652, 0.0 ], [ 121.512736864653036, 0.486381772825454, 0.0 ], [ 121.512964558555794, 0.486356456961738, 0.0 ], [ 121.513154087872209, 0.486255316557775, 0.0 ], [ 121.513179405223894, 0.486027732891107, 0.0 ], [ 121.513217353118591, 0.485812798579603, 0.0 ], [ 121.513267965608435, 0.485458777485208, 0.0 ], [ 121.513293307707954, 0.485117433523578, 0.0 ], [ 121.513369184881839, 0.484776065452079, 0.0 ], [ 121.513293159795694, 0.484510551318555, 0.0 ], [ 121.513154256662702, 0.484194466009606, 0.0 ], [ 121.512926606922932, 0.484017452518363, 0.0 ], [ 121.512736871852255, 0.483777208295093, 0.0 ], [ 121.512484196351295, 0.483777223976682, 0.0 ], [ 121.512408357900568, 0.483941592591223, 0.0 ], [ 121.512395682348583, 0.484131236606648, 0.0 ], [ 121.512256427327202, 0.484143888577319, 0.0 ], [ 121.512168016165433, 0.484030109728044, 0.0 ], [ 121.51209224384688, 0.483891002580199, 0.0 ], [ 121.51199092002102, 0.48376457253199, 0.0 ], [ 121.511839328540674, 0.483701371405258, 0.0 ], [ 121.511636927207377, 0.48361286234118, 0.0 ], [ 121.511346067032676, 0.483625517024703, 0.0 ], [ 121.511106019509043, 0.483650794193328, 0.0 ], [ 121.510992313308407, 0.483663452708542, 0.0 ], [ 121.510870190621148, 0.483644383101316, 0.0 ], [ 121.510638275687143, 0.483714000478334, 0.0 ], [ 121.510473731201643, 0.483827794793994, 0.0 ], [ 121.510322062602711, 0.484118589311437, 0.0 ], [ 121.510132498645916, 0.484384115770479, 0.0 ], [ 121.510145057375979, 0.484725467632456, 0.0 ], [ 121.510208152003713, 0.485066830699603, 0.0 ], [ 121.51043578473957, 0.485319730681892, 0.0 ], [ 121.510701333083517, 0.485509365680441, 0.0 ], [ 121.511080588593799, 0.485686377578202, 0.0 ], [ 121.511131354158181, 0.485913942634157, 0.0 ], [ 121.511156566312494, 0.486166834018524, 0.0 ], [ 121.511396841637634, 0.486381758453662, 0.0 ], [ 121.511788755526808, 0.486444977857774, 0.0 ], [ 121.511915096053826, 0.486432323178513, 0.0 ], [ 121.51210492498214, 0.486242683261943, 0.0 ] ] ], [ [ [ 121.560514562905766, 0.473549037627867, 0.0 ], [ 121.560289133582998, 0.473464587846388, 0.0 ], [ 121.560109958360243, 0.473720478860988, 0.0 ], [ 121.560092107932448, 0.474506210133922, 0.0 ], [ 121.559838731881911, 0.475153717466829, 0.0 ], [ 121.559866919480655, 0.475970124356477, 0.0 ], [ 121.559669875035539, 0.477096185006713, 0.0 ], [ 121.55972617859797, 0.477715528702686, 0.0 ], [ 121.560345480067014, 0.477940745452647, 0.0 ], [ 121.560655130426412, 0.478053336215849, 0.0 ], [ 121.561302765568541, 0.47839119122222, 0.0 ], [ 121.561950270893902, 0.479348342588652, 0.0 ], [ 121.562147215105242, 0.480052154698311, 0.0 ], [ 121.562062782060863, 0.481037450717929, 0.0 ], [ 121.561922040869888, 0.481431595591646, 0.0 ], [ 121.561499771081159, 0.481487892546743, 0.0 ], [ 121.56099288685617, 0.482050942025695, 0.0 ], [ 121.560514312022448, 0.48283919006649, 0.0 ], [ 121.560007726505972, 0.483317765807482, 0.0 ], [ 121.55983863990366, 0.483655588029323, 0.0 ], [ 121.559219441651791, 0.484274928484778, 0.0 ], [ 121.558909630008515, 0.484922422328386, 0.0 ], [ 121.558881734302147, 0.48540099313981, 0.0 ], [ 121.559106793666004, 0.485907741909335, 0.0 ], [ 121.559472816650811, 0.486301853712438, 0.0 ], [ 121.560035966641365, 0.486527096011117, 0.0 ], [ 121.560542714090786, 0.486611536987906, 0.0 ], [ 121.561246302444502, 0.486555230934753, 0.0 ], [ 121.562287964020072, 0.486301857455488, 0.0 ], [ 121.563132552388211, 0.485964037717172, 0.0 ], [ 121.563695559867156, 0.485541753712253, 0.0 ], [ 121.56411791351735, 0.485091317499568, 0.0 ], [ 121.564258673202943, 0.48461273437053, 0.0 ], [ 121.564286664037837, 0.483683740749389, 0.0 ], [ 121.564089749967366, 0.482839173522924, 0.0 ], [ 121.563470319645745, 0.481882026432183, 0.0 ], [ 121.563048120323046, 0.48160049902342, 0.0 ], [ 121.562766527601909, 0.481572352635089, 0.0 ], [ 121.562456887831189, 0.481403445269483, 0.0 ], [ 121.56245704102119, 0.480671481404586, 0.0 ], [ 121.562569526028895, 0.479798787187961, 0.0 ], [ 121.562597532711379, 0.47878528564758, 0.0 ], [ 121.562456838873644, 0.477602907820822, 0.0 ], [ 121.562006498803072, 0.476279780629544, 0.0 ], [ 121.561443552095255, 0.475069262515885, 0.0 ], [ 121.56090864584742, 0.474027627604316, 0.0 ], [ 121.560514562905766, 0.473549037627867, 0.0 ] ] ], [ [ [ 121.525012247538939, 0.480775542363014, 0.0 ], [ 121.524449406168713, 0.480468549955697, 0.0 ], [ 121.523477432225434, 0.480519707342912, 0.0 ], [ 121.522556252302508, 0.480673223390164, 0.0 ], [ 121.521686709894752, 0.480929029447922, 0.0 ], [ 121.519895756794256, 0.48241281763242, 0.0 ], [ 121.518360926237307, 0.483538456717029, 0.0 ], [ 121.517644518291533, 0.484510592414571, 0.0 ], [ 121.516899016211823, 0.485007615334902, 0.0 ], [ 121.51672353197668, 0.485073394376671, 0.0 ], [ 121.516552530700338, 0.485184925660968, 0.0 ], [ 121.515853687075506, 0.485431545570973, 0.0 ], [ 121.515546737355109, 0.485840871172209, 0.0 ], [ 121.515035074919666, 0.486454848884347, 0.0 ], [ 121.514998229043982, 0.486761426273689, 0.0 ], [ 121.514779401179439, 0.487324664345871, 0.0 ], [ 121.514830598682565, 0.488143322130723, 0.0 ], [ 121.515033698760831, 0.488888775267275, 0.0 ], [ 121.515134164570284, 0.489084803698007, 0.0 ], [ 121.515536416033441, 0.489382081937899, 0.0 ], [ 121.515813779433074, 0.489467428317196, 0.0 ], [ 121.516445707286223, 0.489661843297843, 0.0 ], [ 121.517442586603266, 0.489976601140211, 0.0 ], [ 121.518211795690092, 0.490203903739621, 0.0 ], [ 121.518418984335099, 0.490231188502958, 0.0 ], [ 121.518876315007446, 0.490291349713194, 0.0 ], [ 121.519712699530061, 0.490178306244653, 0.0 ], [ 121.519844661534677, 0.490138731666283, 0.0 ], [ 121.520765583558472, 0.489882905847176, 0.0 ], [ 121.521226039066775, 0.489780589008264, 0.0 ], [ 121.521891229619641, 0.489371270685561, 0.0 ], [ 121.522914446628533, 0.48865495089994, 0.0 ], [ 121.523550117972462, 0.488432481935534, 0.0 ], [ 121.523937866764996, 0.488296797596037, 0.0 ], [ 121.524500639151469, 0.487631672133952, 0.0 ], [ 121.524654152453095, 0.486608358374889, 0.0 ], [ 121.524909870140647, 0.485533875341142, 0.0 ], [ 121.525524063112869, 0.484664097698521, 0.0 ], [ 121.52603550134063, 0.483794261767593, 0.0 ], [ 121.526240345807977, 0.482975621533503, 0.0 ], [ 121.526035594901529, 0.482054684110293, 0.0 ], [ 121.525575046013344, 0.481287196346196, 0.0 ], [ 121.525012247538939, 0.480775542363014, 0.0 ] ] ], [ [ [ 121.582765215975229, 0.496230070511254, 0.0 ], [ 121.582085501399575, 0.496204910336599, 0.0 ], [ 121.581179431263067, 0.496481808830511, 0.0 ], [ 121.580348561046705, 0.49696010562708, 0.0 ], [ 121.579744583176677, 0.497262152856619, 0.0 ], [ 121.579316668028383, 0.497438357496653, 0.0 ], [ 121.579266309283298, 0.497916645447231, 0.0 ], [ 121.579568363399503, 0.498118021837639, 0.0 ], [ 121.579669027087377, 0.498722153558111, 0.0 ], [ 121.579744502386987, 0.498948706870132, 0.0 ], [ 121.579568407166363, 0.499225621388559, 0.0 ], [ 121.579341806725907, 0.499351487923442, 0.0 ], [ 121.579140443110163, 0.499628361575714, 0.0 ], [ 121.579014603317447, 0.499905286902206, 0.0 ], [ 121.578838205117492, 0.50028285656956, 0.0 ], [ 121.578813124943366, 0.500710804533737, 0.0 ], [ 121.579014650669436, 0.500987695422532, 0.0 ], [ 121.579618537961252, 0.501113566725246, 0.0 ], [ 121.5809276389232, 0.501491143371817, 0.0 ], [ 121.5823625979627, 0.501516328860089, 0.0 ], [ 121.583168125219956, 0.501390446437115, 0.0 ], [ 121.583872881886137, 0.501163886269511, 0.0 ], [ 121.584728779503891, 0.5005094042198, 0.0 ], [ 121.585232253268259, 0.500182179362811, 0.0 ], [ 121.585458632299151, 0.499779428473905, 0.0 ], [ 121.585458702297657, 0.499452164778295, 0.0 ], [ 121.585307728590962, 0.499099748995872, 0.0 ], [ 121.585257288522044, 0.498646663157602, 0.0 ], [ 121.585081003338075, 0.498495623868437, 0.0 ], [ 121.584929975836815, 0.498394935529615, 0.0 ], [ 121.584930056405881, 0.498017326441084, 0.0 ], [ 121.584502025528565, 0.49741319421213, 0.0 ], [ 121.583872949938723, 0.496909744059452, 0.0 ], [ 121.58349513276508, 0.49650696954802, 0.0 ], [ 121.582765215975229, 0.496230070511254, 0.0 ] ] ], [ [ [ 121.575122178488954, 0.508837073324768, 0.0 ], [ 121.575399873340771, 0.508730897569025, 0.0 ], [ 121.575620301324989, 0.508583903013386, 0.0 ], [ 121.575708768452301, 0.508458748696609, 0.0 ], [ 121.575816319794541, 0.508363381218695, 0.0 ], [ 121.575914335729109, 0.508224555534058, 0.0 ], [ 121.575906218294477, 0.508110225905182, 0.0 ], [ 121.575791999697671, 0.507881544911841, 0.0 ], [ 121.575555074460453, 0.507718196748223, 0.0 ], [ 121.575179430860317, 0.507661020062082, 0.0 ], [ 121.574811927104179, 0.507612041295173, 0.0 ], [ 121.574509544382394, 0.507636529072312, 0.0 ], [ 121.57424001187168, 0.507652862376444, 0.0 ], [ 121.573795834025702, 0.507729041325193, 0.0 ], [ 121.573676490007841, 0.507824369917147, 0.0 ], [ 121.573488919574174, 0.507930530384852, 0.0 ], [ 121.573431585574923, 0.508200050498812, 0.0 ], [ 121.573480690215106, 0.508330711703957, 0.0 ], [ 121.573709208516277, 0.5084205715485, 0.0 ], [ 121.573848155229967, 0.508551217484969, 0.0 ], [ 121.574109510311104, 0.508698248526089, 0.0 ], [ 121.574370868117512, 0.508828921730346, 0.0 ], [ 121.57459940624905, 0.508828902027707, 0.0 ], [ 121.574860784738831, 0.508869730918108, 0.0 ], [ 121.575122178488954, 0.508837073324768, 0.0 ] ] ], [ [ [ 121.555101142093434, 0.517096002106791, 0.0 ], [ 121.555529019645405, 0.517081260979894, 0.0 ], [ 121.555838975822837, 0.517081261434286, 0.0 ], [ 121.55622252050668, 0.516948438876534, 0.0 ], [ 121.556606399732502, 0.51657950730644, 0.0 ], [ 121.556783393451553, 0.516062992160764, 0.0 ], [ 121.556754019863732, 0.515590767377665, 0.0 ], [ 121.556753779435255, 0.5154136595426, 0.0 ], [ 121.556635917771899, 0.515162791175187, 0.0 ], [ 121.556488275893528, 0.515000452737739, 0.0 ], [ 121.556355503746474, 0.514882420873989, 0.0 ], [ 121.556237331894877, 0.514764357076318, 0.0 ], [ 121.556134039737472, 0.514646297584535, 0.0 ], [ 121.556045627271772, 0.51452824058809, 0.0 ], [ 121.555883109048892, 0.514351131112293, 0.0 ], [ 121.555661892197918, 0.514262614592579, 0.0 ], [ 121.555470134535994, 0.514262606176201, 0.0 ], [ 121.555234014827761, 0.51427735535932, 0.0 ], [ 121.554983061015889, 0.514085528627488, 0.0 ], [ 121.554776473505157, 0.513864141338276, 0.0 ], [ 121.554540386149355, 0.51373135362625, 0.0 ], [ 121.554318909041683, 0.513554266134201, 0.0 ], [ 121.554304068257693, 0.513377154261212, 0.0 ], [ 121.554186183434382, 0.513229590533486, 0.0 ], [ 121.553861347998577, 0.513229587139933, 0.0 ], [ 121.553528931722468, 0.513229582003687, 0.0 ], [ 121.553389101488506, 0.51328862187792, 0.0 ], [ 121.553182711516016, 0.513436182241049, 0.0 ], [ 121.552961188115503, 0.513465702436759, 0.0 ], [ 121.552636646429619, 0.513406663495557, 0.0 ], [ 121.552178996178242, 0.51348046909621, 0.0 ], [ 121.551810288972234, 0.51380513495876, 0.0 ], [ 121.551633088684895, 0.513996970488888, 0.0 ], [ 121.551618429465094, 0.514262611023612, 0.0 ], [ 121.551633199292596, 0.514749598187096, 0.0 ], [ 121.551706965505204, 0.515074260071584, 0.0 ], [ 121.55182507703438, 0.515457931446965, 0.0 ], [ 121.552105219043, 0.515694068858456, 0.0 ], [ 121.552562792818577, 0.515959676534487, 0.0 ], [ 121.553212120860664, 0.516240095011992, 0.0 ], [ 121.553817091932387, 0.51650570134714, 0.0 ], [ 121.554274679430591, 0.516712308076643, 0.0 ], [ 121.554702506762197, 0.516918908941503, 0.0 ], [ 121.555101142093434, 0.517096002106791, 0.0 ] ] ], [ [ [ 121.52375317899893, 0.519268059025117, 0.0 ], [ 121.523546873503676, 0.519061758359145, 0.0 ], [ 121.52327173513514, 0.519061764223609, 0.0 ], [ 121.522979486355837, 0.518992980681991, 0.0 ], [ 121.522704364021493, 0.518924200267472, 0.0 ], [ 121.522360729939408, 0.518889815415972, 0.0 ], [ 121.522119851600365, 0.518855453820625, 0.0 ], [ 121.521793344009893, 0.518821072081214, 0.0 ], [ 121.521449365000521, 0.519061759683774, 0.0 ], [ 121.521112404227551, 0.519306935709122, 0.0 ], [ 121.520796137260092, 0.519904207294645, 0.0 ], [ 121.520572541650409, 0.520402790507406, 0.0 ], [ 121.520572706624407, 0.520901355959617, 0.0 ], [ 121.520744419259628, 0.521365551257906, 0.0 ], [ 121.52095071622972, 0.521606262708056, 0.0 ], [ 121.521363411485822, 0.521657834930549, 0.0 ], [ 121.521930838481254, 0.521554666334394, 0.0 ], [ 121.522532576730526, 0.521193637984778, 0.0 ], [ 121.52296221359137, 0.520832604046299, 0.0 ], [ 121.523132986553719, 0.520510971822423, 0.0 ], [ 121.523220322506319, 0.520419949060118, 0.0 ], [ 121.523461027709914, 0.519990155474685, 0.0 ], [ 121.523684303064556, 0.519663483316739, 0.0 ], [ 121.52375317899893, 0.519268059025117, 0.0 ] ] ], [ [ [ 121.54818835612943, 0.528056488217769, 0.0 ], [ 121.548216192433003, 0.52787624292903, 0.0 ], [ 121.548174683805442, 0.527689092234799, 0.0 ], [ 121.548091331590982, 0.527550439452833, 0.0 ], [ 121.548042795541221, 0.527397945195522, 0.0 ], [ 121.547994257174111, 0.527259300605669, 0.0 ], [ 121.547911182041034, 0.527134531943245, 0.0 ], [ 121.547814061036732, 0.527044418964832, 0.0 ], [ 121.547640838420307, 0.527023639533501, 0.0 ], [ 121.547525447815232, 0.527023612441928, 0.0 ], [ 121.547398253275972, 0.527072160843049, 0.0 ], [ 121.547287341936567, 0.527127602163917, 0.0 ], [ 121.547086286322894, 0.527273183897429, 0.0 ], [ 121.54703066754594, 0.527397955206447, 0.0 ], [ 121.547016874645777, 0.527550433844874, 0.0 ], [ 121.547016844086855, 0.527682142590739, 0.0 ], [ 121.547058649945541, 0.527800012425698, 0.0 ], [ 121.547148741865954, 0.527931707103439, 0.0 ], [ 121.547231826576876, 0.528014892424915, 0.0 ], [ 121.547370520460191, 0.52801488978214, 0.0 ], [ 121.547453645405255, 0.527924783903115, 0.0 ], [ 121.547550764760388, 0.528021821287554, 0.0 ], [ 121.547571492491841, 0.528229776359827, 0.0 ], [ 121.547668616669512, 0.528306040628683, 0.0 ], [ 121.547904175394933, 0.528292175852778, 0.0 ], [ 121.548098203744217, 0.528181251455643, 0.0 ], [ 121.54818835612943, 0.528056488217769, 0.0 ] ] ], [ [ [ 121.533036419514531, 0.532042653493851, 0.0 ], [ 121.53293002001385, 0.532016060329558, 0.0 ], [ 121.53276211263119, 0.532082792536696, 0.0 ], [ 121.532632099448563, 0.532180447289247, 0.0 ], [ 121.532469226808658, 0.532326955182886, 0.0 ], [ 121.532469188320164, 0.532489716735478, 0.0 ], [ 121.532550580380359, 0.532603638590183, 0.0 ], [ 121.53276226596391, 0.532619905798297, 0.0 ], [ 121.532924819843515, 0.532636195595097, 0.0 ], [ 121.533103945548987, 0.532619917142378, 0.0 ], [ 121.533201667624922, 0.532538541663489, 0.0 ], [ 121.533217993752132, 0.532359496039118, 0.0 ], [ 121.533250307081119, 0.532245566122684, 0.0 ], [ 121.533102940098857, 0.532122479223522, 0.0 ], [ 121.533036419514531, 0.532042653493851, 0.0 ] ] ], [ [ [ 121.425331741321457, 0.843288617780162, 0.0 ], [ 121.425926683274042, 0.843256711947342, 0.0 ], [ 121.426887969725371, 0.843341465452356, 0.0 ], [ 121.427292253619555, 0.843366147283868, 0.0 ], [ 121.427933194439788, 0.843449569152392, 0.0 ], [ 121.428490179245102, 0.843555566507108, 0.0 ], [ 121.428917467219691, 0.843626536768598, 0.0 ], [ 121.429131106653486, 0.843673468041688, 0.0 ], [ 121.429504774315717, 0.843732758367936, 0.0 ], [ 121.430321186067346, 0.843828333413059, 0.0 ], [ 121.430901189268013, 0.843945998121791, 0.0 ], [ 121.431267267595402, 0.844028177619842, 0.0 ], [ 121.431610636754101, 0.844029659495619, 0.0 ], [ 121.432091306706212, 0.844008799324251, 0.0 ], [ 121.432617740641319, 0.843988098961938, 0.0 ], [ 121.433350155763122, 0.844210042029773, 0.0 ], [ 121.434326717329583, 0.844720852862694, 0.0 ], [ 121.435410161635218, 0.845450809879126, 0.0 ], [ 121.435839548470824, 0.845893711299021, 0.0 ], [ 121.435959383891174, 0.846017336369024, 0.0 ], [ 121.436394106720627, 0.846456707350933, 0.0 ], [ 121.437073105272333, 0.846862616267722, 0.0 ], [ 121.437302178355679, 0.846932658226977, 0.0 ], [ 121.437935275438079, 0.84698152618146, 0.0 ], [ 121.438332008935248, 0.846937244797567, 0.0 ], [ 121.438766930596159, 0.846881603293718, 0.0 ], [ 121.439384899265633, 0.846849846853752, 0.0 ], [ 121.43972072169079, 0.846770707365367, 0.0 ], [ 121.440231711421404, 0.846761517193543, 0.0 ], [ 121.44059810932454, 0.846751561839314, 0.0 ], [ 121.441124513520151, 0.846811549672859, 0.0 ], [ 121.441788228567958, 0.846826020125783, 0.0 ], [ 121.442337641765022, 0.846920567795921, 0.0 ], [ 121.442718892813986, 0.846979790209561, 0.0 ], [ 121.443115585793691, 0.847039160164024, 0.0 ], [ 121.443779577684325, 0.84706514735811, 0.0 ], [ 121.444466012363733, 0.847137281742798, 0.0 ], [ 121.445526721090445, 0.84716519539854, 0.0 ], [ 121.446167442622809, 0.84711055455025, 0.0 ], [ 121.446709055382073, 0.847055378978227, 0.0 ], [ 121.447517962885811, 0.846978478444997, 0.0 ], [ 121.447952637583114, 0.846842358509762, 0.0 ], [ 121.448731015638103, 0.846581104005332, 0.0 ], [ 121.449409917068635, 0.846538206618001, 0.0 ], [ 121.449978204732943, 0.846478660421405, 0.0 ], [ 121.450462821679167, 0.846427912449359, 0.0 ], [ 121.451271472426413, 0.846293567316118, 0.0 ], [ 121.451454741862136, 0.846467101480223, 0.0 ], [ 121.452942293297042, 0.847003484098189, 0.0 ], [ 121.45354501809139, 0.847190470290586, 0.0 ], [ 121.453674716847658, 0.847225638476283, 0.0 ], [ 121.454468379003742, 0.847367481475318, 0.0 ], [ 121.455109103115916, 0.847312980279051, 0.0 ], [ 121.455612543348522, 0.847234754042363, 0.0 ], [ 121.45603232538113, 0.847133036297913, 0.0 ], [ 121.456467268628856, 0.847031536515112, 0.0 ], [ 121.457840347019399, 0.846669761759182, 0.0 ], [ 121.458282902991712, 0.846487645872366, 0.0 ], [ 121.458855203486792, 0.846225740194066, 0.0 ], [ 121.459213824857528, 0.846008686257642, 0.0 ], [ 121.460358077289087, 0.845657345807397, 0.0 ], [ 121.461189794652512, 0.845419636660631, 0.0 ], [ 121.461685709625073, 0.845203272788035, 0.0 ], [ 121.462311355585442, 0.844941669717629, 0.0 ], [ 121.462624108478082, 0.84498920476304, 0.0 ], [ 121.462952244603116, 0.845186466818797, 0.0 ], [ 121.463219169653712, 0.845395080198168, 0.0 ], [ 121.463387007722673, 0.845545503903126, 0.0 ], [ 121.463776047137401, 0.845800728582739, 0.0 ], [ 121.464081423462602, 0.846043979037007, 0.0 ], [ 121.464455265557035, 0.846391192449695, 0.0 ], [ 121.464790964574419, 0.846634525756444, 0.0 ], [ 121.465462154430824, 0.846937202969337, 0.0 ], [ 121.465836091947324, 0.847042630169818, 0.0 ], [ 121.466431249351587, 0.847206790423387, 0.0 ], [ 121.466843149096462, 0.847162864866506, 0.0 ], [ 121.467209306873102, 0.847061194645641, 0.0 ], [ 121.467499372987163, 0.846970516485372, 0.0 ], [ 121.467735813019686, 0.846879675623073, 0.0 ], [ 121.468071408222869, 0.846674198578272, 0.0 ], [ 121.468529167708837, 0.846388786767642, 0.0 ], [ 121.468956609131183, 0.846091633740124, 0.0 ], [ 121.469170058042621, 0.845920164317997, 0.0 ], [ 121.469421731586749, 0.845645198097537, 0.0 ], [ 121.469643082485348, 0.845370078450651, 0.0 ], [ 121.469917810176611, 0.84501471397858, 0.0 ], [ 121.470192488298181, 0.844785895403292, 0.0 ], [ 121.470634873013537, 0.844327791713022, 0.0 ], [ 121.470818102650512, 0.843891276815194, 0.0 ], [ 121.470863912283932, 0.843776407225265, 0.0 ], [ 121.471039226431486, 0.843478022862358, 0.0 ], [ 121.471298592495671, 0.842915345070887, 0.0 ], [ 121.471611526160785, 0.842502551093753, 0.0 ], [ 121.472084450875201, 0.842205767744923, 0.0 ], [ 121.472542191884742, 0.841966422123734, 0.0 ], [ 121.472832289325197, 0.841795264647453, 0.0 ], [ 121.473686737925348, 0.841592675264495, 0.0 ], [ 121.474098642734191, 0.841537301303967, 0.0 ], [ 121.474594491898756, 0.841493971978772, 0.0 ], [ 121.475327093337114, 0.841279251672348, 0.0 ], [ 121.475586306740482, 0.841107940211864, 0.0 ], [ 121.475639812948572, 0.84069377101124, 0.0 ], [ 121.475685689300349, 0.840406215804216, 0.0 ], [ 121.475723802385829, 0.839865211533501, 0.0 ], [ 121.475815327566693, 0.839151825557786, 0.0 ], [ 121.475945005382201, 0.83851921521945, 0.0 ], [ 121.476257737406655, 0.83789911208421, 0.0 ], [ 121.47686038848903, 0.837568461969988, 0.0 ], [ 121.477608137483926, 0.837388296797252, 0.0 ], [ 121.477867577954271, 0.837355189490134, 0.0 ], [ 121.478249146966576, 0.837334212216882, 0.0 ], [ 121.478851932539669, 0.837383624956382, 0.0 ], [ 121.479759607532969, 0.837492225899909, 0.0 ], [ 121.480423565003662, 0.837634081682852, 0.0 ], [ 121.481102394462269, 0.837798977424535, 0.0 ], [ 121.481354375788555, 0.838180340948762, 0.0 ], [ 121.48156033814044, 0.838492372048032, 0.0 ], [ 121.482094378338289, 0.839163115735113, 0.0 ], [ 121.48241463031664, 0.839429617863922, 0.0 ], [ 121.482735225290952, 0.839534880796337, 0.0 ], [ 121.48323863909377, 0.839537409116646, 0.0 ], [ 121.483404297538243, 0.839511181479872, 0.0 ], [ 121.483236774852031, 0.839274988051501, 0.0 ], [ 121.482347763649955, 0.835896104037319, 0.0 ], [ 121.482143405614039, 0.832862223617718, 0.0 ], [ 121.482063878354865, 0.829370251771637, 0.0 ], [ 121.483978629435484, 0.822153651164585, 0.0 ], [ 121.488282329081386, 0.817343748185921, 0.0 ], [ 121.490195588221127, 0.813254686901325, 0.0 ], [ 121.495454118765821, 0.811572613519944, 0.0 ], [ 121.498561259005669, 0.811092597848288, 0.0 ], [ 121.502865373509053, 0.805079747730745, 0.0 ], [ 121.50454027967713, 0.799306496068057, 0.0 ], [ 121.506693226507537, 0.793773998422624, 0.0 ], [ 121.508368096221034, 0.788000655421621, 0.0 ], [ 121.507892618769489, 0.781264314432954, 0.0 ], [ 121.505743451461555, 0.776211370163375, 0.0 ], [ 121.503832958433946, 0.771880288101671, 0.0 ], [ 121.50502956891053, 0.767069127702351, 0.0 ], [ 121.508376690203278, 0.763461592293106, 0.0 ], [ 121.511723310602392, 0.76129758627002, 0.0 ], [ 121.514831491453407, 0.757689943207333, 0.0 ], [ 121.514833531786451, 0.751675454160087, 0.0 ], [ 121.513640783825082, 0.74517937741974, 0.0 ], [ 121.512209171097609, 0.738442636104901, 0.0 ], [ 121.508387169631447, 0.732426874031704, 0.0 ], [ 121.506953791547843, 0.730982923848104, 0.0 ], [ 121.506715497616938, 0.7290582651627, 0.0 ], [ 121.506394580721405, 0.726514687196138, 0.0 ], [ 121.506479924130716, 0.726540011112257, 0.0 ], [ 121.506889869900675, 0.726440025323897, 0.0 ], [ 121.507120137675741, 0.726310020767089, 0.0 ], [ 121.507320132331955, 0.726029999416448, 0.0 ], [ 121.507360128475597, 0.7256399811767, 0.0 ], [ 121.507300120733262, 0.725409969826822, 0.0 ], [ 121.507030132273769, 0.725090011947964, 0.0 ], [ 121.506519870395323, 0.724590008800989, 0.0 ], [ 121.506419978024681, 0.724410010084257, 0.0 ], [ 121.506440046366336, 0.723999989198214, 0.0 ], [ 121.506579944417879, 0.723760010836942, 0.0 ], [ 121.506699888712731, 0.723580014356466, 0.0 ], [ 121.507030107493762, 0.723449971971783, 0.0 ], [ 121.507299939531009, 0.723390002149253, 0.0 ], [ 121.507609907540314, 0.723369967295122, 0.0 ], [ 121.50786000132635, 0.723570011962531, 0.0 ], [ 121.508019996619993, 0.723689971411838, 0.0 ], [ 121.5082499245962, 0.72374000269602, 0.0 ], [ 121.508580117437802, 0.723690015552174, 0.0 ], [ 121.508979981865153, 0.723509970158824, 0.0 ], [ 121.509320047155299, 0.723320012774957, 0.0 ], [ 121.509730058204056, 0.723019993318212, 0.0 ], [ 121.510060051910372, 0.722720017942828, 0.0 ], [ 121.510310041302574, 0.722380023627637, 0.0 ], [ 121.510699957746695, 0.721710031874716, 0.0 ], [ 121.510810094728981, 0.721469972300008, 0.0 ], [ 121.510900010258496, 0.721249972909925, 0.0 ], [ 121.511130078233563, 0.720869979256315, 0.0 ], [ 121.511440121234443, 0.720620022574829, 0.0 ], [ 121.511870059587096, 0.720340004900892, 0.0 ], [ 121.512120025852113, 0.720070032041357, 0.0 ], [ 121.512220061644285, 0.719809972647782, 0.0 ], [ 121.512219874853628, 0.719519991968491, 0.0 ], [ 121.512219978513286, 0.719199981715172, 0.0 ], [ 121.512219994690923, 0.719150026482333, 0.0 ], [ 121.512259956874701, 0.718859988314095, 0.0 ], [ 121.512320085353423, 0.718720034442315, 0.0 ], [ 121.512509913208191, 0.718619974226735, 0.0 ], [ 121.512749984603857, 0.718559993575178, 0.0 ], [ 121.513159910939748, 0.718519994132131, 0.0 ], [ 121.513469863207689, 0.718549984052012, 0.0 ], [ 121.513511695356812, 0.71855459053201, 0.0 ], [ 121.513359920597296, 0.718190015760749, 0.0 ], [ 121.513260085426765, 0.717829980152844, 0.0 ], [ 121.512990024230248, 0.716859968409027, 0.0 ], [ 121.512930086190465, 0.716409998228622, 0.0 ], [ 121.512930105532604, 0.716350009534254, 0.0 ], [ 121.512750071993324, 0.715679970951947, 0.0 ], [ 121.512659891902288, 0.714980002761516, 0.0 ], [ 121.512560078870933, 0.714550015924624, 0.0 ], [ 121.512500076150815, 0.714300008162576, 0.0 ], [ 121.512489991226971, 0.714229982743157, 0.0 ], [ 121.512350009813318, 0.713859971571766, 0.0 ], [ 121.512179999643735, 0.713450028870292, 0.0 ], [ 121.511960084456433, 0.712819970194127, 0.0 ], [ 121.511840097994948, 0.712259966229682, 0.0 ], [ 121.511740051939952, 0.711679972576932, 0.0 ], [ 121.511650129195147, 0.711050027032849, 0.0 ], [ 121.511530043148611, 0.710799999958604, 0.0 ], [ 121.511200024001852, 0.710310020837505, 0.0 ], [ 121.510829919919715, 0.709619996036474, 0.0 ], [ 121.510689925329487, 0.709289977805598, 0.0 ], [ 121.510670080735338, 0.709010024386573, 0.0 ], [ 121.510699867059685, 0.708929978520105, 0.0 ], [ 121.510738930391085, 0.708812769546733, 0.0 ], [ 121.510580115975074, 0.708510019272639, 0.0 ], [ 121.510499907563968, 0.70822997568503, 0.0 ], [ 121.510400048975185, 0.707940033642211, 0.0 ], [ 121.510399905423881, 0.707510009068572, 0.0 ], [ 121.510449992609395, 0.707159985567544, 0.0 ], [ 121.510500066966756, 0.706850025127652, 0.0 ], [ 121.510579924322684, 0.706469981553441, 0.0 ], [ 121.51074003165364, 0.706239970769511, 0.0 ], [ 121.510870087915407, 0.706039979908483, 0.0 ], [ 121.511200125909667, 0.705589994759785, 0.0 ], [ 121.511340011946288, 0.705379973531465, 0.0 ], [ 121.511390101888793, 0.705019987038051, 0.0 ], [ 121.51138010561175, 0.704670014635171, 0.0 ], [ 121.511380046985209, 0.703970005586223, 0.0 ], [ 121.5113700949383, 0.703479989001936, 0.0 ], [ 121.511540091869762, 0.703050018841837, 0.0 ], [ 121.511699892667423, 0.702899992466159, 0.0 ], [ 121.509146643489387, 0.69936797075603, 0.0 ], [ 121.509040816132284, 0.69930611120708, 0.0 ], [ 121.507919179689182, 0.69662364868102, 0.0 ], [ 121.507247881487004, 0.693941119738577, 0.0 ], [ 121.507247949833484, 0.691929206933865, 0.0 ], [ 121.50613417132513, 0.690140927553111, 0.0 ], [ 121.505683895186266, 0.687234840043631, 0.0 ], [ 121.50322731528037, 0.686117107712052, 0.0 ], [ 121.501213000498552, 0.683881711111249, 0.0 ], [ 121.500320391392279, 0.682316928271236, 0.0 ], [ 121.500320447218556, 0.679410848934418, 0.0 ], [ 121.5025557743908, 0.678740227747036, 0.0 ], [ 121.504791240194564, 0.677622481517064, 0.0 ], [ 121.505905141749565, 0.676281246880465, 0.0 ], [ 121.506355387665309, 0.673822280602047, 0.0 ], [ 121.506355147936006, 0.670916263687297, 0.0 ], [ 121.506355185169866, 0.668010176168047, 0.0 ], [ 121.506134048007155, 0.664880601054145, 0.0 ], [ 121.506576498769306, 0.663092243601441, 0.0 ], [ 121.50747679819446, 0.661527444304015, 0.0 ], [ 121.509040809710569, 0.659962631921589, 0.0 ], [ 121.510604820240999, 0.658397887454258, 0.0 ], [ 121.510826225011328, 0.655938843051844, 0.0 ], [ 121.512390214680934, 0.653479915978332, 0.0 ], [ 121.514404388460164, 0.650573852452867, 0.0 ], [ 121.515296881524236, 0.648785546843138, 0.0 ], [ 121.516860883269771, 0.647220717249945, 0.0 ], [ 121.517753502590267, 0.644985353149545, 0.0 ], [ 121.519661089546759, 0.644605205197494, 0.0 ], [ 121.520996099806169, 0.644605242456224, 0.0 ], [ 121.523010355680697, 0.645275814116113, 0.0 ], [ 121.524574339292826, 0.645722903195116, 0.0 ], [ 121.525695846367242, 0.646169933811551, 0.0 ], [ 121.527038698593628, 0.645275859531695, 0.0 ], [ 121.527259697295108, 0.64415810571881, 0.0 ], [ 121.528152401582304, 0.642593348567581, 0.0 ], [ 121.528602690438106, 0.640804968893542, 0.0 ], [ 121.528373638983069, 0.63767536324975, 0.0 ], [ 121.528373592073038, 0.633875132499044, 0.0 ], [ 121.528373819490668, 0.630074901774095, 0.0 ], [ 121.527038437357447, 0.627392394102459, 0.0 ], [ 121.52502452218539, 0.626498205068175, 0.0 ], [ 121.523895214383998, 0.624832394647727, 0.0 ], [ 121.525466872325552, 0.62292159734743, 0.0 ], [ 121.527259827691424, 0.621803859882534, 0.0 ], [ 121.529716374224904, 0.621133221624186, 0.0 ], [ 121.5308380273583, 0.618003639294011, 0.0 ], [ 121.53083810402569, 0.614650461492809, 0.0 ], [ 121.527931115907364, 0.612638571111761, 0.0 ], [ 121.528152484612775, 0.609061894750277, 0.0 ], [ 121.52971651241765, 0.607273601191353, 0.0 ], [ 121.530609064571081, 0.606155884155805, 0.0 ], [ 121.53262324693651, 0.605038188979394, 0.0 ], [ 121.532860101688499, 0.60228998189598, 0.0 ], [ 121.533489995621693, 0.601720007064203, 0.0 ], [ 121.533759898146116, 0.60136996592182, 0.0 ], [ 121.534089877618925, 0.601040008008029, 0.0 ], [ 121.534620123268184, 0.600390019714618, 0.0 ], [ 121.534950113274164, 0.600019997935357, 0.0 ], [ 121.535220020832512, 0.599650030498404, 0.0 ], [ 121.535530092782409, 0.599220013770045, 0.0 ], [ 121.535860119740789, 0.598710016470009, 0.0 ], [ 121.536219904363861, 0.598209989887381, 0.0 ], [ 121.53654010185744, 0.59771002315661, 0.0 ], [ 121.536870112575571, 0.597260014710636, 0.0 ], [ 121.537220057077576, 0.59681001144825, 0.0 ], [ 121.537539944452831, 0.596419989376544, 0.0 ], [ 121.538019885430629, 0.59595002407538, 0.0 ], [ 121.538630074814549, 0.595569971444058, 0.0 ], [ 121.539339936295519, 0.595179982203335, 0.0 ], [ 121.539959902338381, 0.594990004206446, 0.0 ], [ 121.540199956662264, 0.594970001014987, 0.0 ], [ 121.540249931789049, 0.594970014327893, 0.0 ], [ 121.54042007185393, 0.594969988988873, 0.0 ], [ 121.540699967755955, 0.595049978848232, 0.0 ], [ 121.541030122221315, 0.595120019179278, 0.0 ], [ 121.541420054836138, 0.595280024348747, 0.0 ], [ 121.542270118049913, 0.595570023374785, 0.0 ], [ 121.542679995366626, 0.595689970252282, 0.0 ], [ 121.542969998937821, 0.595769962857888, 0.0 ], [ 121.543180007071641, 0.595770018767654, 0.0 ], [ 121.54337990789891, 0.595770001319921, 0.0 ], [ 121.543730030887019, 0.595710034280765, 0.0 ], [ 121.544310106623612, 0.59560999399058, 0.0 ], [ 121.545290013267987, 0.595399972910764, 0.0 ], [ 121.545929912120997, 0.595220032686443, 0.0 ], [ 121.546360072966792, 0.595080029733212, 0.0 ], [ 121.546529945834919, 0.595029977448229, 0.0 ], [ 121.546729883564311, 0.594889983990514, 0.0 ], [ 121.546879869544824, 0.594660028119813, 0.0 ], [ 121.547020073353309, 0.594259992959083, 0.0 ], [ 121.547329965718319, 0.593440004378047, 0.0 ], [ 121.547369875382159, 0.593279971845754, 0.0 ], [ 121.547419921057411, 0.593009996270703, 0.0 ], [ 121.547450095275991, 0.592499986128496, 0.0 ], [ 121.547410079392506, 0.591989992789203, 0.0 ], [ 121.547210110875739, 0.591170010757773, 0.0 ], [ 121.547070118265424, 0.590760009260664, 0.0 ], [ 121.546920026046777, 0.59032001032933, 0.0 ], [ 121.546730063305063, 0.58988999924268, 0.0 ], [ 121.546609981162788, 0.589569987591192, 0.0 ], [ 121.546569918084771, 0.589239998717987, 0.0 ], [ 121.546509957298923, 0.588769993481657, 0.0 ], [ 121.546460093421643, 0.588339984008117, 0.0 ], [ 121.546459929086339, 0.587889991033856, 0.0 ], [ 121.546460040253493, 0.58745999467658, 0.0 ], [ 121.546439972798595, 0.586890017220413, 0.0 ], [ 121.54641994390272, 0.58616999503525, 0.0 ], [ 121.546420101125321, 0.585559994458444, 0.0 ], [ 121.546419931095642, 0.58512999803189, 0.0 ], [ 121.546320081101499, 0.584740004037813, 0.0 ], [ 121.546280032812192, 0.58434999032813, 0.0 ], [ 121.546279919073299, 0.583699996626778, 0.0 ], [ 121.546280098731373, 0.583000011639827, 0.0 ], [ 121.546359985637622, 0.582409993012982, 0.0 ], [ 121.546400053179084, 0.581629996832271, 0.0 ], [ 121.546379991966035, 0.581029989286401, 0.0 ], [ 121.546279995916905, 0.5801100163539, 0.0 ], [ 121.54630004973329, 0.57963999675537, 0.0 ], [ 121.546320090701471, 0.579220003835816, 0.0 ], [ 121.546320128924222, 0.579069994430208, 0.0 ], [ 121.546339922119571, 0.578519988565, 0.0 ], [ 121.546379878966917, 0.57816998866838, 0.0 ], [ 121.546479913112762, 0.577840000781231, 0.0 ], [ 121.546690027634469, 0.577419986075371, 0.0 ], [ 121.546909961014762, 0.577030003962102, 0.0 ], [ 121.547059975165297, 0.576679996899658, 0.0 ], [ 121.547160029338329, 0.576269987298099, 0.0 ], [ 121.547389862468094, 0.575589986811069, 0.0 ], [ 121.547669968922747, 0.574840011099135, 0.0 ], [ 121.547939960206833, 0.574119992107684, 0.0 ], [ 121.548170027991219, 0.573619995571954, 0.0 ], [ 121.548184073237962, 0.573591064205318, 0.0 ], [ 121.547710134554109, 0.57366001251478, 0.0 ], [ 121.547320137585871, 0.573750003326738, 0.0 ], [ 121.546850114273255, 0.57388000204253, 0.0 ], [ 121.54648005382235, 0.573959999550881, 0.0 ], [ 121.546090051965308, 0.574069986718344, 0.0 ], [ 121.545379911806194, 0.574469982919483, 0.0 ], [ 121.544919955575224, 0.574759991382771, 0.0 ], [ 121.544570092221647, 0.574910016916101, 0.0 ], [ 121.544159883527072, 0.57499000371604, 0.0 ], [ 121.543390043415599, 0.574990017983916, 0.0 ], [ 121.542820103609316, 0.574990012863567, 0.0 ], [ 121.542259995564933, 0.574970013704616, 0.0 ], [ 121.541770092478657, 0.574890007711497, 0.0 ], [ 121.541190083868713, 0.57473999078959, 0.0 ], [ 121.540469984699797, 0.574560013773366, 0.0 ], [ 121.5404660552433, 0.574559090226438, 0.0 ], [ 121.53974988326469, 0.574389999694462, 0.0 ], [ 121.538779899887871, 0.574249986706414, 0.0 ], [ 121.537860137042784, 0.574249997220315, 0.0 ], [ 121.53538421910082, 0.573919947617733, 0.0 ], [ 121.532061100841773, 0.573112202645846, 0.0 ], [ 121.527125290634288, 0.571329871830288, 0.0 ], [ 121.526665730196669, 0.571182147492459, 0.0 ], [ 121.524945519766561, 0.571250595248011, 0.0 ], [ 121.523449965539982, 0.571122281413432, 0.0 ], [ 121.521270271338224, 0.570757614606458, 0.0 ], [ 121.519188598290242, 0.570255260039624, 0.0 ], [ 121.516418722199347, 0.57004564092769, 0.0 ], [ 121.513646372275232, 0.5696437242569, 0.0 ], [ 121.513992182375347, 0.555533276916202, 0.0 ], [ 121.514017747775625, 0.555466052164037, 0.0 ], [ 121.514041065500891, 0.555405398049062, 0.0 ], [ 121.514119159319677, 0.555228277838297, 0.0 ], [ 121.514168054709813, 0.555051185557191, 0.0 ], [ 121.514490822541475, 0.554323099518621, 0.0 ], [ 121.514618121709475, 0.553850817165129, 0.0 ], [ 121.514823563323247, 0.553004631406866, 0.0 ], [ 121.514989845415343, 0.552699641941893, 0.0 ], [ 121.515586257114037, 0.552335690369192, 0.0 ], [ 121.516201972552494, 0.552247275102439, 0.0 ], [ 121.516327219969909, 0.552121782251484, 0.0 ], [ 121.516465966707557, 0.551902953259046, 0.0 ], [ 121.516505028089597, 0.551755358033938, 0.0 ], [ 121.51655393534385, 0.551529052008641, 0.0 ], [ 121.51668118511634, 0.551253587493798, 0.0 ], [ 121.517052720073551, 0.550860078915365, 0.0 ], [ 121.517424172320545, 0.550801101672542, 0.0 ], [ 121.517492678749349, 0.550791297333157, 0.0 ], [ 121.517903172897178, 0.550663473328443, 0.0 ], [ 121.517981581061946, 0.550348604357546, 0.0 ], [ 121.517971910033339, 0.549718860073271, 0.0 ], [ 121.518187067131166, 0.54931545505064, 0.0 ], [ 121.518322332732822, 0.549227326942451, 0.0 ], [ 121.522485185495853, 0.54514138030222, 0.0 ], [ 121.526056510081872, 0.543007296098467, 0.0 ], [ 121.526011000911922, 0.542961739016094, 0.0 ], [ 121.525553354716052, 0.543027127217525, 0.0 ], [ 121.525324500411571, 0.543190539306186, 0.0 ], [ 121.525128565285485, 0.543059808428596, 0.0 ], [ 121.525193779590111, 0.542732958423313, 0.0 ], [ 121.525488073874158, 0.542471523160008, 0.0 ], [ 121.526076302167354, 0.542275413535824, 0.0 ], [ 121.526566539654667, 0.542111993861942, 0.0 ], [ 121.527252744160151, 0.541948587685174, 0.0 ], [ 121.527743060703429, 0.541458337548688, 0.0 ], [ 121.527906601952864, 0.540870073856263, 0.0 ], [ 121.527481609823283, 0.540575924539981, 0.0 ], [ 121.526631836171475, 0.540281777424693, 0.0 ], [ 121.525912877929741, 0.540052985657384, 0.0 ], [ 121.524736212096443, 0.540151054850861, 0.0 ], [ 121.523952001209551, 0.540412511545111, 0.0 ], [ 121.523625116195021, 0.54077201233416, 0.0 ], [ 121.523494376143972, 0.54155639541265, 0.0 ], [ 121.523625120702519, 0.541915902432803, 0.0 ], [ 121.523657841849115, 0.542438818322503, 0.0 ], [ 121.523788578370187, 0.542831040395812, 0.0 ], [ 121.523526891352986, 0.54292908482501, 0.0 ], [ 121.523232724060861, 0.542667611971863, 0.0 ], [ 121.523069412139805, 0.542308096962633, 0.0 ], [ 121.522611798296097, 0.542242730960245, 0.0 ], [ 121.52208897820239, 0.542471500440227, 0.0 ], [ 121.521533310363182, 0.542700296954938, 0.0 ], [ 121.521042994325995, 0.543190545833764, 0.0 ], [ 121.520651021715537, 0.543353952458174, 0.0 ], [ 121.520454861548046, 0.542994429655179, 0.0 ], [ 121.520520123592078, 0.5424715033483, 0.0 ], [ 121.520552810090834, 0.541981283930796, 0.0 ], [ 121.520847127613095, 0.541621775987115, 0.0 ], [ 121.521173779757717, 0.541066163485242, 0.0 ], [ 121.521337297333375, 0.540575904523636, 0.0 ], [ 121.521304669851148, 0.539660799694834, 0.0 ], [ 121.520944979773603, 0.538680327079825, 0.0 ], [ 121.520520146668019, 0.537732517621618, 0.0 ], [ 121.520454912338707, 0.536980803515279, 0.0 ], [ 121.520585650895669, 0.536196421300543, 0.0 ], [ 121.520814278650789, 0.535804216936801, 0.0 ], [ 121.52117396400314, 0.535640801099139, 0.0 ], [ 121.521631288188416, 0.535738879774632, 0.0 ], [ 121.521860063960958, 0.535902262298497, 0.0 ], [ 121.521990832630721, 0.536163730622822, 0.0 ], [ 121.522056138085276, 0.536621294619381, 0.0 ], [ 121.522056301554429, 0.537111557737928, 0.0 ], [ 121.522154439801909, 0.537634453870987, 0.0 ], [ 121.522415734972924, 0.537993992306633, 0.0 ], [ 121.52293871758809, 0.538255450644991, 0.0 ], [ 121.523657681696875, 0.538451525992771, 0.0 ], [ 121.524507525696663, 0.538451521509779, 0.0 ], [ 121.525193930694755, 0.538614945388564, 0.0 ], [ 121.525749544454555, 0.538614938740105, 0.0 ], [ 121.525880181267652, 0.538255424684335, 0.0 ], [ 121.525651453034143, 0.537895928998315, 0.0 ], [ 121.525357277181044, 0.537667136393187, 0.0 ], [ 121.525291931495204, 0.537373003827594, 0.0 ], [ 121.525651352127042, 0.537144229017121, 0.0 ], [ 121.526076189036786, 0.536915433812472, 0.0 ], [ 121.526435648797403, 0.53652326006957, 0.0 ], [ 121.526860594181358, 0.535836914612302, 0.0 ], [ 121.527097130758165, 0.535245595152149, 0.0 ], [ 121.526996999776344, 0.534834868532678, 0.0 ], [ 121.526958063030165, 0.534463194620586, 0.0 ], [ 121.526821138675814, 0.534111105107397, 0.0 ], [ 121.526762264049225, 0.533758999186888, 0.0 ], [ 121.526684008454779, 0.53344603413115, 0.0 ], [ 121.526566727509291, 0.533133058789152, 0.0 ], [ 121.526371106304012, 0.532859210124518, 0.0 ], [ 121.526077774177153, 0.532624482579917, 0.0 ], [ 121.525842847385263, 0.532350623639326, 0.0 ], [ 121.525529885747858, 0.532018064804544, 0.0 ], [ 121.525334259933999, 0.531763788174748, 0.0 ], [ 121.525314948681768, 0.531509483428509, 0.0 ], [ 121.525256022769966, 0.53137256856595, 0.0 ], [ 121.524982319450757, 0.531235637366593, 0.0 ], [ 121.52451282424316, 0.531548612380232, 0.0 ], [ 121.524160735361463, 0.531646424820779, 0.0 ], [ 121.52384769501937, 0.531646420021418, 0.0 ], [ 121.523554241531457, 0.531920257279532, 0.0 ], [ 121.523182706728093, 0.532331046740379, 0.0 ], [ 121.522830603990016, 0.532487540915687, 0.0 ], [ 121.522498149399581, 0.532663576308705, 0.0 ], [ 121.522302370237455, 0.53305479985684, 0.0 ], [ 121.522145916114027, 0.53336777904323, 0.0 ], [ 121.521950220856866, 0.533406912434157, 0.0 ], [ 121.521852546513585, 0.533289524869067, 0.0 ], [ 121.521852602501866, 0.533054797897607, 0.0 ], [ 121.521930694045949, 0.532878770846538, 0.0 ], [ 121.521793723469642, 0.53272226455852, 0.0 ], [ 121.521586808342207, 0.532722286027391, 0.0 ], [ 121.521560652584029, 0.53291189110987, 0.0 ], [ 121.521455340008572, 0.533039121305138, 0.0 ], [ 121.521336868179588, 0.533012808198156, 0.0 ], [ 121.521363016549202, 0.532850476141915, 0.0 ], [ 121.52136305001568, 0.532710113548189, 0.0 ], [ 121.521213976484731, 0.532683793064441, 0.0 ], [ 121.520801549835284, 0.532679418176078, 0.0 ], [ 121.520639284660646, 0.532635535048013, 0.0 ], [ 121.520507623158323, 0.532587208633321, 0.0 ], [ 121.519387711046122, 0.532526665977011, 0.0 ], [ 121.519172625845442, 0.53264401303184, 0.0 ], [ 121.518950262751019, 0.532670526756122, 0.0 ], [ 121.518406302237139, 0.533262794221505, 0.0 ], [ 121.518182732021032, 0.533641044265857, 0.0 ], [ 121.517942101211176, 0.533744182706046, 0.0 ], [ 121.517701524819742, 0.533623863731085, 0.0 ], [ 121.517718707941867, 0.533383135063507, 0.0 ], [ 121.517563769115128, 0.533228427113323, 0.0 ], [ 121.517099721395226, 0.533073678609534, 0.0 ], [ 121.516807448588295, 0.533108088958504, 0.0 ], [ 121.516859049574975, 0.533348763670131, 0.0 ], [ 121.516773106147838, 0.533486314069202, 0.0 ], [ 121.516549626587832, 0.533486295098422, 0.0 ], [ 121.516239960385377, 0.533469120858614, 0.0 ], [ 121.515689754271023, 0.533176850738774, 0.0 ], [ 121.515328738785954, 0.533039297751285, 0.0 ], [ 121.515088145355094, 0.532987729642036, 0.0 ], [ 121.514933508556524, 0.532747030115059, 0.0 ], [ 121.514675615498504, 0.532248438740827, 0.0 ], [ 121.514125314441515, 0.531182498133757, 0.0 ], [ 121.513798678320697, 0.530511979310448, 0.0 ], [ 121.513437533675045, 0.52973832627841, 0.0 ], [ 121.513385981684991, 0.529291330265229, 0.0 ], [ 121.513179661730447, 0.529153779983841, 0.0 ], [ 121.512836004217505, 0.52922255354491, 0.0 ], [ 121.51249209422582, 0.529170960870866, 0.0 ], [ 121.512337469667244, 0.528878716920226, 0.0 ], [ 121.512320132596699, 0.528586435576476, 0.0 ], [ 121.512354437580086, 0.528362916449891, 0.0 ], [ 121.512646712707394, 0.528311336170288, 0.0 ], [ 121.512749992819153, 0.528466067277326, 0.0 ], [ 121.512939220006302, 0.528466077619365, 0.0 ], [ 121.51311109369253, 0.528242591567655, 0.0 ], [ 121.512973448853799, 0.527382967695659, 0.0 ], [ 121.512984243340881, 0.526852292325257, 0.0 ], [ 121.512922022798122, 0.526402962298293, 0.0 ], [ 121.512818607880519, 0.525629301446732, 0.0 ], [ 121.512904656318312, 0.525044767596343, 0.0 ], [ 121.513300057182448, 0.524614943400285, 0.0 ], [ 121.513901831731928, 0.524099176578678, 0.0 ], [ 121.514400561518642, 0.523617795470725, 0.0 ], [ 121.515105416143442, 0.522912901165844, 0.0 ], [ 121.51565554321428, 0.522345540728812, 0.0 ], [ 121.51615395214742, 0.522036069958558, 0.0 ], [ 121.516635430442165, 0.52208765880553, 0.0 ], [ 121.516858885433294, 0.522190802824456, 0.0 ], [ 121.517098071738459, 0.522254981606744, 0.0 ], [ 121.517789898519652, 0.52203366737749, 0.0 ], [ 121.518045163129017, 0.521778192333526, 0.0 ], [ 121.518320353253841, 0.521554659942085, 0.0 ], [ 121.518457982469869, 0.521296789105489, 0.0 ], [ 121.518423529767119, 0.520952922636412, 0.0 ], [ 121.518354838099754, 0.520557502117684, 0.0 ], [ 121.518543896636842, 0.520076117145089, 0.0 ], [ 121.518715849604803, 0.519508771370196, 0.0 ], [ 121.518887782414026, 0.5190273812737, 0.0 ], [ 121.518853354225996, 0.518580354100111, 0.0 ], [ 121.518733018682241, 0.518116170551801, 0.0 ], [ 121.51845797278925, 0.517720737698672, 0.0 ], [ 121.51814841470626, 0.517239340163682, 0.0 ], [ 121.518148292924565, 0.516551658869906, 0.0 ], [ 121.518148452140935, 0.515863941463683, 0.0 ], [ 121.518148346725525, 0.515107474046088, 0.0 ], [ 121.517948768077346, 0.514947810599801, 0.0 ], [ 121.517632746778702, 0.514488527951266, 0.0 ], [ 121.517271498149825, 0.514144691118838, 0.0 ], [ 121.516601128881462, 0.513852397680851, 0.0 ], [ 121.516050933692583, 0.513508552167811, 0.0 ], [ 121.515569466970987, 0.513405420180506, 0.0 ], [ 121.515328886609311, 0.513302238695905, 0.0 ], [ 121.515139723104895, 0.513027157073446, 0.0 ], [ 121.514967677103442, 0.512786454867191, 0.0 ], [ 121.514417688252536, 0.512769262603756, 0.0 ], [ 121.513970703330756, 0.512889630187745, 0.0 ], [ 121.513214068543135, 0.512924004971919, 0.0 ], [ 121.512680180011259, 0.512859288397686, 0.0 ], [ 121.512646685424244, 0.512855228271318, 0.0 ], [ 121.512526575248927, 0.512631744188878, 0.0 ], [ 121.512732690690086, 0.512442605012024, 0.0 ], [ 121.513024980614617, 0.512322271891845, 0.0 ], [ 121.513179214616983, 0.512309055319475, 0.0 ], [ 121.513626924476839, 0.512270690304754, 0.0 ], [ 121.514176929824231, 0.512219132685158, 0.0 ], [ 121.514744337072713, 0.512184748650605, 0.0 ], [ 121.515517856966895, 0.511978430775466, 0.0 ], [ 121.515878971414651, 0.511686165849161, 0.0 ], [ 121.516429110567287, 0.511050017149843, 0.0 ], [ 121.516704121165318, 0.510379498435957, 0.0 ], [ 121.517013640006368, 0.509812149945903, 0.0 ], [ 121.517443577380689, 0.509347953605159, 0.0 ], [ 121.517873273613688, 0.508711846421343, 0.0 ], [ 121.517873383413502, 0.508230451249618, 0.0 ], [ 121.518027961647803, 0.507508359746138, 0.0 ], [ 121.518285868166259, 0.506734710703353, 0.0 ], [ 121.518333734171634, 0.50662570765481, 0.0 ], [ 121.518595417207223, 0.506029788935462, 0.0 ], [ 121.518711726147401, 0.505688041107736, 0.0 ], [ 121.51895886278416, 0.505358653321712, 0.0 ], [ 121.519277319512966, 0.504989254604586, 0.0 ], [ 121.519468303119226, 0.504670805466771, 0.0 ], [ 121.519672044676099, 0.503804651929611, 0.0 ], [ 121.519684824618082, 0.503155022313821, 0.0 ], [ 121.519786841466384, 0.502696437028786, 0.0 ], [ 121.519824900230532, 0.501995868579756, 0.0 ], [ 121.51985055507501, 0.501524547771508, 0.0 ], [ 121.519914096607394, 0.501116969624186, 0.0 ], [ 121.520003450128769, 0.500785778882066, 0.0 ], [ 121.520003288869859, 0.500250789548255, 0.0 ], [ 121.51996497460263, 0.499588393991361, 0.0 ], [ 121.519990665029212, 0.498951520503814, 0.0 ], [ 121.520039848424972, 0.498721821683938, 0.0 ], [ 121.520016043695321, 0.49845472727859, 0.0 ], [ 121.519697549698193, 0.497741430597669, 0.0 ], [ 121.519315361329689, 0.496862495703025, 0.0 ], [ 121.519060585981492, 0.496200122161321, 0.0 ], [ 121.518806073834483, 0.495614201792919, 0.0 ], [ 121.518334535297555, 0.495053704082986, 0.0 ], [ 121.518105506906906, 0.494760738781101, 0.0 ], [ 121.517837996213387, 0.494556935858474, 0.0 ], [ 121.517277346053589, 0.494506006377486, 0.0 ], [ 121.516563951161885, 0.494531459229135, 0.0 ], [ 121.516200646450244, 0.494586808793799, 0.0 ], [ 121.515834523993533, 0.494688438930639, 0.0 ], [ 121.515366792178483, 0.494688439399775, 0.0 ], [ 121.515050674605916, 0.49465049539024, 0.0 ], [ 121.514759824687729, 0.494612592342607, 0.0 ], [ 121.514418433973091, 0.494599938481181, 0.0 ], [ 121.514026485593121, 0.494688455692253, 0.0 ], [ 121.51365984426711, 0.494599943835387, 0.0 ], [ 121.513419835365994, 0.494448222299341, 0.0 ], [ 121.513318540914412, 0.494195349604913, 0.0 ], [ 121.513204881257167, 0.493993064917246, 0.0 ], [ 121.513027769952885, 0.493803414328501, 0.0 ], [ 121.512838007560333, 0.493689611335339, 0.0 ], [ 121.512598018399075, 0.493449390247962, 0.0 ], [ 121.512370388810211, 0.49318387706239, 0.0 ], [ 121.512155389763464, 0.492931014225588, 0.0 ], [ 121.51192775929556, 0.492665500227245, 0.0 ], [ 121.51168747866862, 0.492475870892521, 0.0 ], [ 121.511447470857917, 0.492324148748783, 0.0 ], [ 121.511267851765794, 0.492307823427244, 0.0 ], [ 121.511169252034122, 0.492298861839151, 0.0 ], [ 121.510992090375453, 0.492336765274119, 0.0 ], [ 121.510524359757653, 0.492336765901884, 0.0 ], [ 121.510321963356688, 0.492222996428841, 0.0 ], [ 121.510233597498939, 0.491906887996167, 0.0 ], [ 121.510423190585954, 0.491514954607579, 0.0 ], [ 121.510562254991186, 0.49109771490559, 0.0 ], [ 121.510537012620588, 0.490983950013061, 0.0 ], [ 121.510587673579394, 0.490414987045566, 0.0 ], [ 121.510600124388759, 0.48997245836138, 0.0 ], [ 121.510612958585654, 0.489062138648881, 0.0 ], [ 121.510347424356837, 0.488809265073202, 0.0 ], [ 121.510119766834663, 0.488670194485356, 0.0 ], [ 121.509993465352409, 0.488505850748515, 0.0 ], [ 121.509980589819335, 0.488328849623469, 0.0 ], [ 121.509689779751753, 0.488113913788561, 0.0 ], [ 121.50920942106444, 0.488088616617004, 0.0 ], [ 121.50885539820807, 0.488075960698202, 0.0 ], [ 121.508665930335837, 0.487898955528303, 0.0 ], [ 121.508400407458197, 0.48759552595075, 0.0 ], [ 121.508275526831554, 0.487355861514275, 0.0 ], [ 121.508118895361804, 0.487232669631536, 0.0 ], [ 121.507698404581745, 0.486901473364147, 0.0 ], [ 121.507227311648819, 0.486876002042029, 0.0 ], [ 121.506730412244877, 0.486748636442095, 0.0 ], [ 121.506450212630341, 0.486799588756641, 0.0 ], [ 121.506373809413532, 0.486977911837831, 0.0 ], [ 121.506259238226846, 0.48709252890327, 0.0 ], [ 121.506029848306284, 0.487168964602284, 0.0 ], [ 121.505800476137026, 0.487168984842449, 0.0 ], [ 121.505558478225893, 0.487130775095172, 0.0 ], [ 121.505214528434223, 0.487270883509465, 0.0 ], [ 121.505138108330826, 0.487525623679401, 0.0 ], [ 121.504921622630079, 0.487653006348702, 0.0 ], [ 121.50470514165977, 0.4877549177895, 0.0 ], [ 121.504552133526502, 0.487754918831155, 0.0 ], [ 121.504361201246553, 0.487856835046178, 0.0 ], [ 121.50414470624267, 0.488022408568271, 0.0 ], [ 121.503902660653239, 0.48820073046099, 0.0 ], [ 121.503749901885641, 0.488340845189876, 0.0 ], [ 121.503571328235736, 0.488417292879743, 0.0 ], [ 121.503278509709688, 0.488404543642966, 0.0 ], [ 121.502883463670344, 0.488544675401252, 0.0 ], [ 121.502616161958201, 0.488672047263465, 0.0 ], [ 121.50233592038461, 0.488914057694094, 0.0 ], [ 121.502208434727464, 0.48902870674639, 0.0 ], [ 121.502170218912241, 0.489181565863932, 0.0 ], [ 121.502119355686787, 0.489398085126451, 0.0 ], [ 121.502042957914057, 0.489550971819179, 0.0 ], [ 121.501864675928616, 0.489576439056298, 0.0 ], [ 121.501673486038555, 0.489576431314047, 0.0 ], [ 121.501100419567663, 0.489831200209538, 0.0 ], [ 121.500807288981903, 0.489958565918007, 0.0 ], [ 121.500781786548856, 0.489754747551112, 0.0 ], [ 121.500978354727465, 0.489558151221585, 0.0 ], [ 121.501405945580871, 0.489512744316238, 0.0 ], [ 121.501699112939605, 0.489219756702601, 0.0 ], [ 121.501940875332906, 0.48905418924348, 0.0 ], [ 121.502068394860913, 0.48878667252306, 0.0 ], [ 121.502119263663687, 0.488544681181339, 0.0 ], [ 121.50210669526092, 0.488251695276913, 0.0 ], [ 121.502017507148295, 0.487844085970428, 0.0 ], [ 121.501928307715303, 0.487487420831405, 0.0 ], [ 121.501839111046763, 0.487118037775085, 0.0 ], [ 121.501660877000489, 0.486926939292535, 0.0 ], [ 121.501482331719529, 0.486875990479367, 0.0 ], [ 121.501304036708859, 0.486965156154388, 0.0 ], [ 121.50111312724178, 0.48696514868836, 0.0 ], [ 121.500972792028278, 0.486786847230407, 0.0 ], [ 121.500960211307898, 0.486544806504367, 0.0 ], [ 121.50089653791504, 0.486290071688371, 0.0 ], [ 121.500718060140699, 0.485933386830277, 0.0 ], [ 121.500654402648976, 0.485602199721606, 0.0 ], [ 121.500552552915352, 0.485321983486235, 0.0 ], [ 121.500565228245023, 0.485130927827208, 0.0 ], [ 121.500756449657501, 0.484990785551113, 0.0 ], [ 121.500705392561358, 0.484812469778832, 0.0 ], [ 121.500412321382214, 0.484672360604081, 0.0 ], [ 121.500157681590565, 0.484672339104301, 0.0 ], [ 121.499979412045207, 0.484646862579056, 0.0 ], [ 121.499788252389635, 0.484506740891204, 0.0 ], [ 121.499763808142305, 0.484213466785492, 0.0 ], [ 121.491157904202254, 0.494902976135174, 0.0 ], [ 121.491014694597098, 0.495311300579652, 0.0 ], [ 121.490663413123769, 0.495600456105309, 0.0 ], [ 121.490248409090583, 0.495857447774144, 0.0 ], [ 121.489514223648186, 0.495985804889835, 0.0 ], [ 121.489099248884216, 0.496114270564378, 0.0 ], [ 121.488875751595884, 0.496210631117159, 0.0 ], [ 121.488715896537101, 0.496692618696963, 0.0 ], [ 121.488556131907842, 0.498010199814773, 0.0 ], [ 121.488715516240774, 0.498363735262445, 0.0 ], [ 121.489194428547563, 0.498556634465545, 0.0 ], [ 121.489417867435577, 0.498717396246144, 0.0 ], [ 121.489481509317926, 0.49910302349823, 0.0 ], [ 121.489321948969163, 0.499520783542033, 0.0 ], [ 121.489162115141212, 0.499906359033213, 0.0 ], [ 121.489130250934295, 0.500516937132937, 0.0 ], [ 121.489130111101446, 0.501127522580917, 0.0 ], [ 121.488906591317601, 0.501320294552813, 0.0 ], [ 121.488459581232661, 0.50157727735443, 0.0 ], [ 121.487789162088802, 0.501545007671149, 0.0 ], [ 121.487374223852498, 0.501512762061411, 0.0 ], [ 121.487023067130679, 0.501255593831055, 0.0 ], [ 121.4867039304701, 0.500934170325289, 0.0 ], [ 121.486289029343311, 0.500741250188889, 0.0 ], [ 121.486001824314485, 0.500741183409596, 0.0 ], [ 121.485586554079404, 0.500933910418881, 0.0 ], [ 121.485107657555901, 0.501897881362838, 0.0 ], [ 121.484660596188064, 0.502379800520218, 0.0 ], [ 121.484181529499352, 0.502861747291421, 0.0 ], [ 121.483638851754819, 0.502829471377923, 0.0 ], [ 121.483223914268322, 0.502797260646064, 0.0 ], [ 121.482840967250041, 0.502829284726873, 0.0 ], [ 121.48233028020735, 0.502861314201235, 0.0 ], [ 121.481915017682724, 0.503021891251913, 0.0 ], [ 121.481468155327775, 0.503857342068352, 0.0 ], [ 121.48144031922368, 0.504039171571983, 0.0 ], [ 121.48122402846505, 0.504536546693161, 0.0 ], [ 121.480642173279151, 0.506375684078479, 0.0 ], [ 121.480464692400801, 0.506584115858048, 0.0 ], [ 121.48014371038667, 0.506960818795869, 0.0 ], [ 121.479894668038781, 0.507044347216671, 0.0 ], [ 121.479603833375762, 0.506960691180795, 0.0 ], [ 121.479147077176577, 0.506876960595485, 0.0 ], [ 121.478856503868229, 0.506876891882273, 0.0 ], [ 121.478441220325394, 0.507127625992902, 0.0 ], [ 121.478399581860543, 0.507503829307625, 0.0 ], [ 121.478607178327053, 0.508172717654114, 0.0 ], [ 121.478648513528611, 0.509092363677803, 0.0 ], [ 121.478565294704609, 0.50959397327948, 0.0 ], [ 121.478399013850279, 0.509928353289028, 0.0 ], [ 121.478025270589939, 0.510220890221306, 0.0 ], [ 121.477734697284433, 0.510220821003786, 0.0 ], [ 121.477651694368774, 0.509802759267623, 0.0 ], [ 121.477693421545524, 0.50905034311353, 0.0 ], [ 121.477568858056927, 0.508674100482169, 0.0 ], [ 121.477361173828882, 0.508381425344355, 0.0 ], [ 121.476945978431985, 0.508255910669435, 0.0 ], [ 121.476613815628141, 0.508423041431465, 0.0 ], [ 121.476406245621092, 0.508841033836242, 0.0 ], [ 121.476198296563837, 0.509677032412563, 0.0 ], [ 121.475907625215328, 0.510094969455225, 0.0 ], [ 121.475699823331354, 0.510303923025228, 0.0 ], [ 121.475024700686646, 0.511183016162712, 0.0 ], [ 121.474993809000452, 0.511223424512445, 0.0 ], [ 121.47449534524192, 0.511808520781302, 0.0 ], [ 121.473996920915312, 0.512226407314324, 0.0 ], [ 121.473456896529655, 0.512853321861088, 0.0 ], [ 121.473082845655554, 0.514441703283035, 0.0 ], [ 121.472750453639065, 0.515570295020255, 0.0 ], [ 121.472335099679043, 0.516113616084839, 0.0 ], [ 121.472002816633875, 0.516782372813233, 0.0 ], [ 121.471587542375957, 0.516991274937455, 0.0 ], [ 121.470964545699672, 0.517074746172001, 0.0 ], [ 121.470300249431546, 0.517283587633814, 0.0 ], [ 121.469718723389633, 0.517701451536405, 0.0 ], [ 121.469469340368477, 0.518035809080901, 0.0 ], [ 121.469261698117435, 0.518746423572951, 0.0 ], [ 121.469552150072019, 0.519248086222683, 0.0 ], [ 121.470050374534324, 0.519666248108601, 0.0 ], [ 121.470063842223865, 0.519700095960233, 0.0 ], [ 121.470222171769507, 0.519747969172828, 0.0 ], [ 121.470624945544202, 0.520153531063742, 0.0 ], [ 121.470977111691113, 0.520863152036747, 0.0 ], [ 121.47102727981374, 0.521217931825939, 0.0 ], [ 121.470825849851082, 0.52177539960561, 0.0 ], [ 121.470372614439569, 0.522231413166034, 0.0 ], [ 121.470322274977192, 0.522586168246812, 0.0 ], [ 121.470473206316257, 0.523042329771543, 0.0 ], [ 121.471077127822312, 0.524056119664999, 0.0 ], [ 121.471630366957086, 0.525678075722462, 0.0 ], [ 121.471847299336787, 0.526049392105436, 0.0 ], [ 121.472133817548439, 0.526539788594186, 0.0 ], [ 121.47238521883915, 0.527148028963369, 0.0 ], [ 121.472536161985133, 0.527553494946468, 0.0 ], [ 121.472384983929629, 0.52811097499597, 0.0 ], [ 121.471982243826147, 0.528719053545438, 0.0 ], [ 121.471780456475756, 0.529580592213045, 0.0 ], [ 121.471830817064529, 0.530290140031057, 0.0 ], [ 121.472283637568466, 0.530391609731433, 0.0 ], [ 121.473139685970764, 0.530189108025185, 0.0 ], [ 121.473542496462926, 0.530442618751019, 0.0 ], [ 121.473995130942868, 0.531304320712537, 0.0 ], [ 121.474296879208538, 0.532672771716074, 0.0 ], [ 121.474246475689313, 0.533280938009399, 0.0 ], [ 121.474045042212651, 0.533838405575553, 0.0 ], [ 121.473490901883821, 0.534750517387587, 0.0 ], [ 121.472836316217268, 0.535409228166843, 0.0 ], [ 121.472232059583376, 0.535763844310048, 0.0 ], [ 121.471980446990926, 0.536017191664699, 0.0 ], [ 121.472030512215611, 0.536777435849638, 0.0 ], [ 121.472382699420336, 0.53738570275919, 0.0 ], [ 121.472936539046685, 0.537689913763665, 0.0 ], [ 121.473742004432722, 0.537690116565707, 0.0 ], [ 121.474899796234084, 0.537741104196358, 0.0 ], [ 121.475654907828314, 0.538146758705808, 0.0 ], [ 121.475827801871475, 0.538335279496431, 0.0 ], [ 121.476258914228495, 0.538805751082387, 0.0 ], [ 121.476460097336172, 0.539261927516436, 0.0 ], [ 121.476409692076302, 0.53987009427499, 0.0 ], [ 121.476208307205212, 0.540224811837513, 0.0 ], [ 121.476208296307789, 0.540268548465698, 0.0 ], [ 121.475930014954102, 0.540508499700758, 0.0 ], [ 121.475368626926041, 0.541198922921397, 0.0 ], [ 121.475118963366171, 0.541512717588092, 0.0 ], [ 121.474807238707456, 0.541889310397119, 0.0 ], [ 121.474370549627992, 0.542391428601201, 0.0 ], [ 121.473809302731738, 0.542516807993047, 0.0 ], [ 121.473310334768968, 0.542830574172841, 0.0 ], [ 121.4729983449771, 0.543144387732867, 0.0 ], [ 121.473185383127756, 0.54402330010606, 0.0 ], [ 121.473871045507167, 0.544839561229908, 0.0 ], [ 121.474307514173262, 0.545216344209125, 0.0 ], [ 121.474806309056348, 0.545593107889468, 0.0 ], [ 121.475180060228226, 0.54640932557171, 0.0 ], [ 121.475055217823368, 0.54716260195236, 0.0 ], [ 121.474680742116931, 0.548104150123434, 0.0 ], [ 121.47362028612848, 0.549484971788887, 0.0 ], [ 121.473121204925448, 0.550238150972619, 0.0 ], [ 121.472370648000393, 0.550696732026461, 0.0 ], [ 121.471374959815961, 0.55130490032405, 0.0 ], [ 121.47062662187075, 0.551869678041443, 0.0 ], [ 121.470501640855787, 0.552057981183944, 0.0 ], [ 121.46962869892478, 0.552434425879093, 0.0 ], [ 121.469129874090811, 0.552183182668502, 0.0 ], [ 121.468194518693679, 0.551806269484282, 0.0 ], [ 121.467695646051808, 0.551743361706984, 0.0 ], [ 121.46738403220624, 0.551680502483913, 0.0 ], [ 121.466947357129783, 0.552119837983982, 0.0 ], [ 121.466510633689978, 0.552747473075436, 0.0 ], [ 121.466260904059041, 0.553312413512001, 0.0 ], [ 121.466073829391291, 0.553689035026154, 0.0 ], [ 121.465637186246539, 0.554002777711852, 0.0 ], [ 121.465325491885721, 0.554253809821618, 0.0 ], [ 121.464140624527275, 0.554692948749506, 0.0 ], [ 121.463578967872479, 0.55532054957557, 0.0 ], [ 121.463204866481192, 0.555885420884587, 0.0 ], [ 121.46295523344304, 0.556073690296026, 0.0 ], [ 121.462393987237093, 0.556199099650749, 0.0 ], [ 121.461957474143958, 0.556010650390286, 0.0 ], [ 121.460960093582884, 0.555570976499213, 0.0 ], [ 121.460273964332316, 0.555508018314592, 0.0 ], [ 121.459463415708711, 0.55563336195477, 0.0 ], [ 121.458839763266667, 0.556072609932671, 0.0 ], [ 121.458465201814946, 0.55732803899116, 0.0 ], [ 121.458215470979823, 0.557892941065789, 0.0 ], [ 121.457654192941376, 0.558143905430368, 0.0 ], [ 121.457280303849785, 0.557892694264987, 0.0 ], [ 121.456656599462534, 0.557453118284927, 0.0 ], [ 121.456344987224384, 0.557390257965666, 0.0 ], [ 121.455783758787334, 0.557452887886116, 0.0 ], [ 121.45578352962886, 0.55833174537903, 0.0 ], [ 121.455720990802917, 0.559147808303999, 0.0 ], [ 121.455346591617655, 0.559775489627982, 0.0 ], [ 121.455034583736975, 0.560152039784371, 0.0 ], [ 121.454161693967791, 0.560340142056796, 0.0 ], [ 121.453725166436868, 0.56021447005901, 0.0 ], [ 121.453288671924156, 0.559963242112653, 0.0 ], [ 121.452789851867522, 0.559712033010599, 0.0 ], [ 121.452353324659455, 0.559586361121704, 0.0 ], [ 121.452103939901093, 0.559900149307361, 0.0 ], [ 121.452103857542085, 0.560214039050537, 0.0 ], [ 121.45229063658374, 0.560967388900239, 0.0 ], [ 121.453163278180952, 0.562788147436892, 0.0 ], [ 121.453911268645982, 0.563541647861969, 0.0 ], [ 121.454846616623996, 0.56391856595817, 0.0 ], [ 121.455291865947089, 0.563974715318353, 0.0 ], [ 121.455422397725272, 0.564033182890115, 0.0 ], [ 121.455805846782937, 0.564226318168374, 0.0 ], [ 121.456061471262387, 0.564741152518459, 0.0 ], [ 121.456189007156325, 0.565513318069514, 0.0 ], [ 121.456700255730738, 0.566542952014019, 0.0 ], [ 121.456700136493581, 0.566993350321647, 0.0 ], [ 121.456508215804632, 0.567636729994029, 0.0 ], [ 121.456316329055397, 0.568151444522451, 0.0 ], [ 121.456507976736049, 0.568537561851139, 0.0 ], [ 121.457274926444327, 0.568730801191756, 0.0 ], [ 121.458744867641883, 0.568924229685423, 0.0 ], [ 121.460406628756999, 0.568860308416079, 0.0 ], [ 121.461301652101682, 0.568860548780074, 0.0 ], [ 121.461812842518256, 0.569053719372485, 0.0 ], [ 121.462260218059043, 0.569568607008124, 0.0 ], [ 121.462451576066172, 0.571048557815538, 0.0 ], [ 121.462259671259545, 0.571627606363138, 0.0 ], [ 121.461556243623946, 0.572206516703959, 0.0 ], [ 121.460533588542617, 0.572849672882851, 0.0 ], [ 121.460149966856562, 0.573299968167022, 0.0 ], [ 121.460277500645589, 0.574072135613805, 0.0 ], [ 121.460469113626004, 0.5745869546588, 0.0 ], [ 121.462577735242704, 0.576968260340509, 0.0 ], [ 121.463216601379315, 0.57844833402723, 0.0 ], [ 121.463216011660734, 0.580636035007779, 0.0 ], [ 121.463215506909819, 0.582502001734157, 0.0 ], [ 121.463151234506967, 0.583467151509369, 0.0 ], [ 121.462959325945121, 0.584046199123671, 0.0 ], [ 121.462192005696892, 0.585204188169301, 0.0 ], [ 121.461488800830637, 0.585976127345526, 0.0 ], [ 121.460913406622353, 0.586490700064983, 0.0 ], [ 121.460274036895783, 0.586876589448097, 0.0 ], [ 121.459698713059566, 0.587133795739474, 0.0 ], [ 121.458675947094036, 0.587133511940445, 0.0 ], [ 121.45797295370032, 0.587133316763237, 0.0 ], [ 121.457653409455745, 0.58732626099716, 0.0 ], [ 121.457574118264091, 0.587764590563937, 0.0 ], [ 121.457473278032012, 0.587952826187114, 0.0 ], [ 121.457473166541106, 0.588358852483432, 0.0 ], [ 121.457583118379674, 0.588728026856282, 0.0 ], [ 121.457802832571929, 0.589134114437444, 0.0 ], [ 121.457959456377239, 0.589256676104392, 0.0 ], [ 121.458132921415839, 0.589392596520825, 0.0 ], [ 121.458792879449135, 0.589688053225527, 0.0 ], [ 121.459306026584045, 0.589909668555082, 0.0 ], [ 121.459709482410304, 0.58983598044791, 0.0 ], [ 121.459929389651521, 0.58954073344986, 0.0 ], [ 121.460259631018488, 0.589245517087038, 0.0 ], [ 121.460553084160722, 0.58898724367105, 0.0 ], [ 121.460992996933768, 0.589061166607622, 0.0 ], [ 121.461286288085844, 0.589393474591952, 0.0 ], [ 121.461395858072791, 0.590131723273694, 0.0 ], [ 121.461395685536758, 0.590759222828412, 0.0 ], [ 121.461138989757814, 0.591091377669643, 0.0 ], [ 121.460625659106853, 0.591534179317614, 0.0 ], [ 121.459855372099881, 0.592235299163528, 0.0 ], [ 121.459195179213566, 0.592788777493185, 0.0 ], [ 121.458791932428881, 0.593120890549707, 0.0 ], [ 121.458351647265985, 0.59337915721163, 0.0 ], [ 121.457874915954932, 0.593452859255032, 0.0 ], [ 121.45710510393414, 0.593452643109531, 0.0 ], [ 121.456371789461613, 0.59345243711129, 0.0 ], [ 121.456151631685515, 0.593636929337941, 0.0 ], [ 121.455674839348703, 0.593932067634677, 0.0 ], [ 121.455198016244765, 0.594337994677056, 0.0 ], [ 121.454721275234448, 0.594448578647481, 0.0 ], [ 121.454281353364678, 0.594411501501328, 0.0 ], [ 121.453731470775793, 0.594042238750107, 0.0 ], [ 121.453181598590234, 0.593636093634879, 0.0 ], [ 121.452521622185941, 0.593414400791685, 0.0 ], [ 121.451971627231927, 0.593451198989329, 0.0 ], [ 121.451458400104642, 0.593524819294737, 0.0 ], [ 121.450871576117635, 0.593746160580304, 0.0 ], [ 121.449808251880086, 0.594225685551235, 0.0 ], [ 121.449001270748923, 0.594631517499815, 0.0 ], [ 121.448634563277153, 0.594815967183786, 0.0 ], [ 121.448048072036954, 0.594852683566609, 0.0 ], [ 121.447681176752411, 0.594704979378173, 0.0 ], [ 121.447204852071735, 0.594335737868805, 0.0 ], [ 121.446838278964222, 0.594040292326463, 0.0 ], [ 121.446178366625134, 0.593597163682639, 0.0 ], [ 121.44570169971324, 0.593449428663754, 0.0 ], [ 121.44507847286151, 0.593338463906727, 0.0 ], [ 121.444675070806369, 0.593227632016395, 0.0 ], [ 121.444271668839164, 0.593116800138942, 0.0 ], [ 121.443758495070966, 0.593005937203132, 0.0 ], [ 121.44335504176199, 0.593079587647809, 0.0 ], [ 121.443244927241821, 0.593301062409361, 0.0 ], [ 121.443171445913237, 0.594039253399829, 0.0 ], [ 121.443134669651556, 0.595035913675205, 0.0 ], [ 121.443097788329737, 0.595405009084553, 0.0 ], [ 121.44280433568693, 0.595663313856258, 0.0 ], [ 121.442364364485059, 0.595810788573851, 0.0 ], [ 121.441704350393678, 0.595736765395864, 0.0 ], [ 121.440531121995519, 0.595699548919741, 0.0 ], [ 121.440110257249444, 0.595792623846707, 0.0 ], [ 121.439818277324321, 0.595806530432812, 0.0 ], [ 121.439235698251508, 0.59591630451437, 0.0 ], [ 121.43894458524457, 0.595842951540719, 0.0 ], [ 121.438689740105175, 0.595586328166257, 0.0 ], [ 121.438398720014661, 0.595183084075161, 0.0 ], [ 121.437998219345587, 0.594743209269781, 0.0 ], [ 121.437561440716323, 0.594523204532508, 0.0 ], [ 121.437015400605247, 0.594486378675478, 0.0 ], [ 121.436505857572854, 0.594449563187753, 0.0 ], [ 121.436105243943203, 0.59441277873085, 0.0 ], [ 121.435843068147904, 0.594268637297306, 0.0 ], [ 121.435704962690266, 0.594192784516893, 0.0 ], [ 121.435268256770115, 0.593716229731926, 0.0 ], [ 121.435013381181932, 0.593569546884724, 0.0 ], [ 121.434794950987822, 0.593606154857377, 0.0 ], [ 121.434394286185864, 0.593752650830596, 0.0 ], [ 121.433848050907869, 0.594412134668269, 0.0 ], [ 121.433229154100744, 0.594888458362357, 0.0 ], [ 121.43253733599829, 0.595108140269156, 0.0 ], [ 121.43177287756626, 0.595071251331029, 0.0 ], [ 121.431408792742999, 0.594924537143919, 0.0 ], [ 121.431081235876746, 0.594667893650262, 0.0 ], [ 121.430717295997624, 0.594008150871099, 0.0 ], [ 121.430207971645686, 0.593201686232385, 0.0 ], [ 121.429953107112922, 0.593018404099803, 0.0 ], [ 121.429734739431552, 0.592835061766132, 0.0 ], [ 121.429334116904229, 0.592834947360048, 0.0 ], [ 121.429006477690336, 0.592871523885856, 0.0 ], [ 121.428606084377165, 0.593054618697346, 0.0 ], [ 121.428169142589084, 0.593420982784325, 0.0 ], [ 121.427732231833943, 0.593677407078923, 0.0 ], [ 121.427440829522425, 0.593640724212756, 0.0 ], [ 121.427258969337373, 0.593420722306996, 0.0 ], [ 121.427222545032919, 0.593164162629849, 0.0 ], [ 121.427040757216744, 0.592687717557298, 0.0 ], [ 121.426785903511046, 0.592467730223349, 0.0 ], [ 121.426458285395213, 0.592431001810682, 0.0 ], [ 121.426032411685838, 0.59237728803752, 0.0 ], [ 121.42601023369032, 0.592374490813734, 0.0 ], [ 121.425389932911131, 0.592860032537183, 0.0 ], [ 121.424999883357586, 0.59319998424077, 0.0 ], [ 121.424610077701914, 0.593670012027951, 0.0 ], [ 121.424369967977995, 0.5939300247966, 0.0 ], [ 121.424260123432447, 0.594190004251098, 0.0 ], [ 121.424169913917382, 0.594509975544292, 0.0 ], [ 121.424170126590383, 0.594749991169623, 0.0 ], [ 121.424150037664035, 0.595300035776462, 0.0 ], [ 121.424149958162303, 0.595579971477393, 0.0 ], [ 121.424149889968135, 0.595819987018702, 0.0 ], [ 121.424090043156355, 0.595990036735587, 0.0 ], [ 121.423799952128888, 0.596279992517816, 0.0 ], [ 121.423380131718815, 0.596659996066799, 0.0 ], [ 121.423239980670189, 0.596870013308086, 0.0 ], [ 121.42323008341171, 0.597119988276633, 0.0 ], [ 121.423249893651729, 0.597550001080664, 0.0 ], [ 121.423349968060577, 0.598080014108441, 0.0 ], [ 121.423390020259916, 0.598409985141694, 0.0 ], [ 121.423320060711262, 0.598600027184597, 0.0 ], [ 121.423129934137052, 0.598819992183168, 0.0 ], [ 121.422940122587107, 0.59891998484443, 0.0 ], [ 121.422769974556687, 0.59897999238843, 0.0 ], [ 121.422650048240513, 0.599150024468047, 0.0 ], [ 121.422539927932448, 0.599390007916804, 0.0 ], [ 121.422289956206811, 0.601730032000995, 0.0 ], [ 121.422050034031173, 0.602309969696905, 0.0 ], [ 121.42146992595795, 0.603600032632494, 0.0 ], [ 121.421420087124901, 0.604110006287266, 0.0 ], [ 121.421279897652866, 0.604450028057472, 0.0 ], [ 121.421120076269005, 0.604720024873843, 0.0 ], [ 121.421029902514675, 0.604909989883788, 0.0 ], [ 121.420989973241902, 0.605129997994717, 0.0 ], [ 121.42101997525495, 0.605260012071555, 0.0 ], [ 121.421090123685659, 0.605389967267493, 0.0 ], [ 121.421209960916912, 0.60552997005872, 0.0 ], [ 121.421600137428541, 0.605729967636685, 0.0 ], [ 121.421970117798082, 0.605869973177357, 0.0 ], [ 121.422260083221047, 0.606019988299815, 0.0 ], [ 121.422409951470314, 0.606190028403768, 0.0 ], [ 121.422500026993717, 0.606339984938246, 0.0 ], [ 121.42251987876071, 0.606619996910255, 0.0 ], [ 121.422499997697244, 0.607409985700373, 0.0 ], [ 121.42249996868, 0.607510033307372, 0.0 ], [ 121.422390067043594, 0.607960003280476, 0.0 ], [ 121.422259980745949, 0.608309990311477, 0.0 ], [ 121.422079965457584, 0.608510032504776, 0.0 ], [ 121.42188003768014, 0.60863997895642, 0.0 ], [ 121.421609947060318, 0.608689993818361, 0.0 ], [ 121.421189973919695, 0.608619992196262, 0.0 ], [ 121.42089997672926, 0.608579986618922, 0.0 ], [ 121.420720005118667, 0.608630027985706, 0.0 ], [ 121.420579873019406, 0.608770024938403, 0.0 ], [ 121.420500092190878, 0.608939997403661, 0.0 ], [ 121.420450026544145, 0.609259979242198, 0.0 ], [ 121.420229897685275, 0.610309989129058, 0.0 ], [ 121.420009940637229, 0.610770029500011, 0.0 ], [ 121.419829919322751, 0.610989995892667, 0.0 ], [ 121.419620133236123, 0.611230019440904, 0.0 ], [ 121.419360126097814, 0.611360018228639, 0.0 ], [ 121.419109983050021, 0.6113600147349, 0.0 ], [ 121.418900033251504, 0.611199989635773, 0.0 ], [ 121.418729960824422, 0.610999985668785, 0.0 ], [ 121.418650068614056, 0.610590021896699, 0.0 ], [ 121.418540107529736, 0.610280026022396, 0.0 ], [ 121.418430099704665, 0.610129992984491, 0.0 ], [ 121.418279907508747, 0.61011002383247, 0.0 ], [ 121.418080006127781, 0.610150026011284, 0.0 ], [ 121.417860128111016, 0.610340022689053, 0.0 ], [ 121.417440047535877, 0.61063996970188, 0.0 ], [ 121.417139888446656, 0.610790022409029, 0.0 ], [ 121.417010132112623, 0.610970012631932, 0.0 ], [ 121.416949944585127, 0.6113400145128, 0.0 ], [ 121.416890046530085, 0.61167998812313, 0.0 ], [ 121.416759980024949, 0.611960025505036, 0.0 ], [ 121.41664006428131, 0.612089994871682, 0.0 ], [ 121.416430038559341, 0.61218997975339, 0.0 ], [ 121.416120085650306, 0.612230019547803, 0.0 ], [ 121.415869907735129, 0.612349987750642, 0.0 ], [ 121.41576992477242, 0.612480033605615, 0.0 ], [ 121.415539904587476, 0.612789998650002, 0.0 ], [ 121.415029865192579, 0.613499998508908, 0.0 ], [ 121.414300130650446, 0.614730022416347, 0.0 ], [ 121.414039996709931, 0.615290025262753, 0.0 ], [ 121.413859880465338, 0.615829985966458, 0.0 ], [ 121.413709871676843, 0.616139974248968, 0.0 ], [ 121.413769900521672, 0.616309987679502, 0.0 ], [ 121.413879940203486, 0.616350011290416, 0.0 ], [ 121.414130088763216, 0.616330020328286, 0.0 ], [ 121.414539980563362, 0.616310006574076, 0.0 ], [ 121.414870129355577, 0.616330030176408, 0.0 ], [ 121.415230013425145, 0.616429973302361, 0.0 ], [ 121.415530075422438, 0.61661002111955, 0.0 ], [ 121.415699881157337, 0.616760001616727, 0.0 ], [ 121.415779866580152, 0.616849969229464, 0.0 ], [ 121.415869949905044, 0.616969968193297, 0.0 ], [ 121.416039974249514, 0.6173300057337, 0.0 ], [ 121.416160020206604, 0.617710023660516, 0.0 ], [ 121.4162399108383, 0.618119987240222, 0.0 ], [ 121.416329911146491, 0.618519991549009, 0.0 ], [ 121.416480002506802, 0.618880023289429, 0.0 ], [ 121.416710129686876, 0.619160027151659, 0.0 ], [ 121.41705000416593, 0.619519974773235, 0.0 ], [ 121.417579898067487, 0.620029980069896, 0.0 ], [ 121.419009949726174, 0.621179966650702, 0.0 ], [ 121.419590115222974, 0.621630001719646, 0.0 ], [ 121.419839915623243, 0.621839992996102, 0.0 ], [ 121.420050122101429, 0.622080000754126, 0.0 ], [ 121.42021990431985, 0.622309963350824, 0.0 ], [ 121.42040989716584, 0.622550035743545, 0.0 ], [ 121.420419989113299, 0.622599991887122, 0.0 ], [ 121.420449963315605, 0.622820020666674, 0.0 ], [ 121.420429952990304, 0.623080025105986, 0.0 ], [ 121.420329900529765, 0.623439982215616, 0.0 ], [ 121.420089965400223, 0.624039982725692, 0.0 ], [ 121.419689906844866, 0.624969964087656, 0.0 ], [ 121.419300050406179, 0.625580022394283, 0.0 ], [ 121.41916995774173, 0.625939970043569, 0.0 ], [ 121.419010014783112, 0.627539973981443, 0.0 ], [ 121.419060087877398, 0.628139991249137, 0.0 ], [ 121.419139940849277, 0.628669998542656, 0.0 ], [ 121.41946005433114, 0.629389999770184, 0.0 ], [ 121.419779950230946, 0.629900014482069, 0.0 ], [ 121.420079940338113, 0.630320008770839, 0.0 ], [ 121.42074000311348, 0.631149983016081, 0.0 ], [ 121.421029901498429, 0.631520021424707, 0.0 ], [ 121.421320083674487, 0.631880026990154, 0.0 ], [ 121.421549941829568, 0.632119971233295, 0.0 ], [ 121.421849965231246, 0.63243002682392, 0.0 ], [ 121.421979884002099, 0.632650015832796, 0.0 ], [ 121.421959899687636, 0.632820005813998, 0.0 ], [ 121.421889936587789, 0.633009975863112, 0.0 ], [ 121.4215700583851, 0.633370006668814, 0.0 ], [ 121.421320076708597, 0.633760016532507, 0.0 ], [ 121.421209930519268, 0.63407001706726, 0.0 ], [ 121.421210114284264, 0.634390013822043, 0.0 ], [ 121.421339957016571, 0.634859980441442, 0.0 ], [ 121.421549875930651, 0.635119984920011, 0.0 ], [ 121.421829972201806, 0.635409968775251, 0.0 ], [ 121.422119903700789, 0.635669997967029, 0.0 ], [ 121.422649860850683, 0.635970021197644, 0.0 ], [ 121.422739962076008, 0.636030035097094, 0.0 ], [ 121.423349925970072, 0.63635000780942, 0.0 ], [ 121.42364998581877, 0.636540021123304, 0.0 ], [ 121.423900072906434, 0.636730019092661, 0.0 ], [ 121.424069306913864, 0.636914127827141, 0.0 ], [ 121.424170059580774, 0.637030033283219, 0.0 ], [ 121.424250014530458, 0.637219978939045, 0.0 ], [ 121.424199974829193, 0.637439983653225, 0.0 ], [ 121.423999974035837, 0.637799980620039, 0.0 ], [ 121.423460121012397, 0.638650007217949, 0.0 ], [ 121.423139896560741, 0.639220024393987, 0.0 ], [ 121.422949929016553, 0.639819968794279, 0.0 ], [ 121.422839989202686, 0.640369984714377, 0.0 ], [ 121.422740082638768, 0.641160019042823, 0.0 ], [ 121.422609888872245, 0.641840033907508, 0.0 ], [ 121.422459996619949, 0.642669972648883, 0.0 ], [ 121.42230990311387, 0.643239971160207, 0.0 ], [ 121.42213006262169, 0.643769969542633, 0.0 ], [ 121.422100004306742, 0.64383001698947, 0.0 ], [ 121.421830068708601, 0.644280005625512, 0.0 ], [ 121.42137990622345, 0.644690017766906, 0.0 ], [ 121.421320067230567, 0.644820004371853, 0.0 ], [ 121.421279902040027, 0.644879977963634, 0.0 ], [ 121.42125990432028, 0.645090029164423, 0.0 ], [ 121.421280065640715, 0.645260031499299, 0.0 ], [ 121.421340077509257, 0.645479999409674, 0.0 ], [ 121.421469992087992, 0.645710022203376, 0.0 ], [ 121.421530019364297, 0.64587996637198, 0.0 ], [ 121.421529954535799, 0.646090023823768, 0.0 ], [ 121.421470087645687, 0.646310024924661, 0.0 ], [ 121.421279886460752, 0.646750005017198, 0.0 ], [ 121.421000099255082, 0.647279971455399, 0.0 ], [ 121.420980045580805, 0.647669980954583, 0.0 ], [ 121.421029919354538, 0.647989993253377, 0.0 ], [ 121.421229955227915, 0.648430024972528, 0.0 ], [ 121.421420115339131, 0.649030016694789, 0.0 ], [ 121.421419944718906, 0.649579995536635, 0.0 ], [ 121.421340054346715, 0.650090029181464, 0.0 ], [ 121.421250035215721, 0.650670008085123, 0.0 ], [ 121.421170020048436, 0.651580019778323, 0.0 ], [ 121.42118990946885, 0.651719993687942, 0.0 ], [ 121.421189881433676, 0.651810008199698, 0.0 ], [ 121.421299865579115, 0.652029992064422, 0.0 ], [ 121.421439911425054, 0.652179966291237, 0.0 ], [ 121.421679924886874, 0.652260023598865, 0.0 ], [ 121.42204990233634, 0.652409999811824, 0.0 ], [ 121.422219988141435, 0.652559983584248, 0.0 ], [ 121.422340107242491, 0.652690026861551, 0.0 ], [ 121.422439959604702, 0.652989989221746, 0.0 ], [ 121.422270063971041, 0.654029978259567, 0.0 ], [ 121.422340113232465, 0.654469969602837, 0.0 ], [ 121.422480130913826, 0.654710029261922, 0.0 ], [ 121.422670130957869, 0.654920005719121, 0.0 ], [ 121.422880095313289, 0.655030011572792, 0.0 ], [ 121.423360132112748, 0.655160027753369, 0.0 ], [ 121.423800003447838, 0.655350017426963, 0.0 ], [ 121.42495997289403, 0.655600009515149, 0.0 ], [ 121.425400131624741, 0.655770003961579, 0.0 ], [ 121.425480125878181, 0.65583001554839, 0.0 ], [ 121.425669876756572, 0.655940015122285, 0.0 ], [ 121.425929982716895, 0.656410025240221, 0.0 ], [ 121.426220134917827, 0.656859978909212, 0.0 ], [ 121.426499946383117, 0.657159999030136, 0.0 ], [ 121.426730099981782, 0.65734999327252, 0.0 ], [ 121.426940080470246, 0.657409975514626, 0.0 ], [ 121.427219960902676, 0.657489975364393, 0.0 ], [ 121.427920130221992, 0.657540009356454, 0.0 ], [ 121.428299963318523, 0.657599974794758, 0.0 ], [ 121.428680067847452, 0.657689968811618, 0.0 ], [ 121.428929867848936, 0.657899964889745, 0.0 ], [ 121.42909995419474, 0.658050020028015, 0.0 ], [ 121.429270034318947, 0.658219999981684, 0.0 ], [ 121.429399926789586, 0.658519972996112, 0.0 ], [ 121.429539907364457, 0.658880006270417, 0.0 ], [ 121.429670027272195, 0.659349976146588, 0.0 ], [ 121.429709967328961, 0.660009980252356, 0.0 ], [ 121.429609873459597, 0.660480018308478, 0.0 ], [ 121.429550061538663, 0.660519990192414, 0.0 ], [ 121.429459916234208, 0.660600013987471, 0.0 ], [ 121.429679941192461, 0.660860024947611, 0.0 ], [ 121.42989013684543, 0.661129995225566, 0.0 ], [ 121.430440019173105, 0.661459989458927, 0.0 ], [ 121.431830100377027, 0.662049980574446, 0.0 ], [ 121.432040046935214, 0.662219973678839, 0.0 ], [ 121.432279992756818, 0.66251998232734, 0.0 ], [ 121.432530039258552, 0.662839989736534, 0.0 ], [ 121.432659918987383, 0.663180025042757, 0.0 ], [ 121.432779978795082, 0.66349999111293, 0.0 ], [ 121.432869903947818, 0.664120021232088, 0.0 ], [ 121.43297002418899, 0.664459976503488, 0.0 ], [ 121.43313000378221, 0.664610029099082, 0.0 ], [ 121.433259971646322, 0.66466998642956, 0.0 ], [ 121.433460139362595, 0.664689975198777, 0.0 ], [ 121.433669871467345, 0.664649980531111, 0.0 ], [ 121.434259866901542, 0.664200022816468, 0.0 ], [ 121.434590040423927, 0.664159995803652, 0.0 ], [ 121.4348999371189, 0.664319988021704, 0.0 ], [ 121.435110114379384, 0.664650016277805, 0.0 ], [ 121.435170087648231, 0.664990029735905, 0.0 ], [ 121.435130013284308, 0.665650010072598, 0.0 ], [ 121.434960040133546, 0.66603001172532, 0.0 ], [ 121.434279995642527, 0.667140003843096, 0.0 ], [ 121.434029948535326, 0.667709972081747, 0.0 ], [ 121.434009999509698, 0.667759989758147, 0.0 ], [ 121.43385999394448, 0.66802998683884, 0.0 ], [ 121.433670125110226, 0.668290008656784, 0.0 ], [ 121.433460093023569, 0.668389989340783, 0.0 ], [ 121.433259925192814, 0.668370000215938, 0.0 ], [ 121.433080006186188, 0.668240007070091, 0.0 ], [ 121.432950120751684, 0.667919966883561, 0.0 ], [ 121.432869988004683, 0.667410020893237, 0.0 ], [ 121.432660035204464, 0.667260022719711, 0.0 ], [ 121.432359898691132, 0.667310021124416, 0.0 ], [ 121.432129886110772, 0.667559996807769, 0.0 ], [ 121.431980091612544, 0.668050014594827, 0.0 ], [ 121.431940019064598, 0.668700031416529, 0.0 ], [ 121.431999934272952, 0.669220003801678, 0.0 ], [ 121.432509951578936, 0.67043000069618, 0.0 ], [ 121.432589895121481, 0.670649976796449, 0.0 ], [ 121.432629940421435, 0.670969988125884, 0.0 ], [ 121.432550115303997, 0.671260002882982, 0.0 ], [ 121.432209943190941, 0.671839974007975, 0.0 ], [ 121.431680006759137, 0.672350005358461, 0.0 ], [ 121.431610074692685, 0.672429964641212, 0.0 ], [ 121.431449987001486, 0.672619975836967, 0.0 ], [ 121.431219960798245, 0.672910012369358, 0.0 ], [ 121.430980069975845, 0.673320018445204, 0.0 ], [ 121.430469979958872, 0.67410002951072, 0.0 ], [ 121.430189996226488, 0.674340025491142, 0.0 ], [ 121.429869887810625, 0.674509988923626, 0.0 ], [ 121.429119955889433, 0.674669991489667, 0.0 ], [ 121.42855001630538, 0.674730004488504, 0.0 ], [ 121.428019949633224, 0.674769964264259, 0.0 ], [ 121.42743986160832, 0.674959979425198, 0.0 ], [ 121.427000138388166, 0.675179997952684, 0.0 ], [ 121.426560076558886, 0.675579975073441, 0.0 ], [ 121.426340128031939, 0.675960028382443, 0.0 ], [ 121.426160071543464, 0.67625997162442, 0.0 ], [ 121.425980002092473, 0.676599976299501, 0.0 ], [ 121.425819865729181, 0.676939987423468, 0.0 ], [ 121.42548986670073, 0.677309971384447, 0.0 ], [ 121.425109929875077, 0.677569999417864, 0.0 ], [ 121.424650008808868, 0.677739986467189, 0.0 ], [ 121.424160012141456, 0.678019973586367, 0.0 ], [ 121.423520056973047, 0.678420025031849, 0.0 ], [ 121.42270008056974, 0.679010008548468, 0.0 ], [ 121.422260050660157, 0.679310006712379, 0.0 ], [ 121.422149981110408, 0.679359994313637, 0.0 ], [ 121.421729920040221, 0.679549988928345, 0.0 ], [ 121.421220016333933, 0.679749986871884, 0.0 ], [ 121.420780067716137, 0.679800007098956, 0.0 ], [ 121.42028988154253, 0.679799986974964, 0.0 ], [ 121.419680122836425, 0.679720016618761, 0.0 ], [ 121.418770022666791, 0.679459989085922, 0.0 ], [ 121.41772992050187, 0.679250013093062, 0.0 ], [ 121.417210001889529, 0.67917000164102, 0.0 ], [ 121.416610080134859, 0.679060006120773, 0.0 ], [ 121.416039921067068, 0.678939987417175, 0.0 ], [ 121.415729949867256, 0.679020007757396, 0.0 ], [ 121.415529989336989, 0.679229998609836, 0.0 ], [ 121.415349896655243, 0.679640019804255, 0.0 ], [ 121.415309945756832, 0.679900016384076, 0.0 ], [ 121.415109903554296, 0.680359983829363, 0.0 ], [ 121.414900070981105, 0.680710009041201, 0.0 ], [ 121.41450013969569, 0.681160018414788, 0.0 ], [ 121.414140130066471, 0.681439974735313, 0.0 ], [ 121.41365994420029, 0.681769985304052, 0.0 ], [ 121.413290072329914, 0.682160018182935, 0.0 ], [ 121.412810075343046, 0.682770033173989, 0.0 ], [ 121.412370019798146, 0.683150009325155, 0.0 ], [ 121.411860087729764, 0.68344001855956, 0.0 ], [ 121.411240102848282, 0.683729990928165, 0.0 ], [ 121.410539863863079, 0.683900035311184, 0.0 ], [ 121.410010045031072, 0.684049999757201, 0.0 ], [ 121.409529875655707, 0.684329985159353, 0.0 ], [ 121.408960085410314, 0.684800001344081, 0.0 ], [ 121.408279928612686, 0.685370027171154, 0.0 ], [ 121.407379874340862, 0.686159997131712, 0.0 ], [ 121.406630128595452, 0.686619989379737, 0.0 ], [ 121.405639977650395, 0.687339979600425, 0.0 ], [ 121.405030076856178, 0.687699971068882, 0.0 ], [ 121.404540101308044, 0.687919965490317, 0.0 ], [ 121.404230074237717, 0.688169977853485, 0.0 ], [ 121.404039919175176, 0.688440025724128, 0.0 ], [ 121.40388990750435, 0.688719978692846, 0.0 ], [ 121.403559978293657, 0.689719980799745, 0.0 ], [ 121.403439992915224, 0.690040004793184, 0.0 ], [ 121.403279890784376, 0.690270001459696, 0.0 ], [ 121.403120102734562, 0.690400022203912, 0.0 ], [ 121.402869894353174, 0.690589997921202, 0.0 ], [ 121.402619996748427, 0.690690030644818, 0.0 ], [ 121.402319862295229, 0.690740023023943, 0.0 ], [ 121.401680018305882, 0.690810036829896, 0.0 ], [ 121.401179982724315, 0.690889989482217, 0.0 ], [ 121.4008399557421, 0.691020019539694, 0.0 ], [ 121.400399956455672, 0.691229996312197, 0.0 ], [ 121.400080116465801, 0.691440013725435, 0.0 ], [ 121.399679973086563, 0.69168003186129, 0.0 ], [ 121.399350069847799, 0.691759971138887, 0.0 ], [ 121.398880074440143, 0.691840004080051, 0.0 ], [ 121.398540030896157, 0.692019986213781, 0.0 ], [ 121.398299916063422, 0.692250025447487, 0.0 ], [ 121.398090118428158, 0.692489966522673, 0.0 ], [ 121.397899925897093, 0.692870021542839, 0.0 ], [ 121.397709970340841, 0.693380009673854, 0.0 ], [ 121.397620051046161, 0.696949995244837, 0.0 ], [ 121.397580107348205, 0.697180031682558, 0.0 ], [ 121.397469936548788, 0.697530014886043, 0.0 ], [ 121.39730997883683, 0.698159983579964, 0.0 ], [ 121.397150048015178, 0.698709971624227, 0.0 ], [ 121.396940069554063, 0.699480030173242, 0.0 ], [ 121.396689940718375, 0.700259966310605, 0.0 ], [ 121.396479941171123, 0.701090009886877, 0.0 ], [ 121.393219973773313, 0.711560028247619, 0.0 ], [ 121.393550134849036, 0.711549969830587, 0.0 ], [ 121.39392995346293, 0.711639974973836, 0.0 ], [ 121.394150013628135, 0.711769984986192, 0.0 ], [ 121.395319891577401, 0.712560025541835, 0.0 ], [ 121.395760029599074, 0.712770022697322, 0.0 ], [ 121.396080063512755, 0.712820016763453, 0.0 ], [ 121.396450063480302, 0.712890023472505, 0.0 ], [ 121.396989946493619, 0.712870005641201, 0.0 ], [ 121.397580086804282, 0.712839972446071, 0.0 ], [ 121.398149985830216, 0.712889983310143, 0.0 ], [ 121.398589895683827, 0.712949981515302, 0.0 ], [ 121.399090076420123, 0.713270008489113, 0.0 ], [ 121.399479916739608, 0.713609992072621, 0.0 ], [ 121.399769876777995, 0.713760022035119, 0.0 ], [ 121.400180020934854, 0.713840005060477, 0.0 ], [ 121.401019923832138, 0.714109986754545, 0.0 ], [ 121.401069886497254, 0.714140032342962, 0.0 ], [ 121.401510015658189, 0.714379987316364, 0.0 ], [ 121.402099974268765, 0.71488000289464, 0.0 ], [ 121.402650101455066, 0.715280028770353, 0.0 ], [ 121.403210093054113, 0.715569978690959, 0.0 ], [ 121.403809902604053, 0.715999979725738, 0.0 ], [ 121.404450074327684, 0.716619984891169, 0.0 ], [ 121.405210063403089, 0.717419989332528, 0.0 ], [ 121.405860072121143, 0.718009970459592, 0.0 ], [ 121.406299866259673, 0.718410029363463, 0.0 ], [ 121.406990112485971, 0.71874001641377, 0.0 ], [ 121.407479928711069, 0.718999985182771, 0.0 ], [ 121.408069930757762, 0.719380031324172, 0.0 ], [ 121.408160019921709, 0.719470006239868, 0.0 ], [ 121.408699979566435, 0.720049987467179, 0.0 ], [ 121.40945014050763, 0.720860023618401, 0.0 ], [ 121.409819987282518, 0.721380030438227, 0.0 ], [ 121.410160036473286, 0.722009965547636, 0.0 ], [ 121.410479955059216, 0.722400021200657, 0.0 ], [ 121.410779996133513, 0.722629966482495, 0.0 ], [ 121.411149982058703, 0.722749997776022, 0.0 ], [ 121.411580072769652, 0.722800031452068, 0.0 ], [ 121.412260020265293, 0.722879969358496, 0.0 ], [ 121.412580057377752, 0.722930034901674, 0.0 ], [ 121.412689262552163, 0.722948514223213, 0.0 ], [ 121.41250999437888, 0.723380010166545, 0.0 ], [ 121.412220090418131, 0.723869969131323, 0.0 ], [ 121.411920023586305, 0.72452002790631, 0.0 ], [ 121.411589947712031, 0.725079991137471, 0.0 ], [ 121.410879874374658, 0.726049970113189, 0.0 ], [ 121.410780096495273, 0.726370000420866, 0.0 ], [ 121.410730018237999, 0.726669982376764, 0.0 ], [ 121.410780115063346, 0.727119999662777, 0.0 ], [ 121.410829899549398, 0.727660030899395, 0.0 ], [ 121.410800024576503, 0.727989977575598, 0.0 ], [ 121.410710090115913, 0.728259987768469, 0.0 ], [ 121.410560064668829, 0.728560004821448, 0.0 ], [ 121.410310015134769, 0.729080004844222, 0.0 ], [ 121.4100399619808, 0.729800020880526, 0.0 ], [ 121.409940060425583, 0.730470003198684, 0.0 ], [ 121.409890068717033, 0.731320031242015, 0.0 ], [ 121.409909888207267, 0.73243998485684, 0.0 ], [ 121.409910031437406, 0.732829998466337, 0.0 ], [ 121.409860031671656, 0.733700021687981, 0.0 ], [ 121.409939939450808, 0.733999979189308, 0.0 ], [ 121.4100299082275, 0.734430015495961, 0.0 ], [ 121.410160056033988, 0.734769981572052, 0.0 ], [ 121.410330038472608, 0.735199975981197, 0.0 ], [ 121.410630022300424, 0.735590026541581, 0.0 ], [ 121.410999909435034, 0.735989993923107, 0.0 ], [ 121.411519927196863, 0.736589968040428, 0.0 ], [ 121.41203009042826, 0.737269990637772, 0.0 ], [ 121.412079961224549, 0.737559975448691, 0.0 ], [ 121.411979943142029, 0.737760033629024, 0.0 ], [ 121.411860020153952, 0.737880032862152, 0.0 ], [ 121.411639876372789, 0.737980000769349, 0.0 ], [ 121.411130033708972, 0.737980029402267, 0.0 ], [ 121.410649968478467, 0.737929974538902, 0.0 ], [ 121.410230019398071, 0.737779964961697, 0.0 ], [ 121.409819928604293, 0.737540015614195, 0.0 ], [ 121.409459960816463, 0.737670031908104, 0.0 ], [ 121.409190106736219, 0.737820005166449, 0.0 ], [ 121.408900013778208, 0.738039989782217, 0.0 ], [ 121.408730053355939, 0.738339998597874, 0.0 ], [ 121.408610030806443, 0.738740001597308, 0.0 ], [ 121.408470042863158, 0.73923001127512, 0.0 ], [ 121.408479961071635, 0.739759994850013, 0.0 ], [ 121.408439894926033, 0.740319988561148, 0.0 ], [ 121.408359976379586, 0.740839977345801, 0.0 ], [ 121.408209902285108, 0.741269997428633, 0.0 ], [ 121.407950051210406, 0.741710010632639, 0.0 ], [ 121.407739935721125, 0.742029999650677, 0.0 ], [ 121.407359952051351, 0.742389988120644, 0.0 ], [ 121.407090097525696, 0.742540031126042, 0.0 ], [ 121.406780056380583, 0.742799997922576, 0.0 ], [ 121.406589870360762, 0.743130026767184, 0.0 ], [ 121.406520075857344, 0.74359999521925, 0.0 ], [ 121.406519903643272, 0.744080021897035, 0.0 ], [ 121.406459960300452, 0.744479975265415, 0.0 ], [ 121.406269986428441, 0.744999993916666, 0.0 ], [ 121.40596999433194, 0.745419996258016, 0.0 ], [ 121.405639987083745, 0.745769968919001, 0.0 ], [ 121.405060087017461, 0.746190010116025, 0.0 ], [ 121.40449986468397, 0.746539968982888, 0.0 ], [ 121.404099968556821, 0.746840033523925, 0.0 ], [ 121.403780086169746, 0.747139985870442, 0.0 ], [ 121.403680023656449, 0.74746001374824, 0.0 ], [ 121.403659938700173, 0.747879976210379, 0.0 ], [ 121.40369998833863, 0.748150032035548, 0.0 ], [ 121.403750134138321, 0.748449978386327, 0.0 ], [ 121.403840052301717, 0.749010018235134, 0.0 ], [ 121.403910084186009, 0.74943997604902, 0.0 ], [ 121.403890035028127, 0.749760033203665, 0.0 ], [ 121.40369651068491, 0.750001670905513, 0.0 ], [ 121.395447276272549, 0.758356380773266, 0.0 ], [ 121.393082328618476, 0.76192472757584, 0.0 ], [ 121.391750929628941, 0.766683268298722, 0.0 ], [ 121.392192282863078, 0.771144953020312, 0.0 ], [ 121.393515969816278, 0.775754290535184, 0.0 ], [ 121.394205756465595, 0.776543689487434, 0.0 ], [ 121.394574227849219, 0.776951787090611, 0.0 ], [ 121.395126885696257, 0.777322861885858, 0.0 ], [ 121.395458298156569, 0.777730945548897, 0.0 ], [ 121.395716125948141, 0.778213117321451, 0.0 ], [ 121.396011026824027, 0.778658280634951, 0.0 ], [ 121.396342411324667, 0.77914048081003, 0.0 ], [ 121.396747675423228, 0.779511499790013, 0.0 ], [ 121.396931960452505, 0.779956621023574, 0.0 ], [ 121.397300404127449, 0.780438906424345, 0.0 ], [ 121.397889855236528, 0.780772902960729, 0.0 ], [ 121.398516267429756, 0.781366497398154, 0.0 ], [ 121.398995313407937, 0.781885848571777, 0.0 ], [ 121.399363799585672, 0.782256854195688, 0.0 ], [ 121.399844485035175, 0.782895470728144, 0.0 ], [ 121.401050242992284, 0.78825103581928, 0.0 ], [ 121.404221226691732, 0.801711290552136, 0.0 ], [ 121.406731870121419, 0.804240504871005, 0.0 ], [ 121.41057124568654, 0.809149753232079, 0.0 ], [ 121.411309042738878, 0.811380894251039, 0.0 ], [ 121.411896474442699, 0.820452974478707, 0.0 ], [ 121.413020779311367, 0.831377842643314, 0.0 ], [ 121.412788441162547, 0.831759001370295, 0.0 ], [ 121.412577114028721, 0.832254346489351, 0.0 ], [ 121.412506698354008, 0.832820473973798, 0.0 ], [ 121.412506443366766, 0.833457425883859, 0.0 ], [ 121.412576490852445, 0.833811292998314, 0.0 ], [ 121.412787421524584, 0.834306809361011, 0.0 ], [ 121.412611525812366, 0.83466057661135, 0.0 ], [ 121.41215408761056, 0.834872707997407, 0.0 ], [ 121.411661498011313, 0.835226346216027, 0.0 ], [ 121.41130979141343, 0.83572163347541, 0.0 ], [ 121.410992870071624, 0.836287659998307, 0.0 ], [ 121.410852011576807, 0.836782962197206, 0.0 ], [ 121.410711067384483, 0.837490652089316, 0.0 ], [ 121.410535113931076, 0.837985939787815, 0.0 ], [ 121.41032387057885, 0.838268966513249, 0.0 ], [ 121.41004235226761, 0.838764281509734, 0.0 ], [ 121.409584713485273, 0.839471770626625, 0.0 ], [ 121.409197515732657, 0.840250084128983, 0.0 ], [ 121.408845778963169, 0.840816094899148, 0.0 ], [ 121.408845649959346, 0.841134605600339, 0.0 ], [ 121.408774936193296, 0.841736129469632, 0.0 ], [ 121.4087747352836, 0.842231559138655, 0.0 ], [ 121.408598866584626, 0.842514528974662, 0.0 ], [ 121.406688361806602, 0.844472567775627, 0.0 ], [ 121.407677161663884, 0.844536776732534, 0.0 ], [ 121.408340851520379, 0.844585590084294, 0.0 ], [ 121.408752997629179, 0.84459883108388, 0.0 ], [ 121.409187889752999, 0.844600776687203, 0.0 ], [ 121.409599759932746, 0.844602571448342, 0.0 ], [ 121.410301628706506, 0.844663058270116, 0.0 ], [ 121.410515261342354, 0.844721506957606, 0.0 ], [ 121.411133385326536, 0.844977389931438, 0.0 ], [ 121.411392706607515, 0.845220266066286, 0.0 ], [ 121.41149962828294, 0.845335830449238, 0.0 ], [ 121.411835221991765, 0.845809213567188, 0.0 ], [ 121.412056379106957, 0.846005865963421, 0.0 ], [ 121.412338713248971, 0.846271855836926, 0.0 ], [ 121.412659263225322, 0.846457385821901, 0.0 ], [ 121.412819542892279, 0.846538704767434, 0.0 ], [ 121.41341437427252, 0.84677147451349, 0.0 ], [ 121.413811313907814, 0.846899805729721, 0.0 ], [ 121.414223138496823, 0.847016626363421, 0.0 ], [ 121.414757368818584, 0.847145579382173, 0.0 ], [ 121.41550496588718, 0.847298430916625, 0.0 ], [ 121.415924661419652, 0.847392362629877, 0.0 ], [ 121.41651198829328, 0.847440861630426, 0.0 ], [ 121.416954453531673, 0.84746577290347, 0.0 ], [ 121.417336069130798, 0.847306249948092, 0.0 ], [ 121.41757253749995, 0.847134585240043, 0.0 ], [ 121.417847212291832, 0.846905564428661, 0.0 ], [ 121.418007305088636, 0.846756619091886, 0.0 ], [ 121.418228621828419, 0.846561843854347, 0.0 ], [ 121.418472689300245, 0.846344115063617, 0.0 ], [ 121.418961142148021, 0.845816735378806, 0.0 ], [ 121.419167012417034, 0.845633470312394, 0.0 ], [ 121.419434148492513, 0.845300795148888, 0.0 ], [ 121.419617295942871, 0.845071312332139, 0.0 ], [ 121.420021567450789, 0.844428447278859, 0.0 ], [ 121.420159016258324, 0.844037569698956, 0.0 ], [ 121.421165885036459, 0.8438693279101, 0.0 ], [ 121.421463507474968, 0.84382451294183, 0.0 ], [ 121.421829634994907, 0.843780008537224, 0.0 ], [ 121.422676715748722, 0.843703128455013, 0.0 ], [ 121.422989517880126, 0.843612323074198, 0.0 ], [ 121.423515710457366, 0.843487972869398, 0.0 ], [ 121.424187322206777, 0.843398868038152, 0.0 ], [ 121.424843188583367, 0.843367057909576, 0.0 ], [ 121.425331741321457, 0.843288617780162, 0.0 ] ] ] ] } },
{ "type": "Feature", "properties": { "KEC_NO": "020", "KECAMATAN": "LEMITO" }, "geometry": { "type": "MultiPolygon", "coordinates": [ [ [ [ 121.669493233791954, 0.492093015841303, 0.0 ], [ 121.670007541671353, 0.490987950515391, 0.0 ], [ 121.670102191717646, 0.490836503786367, 0.0 ], [ 121.67011069031085, 0.490453088631097, 0.0 ], [ 121.669904657432539, 0.490188026053433, 0.0 ], [ 121.669683717392317, 0.490055488469325, 0.0 ], [ 121.669536342793393, 0.489908233480234, 0.0 ], [ 121.6693451352388, 0.489922963475768, 0.0 ], [ 121.669138734537825, 0.490099650576896, 0.0 ], [ 121.668903373868829, 0.490482525239714, 0.0 ], [ 121.668755913834417, 0.490762320510844, 0.0 ], [ 121.668667714625059, 0.490953728614256, 0.0 ], [ 121.668432139917414, 0.49099791680212, 0.0 ], [ 121.66815221514392, 0.490983197598486, 0.0 ], [ 121.667902038144447, 0.49104207980906, 0.0 ], [ 121.667769433111275, 0.491454407268259, 0.0 ], [ 121.66772361175461, 0.491737331280743, 0.0 ], [ 121.667873790439558, 0.491902500764611, 0.0 ], [ 121.668034340106189, 0.492161230316527, 0.0 ], [ 121.668005089657186, 0.492411547610176, 0.0 ], [ 121.667739979415529, 0.492735518478708, 0.0 ], [ 121.667460253392193, 0.493133081768197, 0.0 ], [ 121.667283554599891, 0.49360429683392, 0.0 ], [ 121.667140289902633, 0.493968923353387, 0.0 ], [ 121.667340161525615, 0.494150708711087, 0.0 ], [ 121.667740202447334, 0.49443651505066, 0.0 ], [ 121.668052654799325, 0.494655103363799, 0.0 ], [ 121.668255380870548, 0.494605609175851, 0.0 ], [ 121.668284923599074, 0.494296394383235, 0.0 ], [ 121.668310818677696, 0.493973717639155, 0.0 ], [ 121.668064305516168, 0.493960171151401, 0.0 ], [ 121.667968866764426, 0.493845854730983, 0.0 ], [ 121.667930731013854, 0.493598174249525, 0.0 ], [ 121.66846562167656, 0.493474056118286, 0.0 ], [ 121.668807373940197, 0.493198081167216, 0.0 ], [ 121.669245503847847, 0.492550295912179, 0.0 ], [ 121.669493233791954, 0.492093015841303, 0.0 ] ] ], [ [ [ 121.658099858800327, 0.502019303424132, 0.0 ], [ 121.658448648258968, 0.50165380366292, 0.0 ], [ 121.658797664346565, 0.501554099426853, 0.0 ], [ 121.659096750974641, 0.501221835010516, 0.0 ], [ 121.65936241969527, 0.500922775362271, 0.0 ], [ 121.659678102411945, 0.500440921316895, 0.0 ], [ 121.659749242381778, 0.49991591240464, 0.0 ], [ 121.659683852677105, 0.499774856442352, 0.0 ], [ 121.659532545342799, 0.49963720980986, 0.0 ], [ 121.659291659239287, 0.499568405379351, 0.0 ], [ 121.658978603442264, 0.499562582269179, 0.0 ], [ 121.658448778660613, 0.499626811848523, 0.0 ], [ 121.657966946199053, 0.49979298137857, 0.0 ], [ 121.657269171229686, 0.500108629021704, 0.0 ], [ 121.656687614746986, 0.500524005182549, 0.0 ], [ 121.656421672632248, 0.50078985286837, 0.0 ], [ 121.656172609892934, 0.500889541815956, 0.0 ], [ 121.65574049375175, 0.500955981029553, 0.0 ], [ 121.655508010913351, 0.500989215475149, 0.0 ], [ 121.655358340345146, 0.501088889134253, 0.0 ], [ 121.655292041425895, 0.501271679933994, 0.0 ], [ 121.655292000956408, 0.501471053332673, 0.0 ], [ 121.655341656122872, 0.501670402449621, 0.0 ], [ 121.6555578243605, 0.50178672255952, 0.0 ], [ 121.655906542772684, 0.501770118376869, 0.0 ], [ 121.656039610057249, 0.50185317436358, 0.0 ], [ 121.655906785589565, 0.501952851620073, 0.0 ], [ 121.655823638771423, 0.502146696886134, 0.0 ], [ 121.655776166259358, 0.502257344972028, 0.0 ], [ 121.655802248396881, 0.502400547616082, 0.0 ], [ 121.655823563228296, 0.502517746363588, 0.0 ], [ 121.656089400122127, 0.502766992564689, 0.0 ], [ 121.65647146179785, 0.503082650100354, 0.0 ], [ 121.656637635824467, 0.503282023499034, 0.0 ], [ 121.656621027145235, 0.503498001080275, 0.0 ], [ 121.656870349788747, 0.503498016368757, 0.0 ], [ 121.657086291397079, 0.503348469007773, 0.0 ], [ 121.657269140652716, 0.503016181209163, 0.0 ], [ 121.657634484831192, 0.502700500291135, 0.0 ], [ 121.658099858800327, 0.502019303424132, 0.0 ] ] ], [ [ [ 121.670129158788001, 0.504783285144876, 0.0 ], [ 121.669739460069636, 0.504727628802497, 0.0 ], [ 121.66941067513028, 0.504739361357691, 0.0 ], [ 121.669182950604721, 0.504838913608312, 0.0 ], [ 121.668821267566273, 0.505089374793525, 0.0 ], [ 121.668570774904722, 0.505312017250352, 0.0 ], [ 121.668487306129279, 0.505701599056811, 0.0 ], [ 121.668598715940874, 0.505979893359436, 0.0 ], [ 121.668876924807932, 0.506146856091431, 0.0 ], [ 121.669377830990513, 0.506091206943653, 0.0 ], [ 121.66985096970609, 0.505896415590738, 0.0 ], [ 121.670129240626352, 0.50575726709046, 0.0 ], [ 121.670435388730908, 0.505228525092453, 0.0 ], [ 121.670407350568013, 0.50503373643747, 0.0 ], [ 121.670129158788001, 0.504783285144876, 0.0 ] ] ], [ [ [ 121.632617721833768, 0.508513215746058, 0.0 ], [ 121.633030265506591, 0.508045628646174, 0.0 ], [ 121.633562163669438, 0.507442748739821, 0.0 ], [ 121.633704047848155, 0.506981746151185, 0.0 ], [ 121.633739572996134, 0.506272485038143, 0.0 ], [ 121.633704033929774, 0.505705097851665, 0.0 ], [ 121.633570124109752, 0.505632040618513, 0.0 ], [ 121.633472730828217, 0.505473807987959, 0.0 ], [ 121.633184436340557, 0.505224805581354, 0.0 ], [ 121.632961862179059, 0.504870989799082, 0.0 ], [ 121.632739021375116, 0.504451635117613, 0.0 ], [ 121.632555487805973, 0.504032289720362, 0.0 ], [ 121.632280378001965, 0.5038357207152, 0.0 ], [ 121.632018109662738, 0.503992993504303, 0.0 ], [ 121.631861104433568, 0.504268188128014, 0.0 ], [ 121.631873967674267, 0.504517168214606, 0.0 ], [ 121.631913514176958, 0.504713721767506, 0.0 ], [ 121.632096805592781, 0.504949630374911, 0.0 ], [ 121.632083865694909, 0.505067561624299, 0.0 ], [ 121.631926355448741, 0.505067563519405, 0.0 ], [ 121.631834847620937, 0.50496271774139, 0.0 ], [ 121.631703754961364, 0.504844790359397, 0.0 ], [ 121.631402203992636, 0.504884085416916, 0.0 ], [ 121.63129635703396, 0.504873146020594, 0.0 ], [ 121.631022335332545, 0.504844787047824, 0.0 ], [ 121.630943676986135, 0.505054459242453, 0.0 ], [ 121.63096974204727, 0.505277225956328, 0.0 ], [ 121.631061524646213, 0.505408287863344, 0.0 ], [ 121.63121872893349, 0.505526220799206, 0.0 ], [ 121.631284411724863, 0.505604845916201, 0.0 ], [ 121.631185844072078, 0.505696579033125, 0.0 ], [ 121.631099670512057, 0.505591239640006, 0.0 ], [ 121.631000300156813, 0.505491832589148, 0.0 ], [ 121.630913841422597, 0.505409705484298, 0.0 ], [ 121.630710870682037, 0.505301655951244, 0.0 ], [ 121.630619922417651, 0.505206561416509, 0.0 ], [ 121.630343386516628, 0.505115772585922, 0.0 ], [ 121.630210316420801, 0.505053915654345, 0.0 ], [ 121.629963006174293, 0.504843467999043, 0.0 ], [ 121.629764244749282, 0.504744075200518, 0.0 ], [ 121.62967779148731, 0.504636015179675, 0.0 ], [ 121.629496708996442, 0.504579093737982, 0.0 ], [ 121.629375145845074, 0.504540911072863, 0.0 ], [ 121.629228302175676, 0.504553881682072, 0.0 ], [ 121.629124438746089, 0.504458783570109, 0.0 ], [ 121.629069426502255, 0.504373519273686, 0.0 ], [ 121.628681689485276, 0.50437350757913, 0.0 ], [ 121.6284556621018, 0.504423911852862, 0.0 ], [ 121.628136388025723, 0.504633814912152, 0.0 ], [ 121.627913382152499, 0.505005695383102, 0.0 ], [ 121.627752142058597, 0.505389954821327, 0.0 ], [ 121.6275041604938, 0.50569982393072, 0.0 ], [ 121.627305835754953, 0.506195650677225, 0.0 ], [ 121.627231658875729, 0.50645595198147, 0.0 ], [ 121.627231559718695, 0.506926982377491, 0.0 ], [ 121.627231476145994, 0.507323641885131, 0.0 ], [ 121.627294315372083, 0.507571642701458, 0.0 ], [ 121.627378204673192, 0.507856533194521, 0.0 ], [ 121.627442455180059, 0.508066906606101, 0.0 ], [ 121.627549668627239, 0.508251956841858, 0.0 ], [ 121.627811587561865, 0.508422307295335, 0.0 ], [ 121.627955901175824, 0.508422302899562, 0.0 ], [ 121.628139199290999, 0.508618887886163, 0.0 ], [ 121.628414608896605, 0.508723702504747, 0.0 ], [ 121.628715834260731, 0.508894061449742, 0.0 ], [ 121.629043438719037, 0.509129965772929, 0.0 ], [ 121.63037791385068, 0.509155371183061, 0.0 ], [ 121.630563522659457, 0.509051326218505, 0.0 ], [ 121.63086507655224, 0.50899892415404, 0.0 ], [ 121.631074833306783, 0.508880963592455, 0.0 ], [ 121.631402214984021, 0.508841640209416, 0.0 ], [ 121.631625154409164, 0.508789256548007, 0.0 ], [ 121.631926425339316, 0.508749926636769, 0.0 ], [ 121.632280212944309, 0.508645105200438, 0.0 ], [ 121.632489961492439, 0.508566468187092, 0.0 ], [ 121.632617721833768, 0.508513215746058, 0.0 ] ] ], [ [ [ 121.642220764452105, 0.505951564715561, 0.0 ], [ 121.641824914371043, 0.505796766213277, 0.0 ], [ 121.641480974956139, 0.505796765313997, 0.0 ], [ 121.641154155035409, 0.505831179670073, 0.0 ], [ 121.640655245347801, 0.505762355454502, 0.0 ], [ 121.640393864594671, 0.505701989362554, 0.0 ], [ 121.640404219388415, 0.505858261853591, 0.0 ], [ 121.640283478211444, 0.505913105208959, 0.0 ], [ 121.640250653856739, 0.505792477346505, 0.0 ], [ 121.640129937860692, 0.505726665859667, 0.0 ], [ 121.640009486265427, 0.505737629494644, 0.0 ], [ 121.639954704963344, 0.505891165348719, 0.0 ], [ 121.639965615538102, 0.50607757412096, 0.0 ], [ 121.639943674778578, 0.50627496451459, 0.0 ], [ 121.639888906966348, 0.506362714962209, 0.0 ], [ 121.639757220140979, 0.506395615759318, 0.0 ], [ 121.639614590364999, 0.506395621155268, 0.0 ], [ 121.639526970319025, 0.506494317251364, 0.0 ], [ 121.639559789277854, 0.506647837817046, 0.0 ], [ 121.639505020566247, 0.506735552291841, 0.0 ], [ 121.639307625676125, 0.506812320218879, 0.0 ], [ 121.639143084818301, 0.506867154580996, 0.0 ], [ 121.639153995393144, 0.50705359932615, 0.0 ], [ 121.639110121967988, 0.507404497694912, 0.0 ], [ 121.638901745456479, 0.507634811368644, 0.0 ], [ 121.638836020304666, 0.507755416748016, 0.0 ], [ 121.638726217581478, 0.507865096264064, 0.0 ], [ 121.638638598434795, 0.50796379325944, 0.0 ], [ 121.638529087091953, 0.508018638413458, 0.0 ], [ 121.638397388575328, 0.508106372673315, 0.0 ], [ 121.638320687198075, 0.508358584838424, 0.0 ], [ 121.638254936865252, 0.508599845959283, 0.0 ], [ 121.638276749921062, 0.509016545022893, 0.0 ], [ 121.638265730528275, 0.50934554490019, 0.0 ], [ 121.638287560671216, 0.509674551972088, 0.0 ], [ 121.638386309827268, 0.510058372721671, 0.0 ], [ 121.63855079132982, 0.510288660315021, 0.0 ], [ 121.63873719740414, 0.510398331737187, 0.0 ], [ 121.639022429076903, 0.510529929529761, 0.0 ], [ 121.639439078677768, 0.510573793961759, 0.0 ], [ 121.639943618121407, 0.510573795760409, 0.0 ], [ 121.64047007044546, 0.51050797977699, 0.0 ], [ 121.640853920872544, 0.51031059657796, 0.0 ], [ 121.641171788941833, 0.510124151832807, 0.0 ], [ 121.641413041069441, 0.50977322378654, 0.0 ], [ 121.641742157858644, 0.509499089747604, 0.0 ], [ 121.642038114845832, 0.509367473968529, 0.0 ], [ 121.642191727142404, 0.509213957000236, 0.0 ], [ 121.642279363376133, 0.509038486681783, 0.0 ], [ 121.642400153116569, 0.508753354833784, 0.0 ], [ 121.642509695935743, 0.508544996308772, 0.0 ], [ 121.64261951664524, 0.508347624800835, 0.0 ], [ 121.642630231167942, 0.508128291849123, 0.0 ], [ 121.642630295919162, 0.507821229134135, 0.0 ], [ 121.642597505738635, 0.507536100883347, 0.0 ], [ 121.64251246225021, 0.507393628488843, 0.0 ], [ 121.642633574847224, 0.506909335482168, 0.0 ], [ 121.642633638699081, 0.506602662173554, 0.0 ], [ 121.642534844576858, 0.506428671239893, 0.0 ], [ 121.642478711593711, 0.506330050686836, 0.0 ], [ 121.642220764452105, 0.505951564715561, 0.0 ] ] ], [ [ [ 121.649136024753915, 0.506192422940037, 0.0 ], [ 121.648912384949114, 0.505555920579263, 0.0 ], [ 121.648873035113638, 0.505488457937213, 0.0 ], [ 121.648671570791251, 0.505143060721406, 0.0 ], [ 121.648413562495634, 0.505057045065919, 0.0 ], [ 121.648172660204281, 0.505074236505747, 0.0 ], [ 121.64803502975964, 0.50533230235799, 0.0 ], [ 121.647897414603307, 0.505521506223187, 0.0 ], [ 121.647691036385496, 0.505590324143527, 0.0 ], [ 121.647415919387512, 0.505418309919596, 0.0 ], [ 121.647071729961127, 0.505263487135669, 0.0 ], [ 121.646607314669311, 0.505383903657401, 0.0 ], [ 121.645988189008705, 0.505538736333948, 0.0 ], [ 121.645472077988643, 0.505831169777453, 0.0 ], [ 121.645007559274745, 0.506450461812617, 0.0 ], [ 121.644525907576849, 0.507104161908627, 0.0 ], [ 121.644216127110681, 0.507551423532097, 0.0 ], [ 121.643940913885316, 0.507843871364892, 0.0 ], [ 121.643665607130416, 0.508583575425118, 0.0 ], [ 121.643517310726452, 0.508829871849974, 0.0 ], [ 121.643418155076802, 0.509043567851224, 0.0 ], [ 121.643335523570016, 0.509456641747734, 0.0 ], [ 121.643158560377032, 0.509834293148197, 0.0 ], [ 121.64315850371986, 0.510105741811566, 0.0 ], [ 121.643335585623305, 0.51049519861233, 0.0 ], [ 121.643512706197612, 0.510707646354573, 0.0 ], [ 121.643689563270684, 0.5108374553956, 0.0 ], [ 121.643921457053267, 0.51093265133038, 0.0 ], [ 121.644270690776807, 0.511132204593449, 0.0 ], [ 121.645221309235325, 0.511424736063164, 0.0 ], [ 121.645521428285036, 0.511524751464635, 0.0 ], [ 121.645876888914316, 0.511485291911943, 0.0 ], [ 121.646382557906321, 0.511461197276146, 0.0 ], [ 121.646647347090152, 0.511340809532727, 0.0 ], [ 121.64687592777031, 0.511172293671551, 0.0 ], [ 121.647056515231029, 0.510919466370145, 0.0 ], [ 121.647309296667089, 0.510486078587595, 0.0 ], [ 121.647417731521415, 0.510209175536173, 0.0 ], [ 121.647610363602112, 0.510088772504184, 0.0 ], [ 121.64771879755726, 0.509811905425676, 0.0 ], [ 121.647887316116368, 0.509535015863997, 0.0 ], [ 121.648079983270591, 0.509246083481089, 0.0 ], [ 121.648308618809452, 0.508812653430395, 0.0 ], [ 121.648429130659366, 0.50851169351465, 0.0 ], [ 121.648597661808935, 0.50817459794044, 0.0 ], [ 121.648704717103357, 0.507852905054599, 0.0 ], [ 121.648705825068092, 0.507849574865142, 0.0 ], [ 121.648802178430273, 0.507608777794503, 0.0 ], [ 121.648897386056234, 0.507480192730751, 0.0 ], [ 121.649043145472774, 0.507283746625324, 0.0 ], [ 121.649163365942258, 0.507030942706281, 0.0 ], [ 121.649136024753915, 0.506192422940037, 0.0 ] ] ], [ [ [ 121.661704417036844, 0.50730275379645, 0.0 ], [ 121.660919115550954, 0.507246660383513, 0.0 ], [ 121.660077921201136, 0.507288742359195, 0.0 ], [ 121.659587118901527, 0.507372869438453, 0.0 ], [ 121.658984229600918, 0.507751494804624, 0.0 ], [ 121.658521426793371, 0.508214238256803, 0.0 ], [ 121.658212770479707, 0.508648925559755, 0.0 ], [ 121.657890334754029, 0.509195821272117, 0.0 ], [ 121.657567930504428, 0.509588460773562, 0.0 ], [ 121.657315397281295, 0.5101774159787, 0.0 ], [ 121.657161178841761, 0.510542037102217, 0.0 ], [ 121.65711894667929, 0.511102946949852, 0.0 ], [ 121.657062978272052, 0.511565669717599, 0.0 ], [ 121.657076946541878, 0.51190223828919, 0.0 ], [ 121.657147082868306, 0.512168649849824, 0.0 ], [ 121.657295855013672, 0.512340851132746, 0.0 ], [ 121.657517653007062, 0.512389690614183, 0.0 ], [ 121.657720645277521, 0.512408141104829, 0.0 ], [ 121.657849771733183, 0.51253726845986, 0.0 ], [ 121.658138933443226, 0.512684837312287, 0.0 ], [ 121.65829250257228, 0.512746311368887, 0.0 ], [ 121.658440187437236, 0.512746342845131, 0.0 ], [ 121.658575512919612, 0.512770925812882, 0.0 ], [ 121.658698487113298, 0.512783212350447, 0.0 ], [ 121.658833817991535, 0.512783205155846, 0.0 ], [ 121.659085677622457, 0.512740189683862, 0.0 ], [ 121.659221017493948, 0.512697149930234, 0.0 ], [ 121.659312836474541, 0.512662155511405, 0.0 ], [ 121.659587195344031, 0.512435103678603, 0.0 ], [ 121.660372294482272, 0.51211258791322, 0.0 ], [ 121.661129597375378, 0.511790030778884, 0.0 ], [ 121.661550248959344, 0.511509588895213, 0.0 ], [ 121.661981565603242, 0.511250877329798, 0.0 ], [ 121.662221951683705, 0.51101978933981, 0.0 ], [ 121.662401716264711, 0.510672803021909, 0.0 ], [ 121.662432654741195, 0.510412559011657, 0.0 ], [ 121.662470045853269, 0.510177119202408, 0.0 ], [ 121.662544221035006, 0.509923066125077, 0.0 ], [ 121.662602089709566, 0.509777478479049, 0.0 ], [ 121.662629920129135, 0.509616514224946, 0.0 ], [ 121.662672188264438, 0.508873292916183, 0.0 ], [ 121.662503879247311, 0.508130097687802, 0.0 ], [ 121.662279359006078, 0.507667351537604, 0.0 ], [ 121.661704417036844, 0.50730275379645, 0.0 ] ] ], [ [ [ 121.662468990948582, 0.513914644898898, 0.0 ], [ 121.662244101086031, 0.513877146767542, 0.0 ], [ 121.661906329221594, 0.513907141855201, 0.0 ], [ 121.661630893863602, 0.513902491460998, 0.0 ], [ 121.661490778592224, 0.513957436439698, 0.0 ], [ 121.660926066411022, 0.514359176180638, 0.0 ], [ 121.660536840736043, 0.514735760985134, 0.0 ], [ 121.6602731541211, 0.514949177297312, 0.0 ], [ 121.660195924841858, 0.515032366383687, 0.0 ], [ 121.660181007787429, 0.515204921100069, 0.0 ], [ 121.660180967317842, 0.515399949874, 0.0 ], [ 121.660241013251138, 0.515587501684526, 0.0 ], [ 121.660376003286373, 0.515872547197675, 0.0 ], [ 121.660631188610182, 0.516037598870449, 0.0 ], [ 121.660908561107675, 0.516172623979143, 0.0 ], [ 121.661223858015205, 0.516210105922736, 0.0 ], [ 121.661613844516609, 0.516225134493124, 0.0 ], [ 121.662086391478255, 0.516172625777793, 0.0 ], [ 121.662514019103213, 0.516105092089373, 0.0 ], [ 121.662843957872752, 0.515940058403101, 0.0 ], [ 121.663084057069455, 0.515745009844108, 0.0 ], [ 121.663241608396461, 0.515557503898938, 0.0 ], [ 121.663339067025362, 0.51540747270276, 0.0 ], [ 121.663339118286757, 0.515159905535904, 0.0 ], [ 121.66334392696173, 0.514989114389967, 0.0 ], [ 121.663339179440598, 0.514867361475728, 0.0 ], [ 121.663316787221405, 0.514537291405163, 0.0 ], [ 121.663226710227718, 0.514289740426159, 0.0 ], [ 121.663039197087954, 0.514094707155647, 0.0 ], [ 121.662889008510462, 0.513982180385967, 0.0 ], [ 121.662739087031582, 0.513937172915683, 0.0 ], [ 121.662468990948582, 0.513914644898898, 0.0 ] ] ], [ [ [ 121.621214502693704, 0.512099246397239, 0.0 ], [ 121.620822843937162, 0.512056906685236, 0.0 ], [ 121.620420512552698, 0.51203572645762, 0.0 ], [ 121.61984887043603, 0.512056907286533, 0.0 ], [ 121.619573441813102, 0.512046318685959, 0.0 ], [ 121.618853567375439, 0.512014541539178, 0.0 ], [ 121.618239505656192, 0.512152198263331, 0.0 ], [ 121.617667820942486, 0.512374516615592, 0.0 ], [ 121.617276094666721, 0.512649798729318, 0.0 ], [ 121.617148842812242, 0.512956829833237, 0.0 ], [ 121.617074912558053, 0.513369758272324, 0.0 ], [ 121.61703243333028, 0.513761495583802, 0.0 ], [ 121.617148892612761, 0.514029468839742, 0.0 ], [ 121.617148854595257, 0.514206157958012, 0.0 ], [ 121.616854529189524, 0.514596038596186, 0.0 ], [ 121.616678950689419, 0.515064591035079, 0.0 ], [ 121.616572395002308, 0.515738394310476, 0.0 ], [ 121.61674972342891, 0.516270336465334, 0.0 ], [ 121.617407519854694, 0.516437206063917, 0.0 ], [ 121.617593656754991, 0.516482470103989, 0.0 ], [ 121.618038390706161, 0.516471897498442, 0.0 ], [ 121.618610051106245, 0.516366030060693, 0.0 ], [ 121.618970028458349, 0.516196627234881, 0.0 ], [ 121.619382807937399, 0.515942513616023, 0.0 ], [ 121.61961588861908, 0.515730756604986, 0.0 ], [ 121.619647661135431, 0.515519026158122, 0.0 ], [ 121.619689816935079, 0.515328461579338, 0.0 ], [ 121.619880483355601, 0.515201383127577, 0.0 ], [ 121.620240442497021, 0.5151167040552, 0.0 ], [ 121.620589732611023, 0.51503198643295, 0.0 ], [ 121.621203843982897, 0.514672029310885, 0.0 ], [ 121.621394539980656, 0.514407336930604, 0.0 ], [ 121.621532208085924, 0.51397325794567, 0.0 ], [ 121.621680328362316, 0.513242685991715, 0.0 ], [ 121.621690849879144, 0.512618040648176, 0.0 ], [ 121.621648527202666, 0.512279245221085, 0.0 ], [ 121.621500319374874, 0.512109837189482, 0.0 ], [ 121.621214502693704, 0.512099246397239, 0.0 ] ] ], [ [ [ 121.654962680021171, 0.521595446783012, 0.0 ], [ 121.654845887767081, 0.521558924416103, 0.0 ], [ 121.654637837709629, 0.521558916322133, 0.0 ], [ 121.654488186027294, 0.521566232306929, 0.0 ], [ 121.654287156976821, 0.521555271369971, 0.0 ], [ 121.654199580997556, 0.521442087195938, 0.0 ], [ 121.654082806729974, 0.521321582540705, 0.0 ], [ 121.653980609573267, 0.521306968557704, 0.0 ], [ 121.653871111720264, 0.521296027405897, 0.0 ], [ 121.653754031683221, 0.521296038197798, 0.0 ], [ 121.653622626345594, 0.521321588835936, 0.0 ], [ 121.653513119499422, 0.521350784426237, 0.0 ], [ 121.653410910651459, 0.521394608388829, 0.0 ], [ 121.653303925504233, 0.52144910190786, 0.0 ], [ 121.653238758831279, 0.521581049536594, 0.0 ], [ 121.653177236211306, 0.521741475096808, 0.0 ], [ 121.653221003516464, 0.521898496723087, 0.0 ], [ 121.653283034253462, 0.521986132057543, 0.0 ], [ 121.653341412843687, 0.522084718436426, 0.0 ], [ 121.653458467699721, 0.522208862647959, 0.0 ], [ 121.653535098030503, 0.522300138437996, 0.0 ], [ 121.653611734656621, 0.522365871683776, 0.0 ], [ 121.653695673777435, 0.522416979255373, 0.0 ], [ 121.653812468729356, 0.522438873250257, 0.0 ], [ 121.653976987104102, 0.522497312094953, 0.0 ], [ 121.654170437567927, 0.522500957047116, 0.0 ], [ 121.654425941251745, 0.522482710702592, 0.0 ], [ 121.654582901724098, 0.522431585144493, 0.0 ], [ 121.654685116867284, 0.522362216839082, 0.0 ], [ 121.654816535694749, 0.522274587799858, 0.0 ], [ 121.654963975944185, 0.522105171717361, 0.0 ], [ 121.655088951129315, 0.52195065919947, 0.0 ], [ 121.655092933327268, 0.521708994283036, 0.0 ], [ 121.654962680021171, 0.521595446783012, 0.0 ] ] ], [ [ [ 121.646364850255608, 0.523472782418492, 0.0 ], [ 121.645851667427991, 0.523182707896579, 0.0 ], [ 121.645249133359584, 0.523205012881549, 0.0 ], [ 121.644942779310341, 0.523371284934208, 0.0 ], [ 121.64486974806627, 0.523517433757207, 0.0 ], [ 121.644535009615169, 0.52380750018524, 0.0 ], [ 121.64444564848165, 0.524164571500334, 0.0 ], [ 121.644467966057178, 0.524833994443367, 0.0 ], [ 121.644423489186906, 0.525369568590798, 0.0 ], [ 121.644468030808412, 0.525838174723363, 0.0 ], [ 121.644892155574027, 0.526373746172774, 0.0 ], [ 121.645226760026162, 0.526708474731423, 0.0 ], [ 121.645851716890746, 0.52686466898149, 0.0 ], [ 121.646275692368931, 0.526797738738098, 0.0 ], [ 121.646833385341623, 0.526396039466563, 0.0 ], [ 121.647078878672005, 0.525927426139487, 0.0 ], [ 121.647190454858247, 0.52541419474859, 0.0 ], [ 121.647034424284712, 0.525057140520539, 0.0 ], [ 121.646855912459131, 0.524789361990345, 0.0 ], [ 121.646721465614533, 0.524593915931097, 0.0 ], [ 121.646699600397966, 0.524432342835927, 0.0 ], [ 121.646498680165422, 0.523919079069417, 0.0 ], [ 121.646364850255608, 0.523472782418492, 0.0 ] ] ], [ [ [ 121.537758678768284, 0.538178494829493, 0.0 ], [ 121.537563613016118, 0.537925771511398, 0.0 ], [ 121.537303067521876, 0.537942030955767, 0.0 ], [ 121.537058809775132, 0.537942042547117, 0.0 ], [ 121.536863696437649, 0.537893205773647, 0.0 ], [ 121.536489175741764, 0.537860647097447, 0.0 ], [ 121.536131238645538, 0.537746729588777, 0.0 ], [ 121.5359195370865, 0.537795538668932, 0.0 ], [ 121.535887204054958, 0.537990867642106, 0.0 ], [ 121.536001148253305, 0.538169909653545, 0.0 ], [ 121.536082528651193, 0.538332655869604, 0.0 ], [ 121.536115057516923, 0.538495391189401, 0.0 ], [ 121.536196434015892, 0.538674425363909, 0.0 ], [ 121.53632665815438, 0.538869758404496, 0.0 ], [ 121.536733438173201, 0.539016225810256, 0.0 ], [ 121.53710768643252, 0.539016210517155, 0.0 ], [ 121.537449428258824, 0.538755808964035, 0.0 ], [ 121.53759602950899, 0.538560508366563, 0.0 ], [ 121.537758914596807, 0.538365210767048, 0.0 ], [ 121.537758678768284, 0.538178494829493, 0.0 ] ] ], [ [ [ 121.682773414279964, 0.892025827325531, 0.0 ], [ 121.682947676808908, 0.890759110663568, 0.0 ], [ 121.683252070336181, 0.88914301188983, 0.0 ], [ 121.683382745424268, 0.88805102990082, 0.0 ], [ 121.683166417107486, 0.885997904687512, 0.0 ], [ 121.683427450722391, 0.884703236197586, 0.0 ], [ 121.683862086763867, 0.884004532228592, 0.0 ], [ 121.684600618108206, 0.883087445891233, 0.0 ], [ 121.684861470959532, 0.882301268465761, 0.0 ], [ 121.684861716474416, 0.881602338767022, 0.0 ], [ 121.685035743380908, 0.880990880726111, 0.0 ], [ 121.685339777179394, 0.880379398403379, 0.0 ], [ 121.686469697068247, 0.878763589211333, 0.0 ], [ 121.686817299421733, 0.878021111641951, 0.0 ], [ 121.686991195926566, 0.876972812421899, 0.0 ], [ 121.68768673877851, 0.87531317656933, 0.0 ], [ 121.68912041367598, 0.873872148814962, 0.0 ], [ 121.689598165913566, 0.87352288631302, 0.0 ], [ 121.689945825823671, 0.872605656084184, 0.0 ], [ 121.689902840928653, 0.871863040019187, 0.0 ], [ 121.689555880691046, 0.869940945126339, 0.0 ], [ 121.689208855702304, 0.869023472080448, 0.0 ], [ 121.688687927913392, 0.868368099245513, 0.0 ], [ 121.687689370194747, 0.867712489888843, 0.0 ], [ 121.687255132552991, 0.867275567770802, 0.0 ], [ 121.68654578151056, 0.865837604905932, 0.0 ], [ 121.685938060152608, 0.86526947260304, 0.0 ], [ 121.684939428689489, 0.864832354432758, 0.0 ], [ 121.682637843282691, 0.864613131198259, 0.0 ], [ 121.681204736756882, 0.86443788031441, 0.0 ], [ 121.680336396371416, 0.864000736963115, 0.0 ], [ 121.678860070227415, 0.86295186307626, 0.0 ], [ 121.678339055204304, 0.862558582358223, 0.0 ], [ 121.67777466318185, 0.862558385406702, 0.0 ], [ 121.676992862756649, 0.862776531253421, 0.0 ], [ 121.675646564188909, 0.863300237047974, 0.0 ], [ 121.674560696690506, 0.863430865371421, 0.0 ], [ 121.674126356525875, 0.863299703750035, 0.0 ], [ 121.673996296574074, 0.862644401062278, 0.0 ], [ 121.67399667428927, 0.861552375905754, 0.0 ], [ 121.67404067991481, 0.860154608239076, 0.0 ], [ 121.673433353359201, 0.858450783299273, 0.0 ], [ 121.672825621209427, 0.857926394019896, 0.0 ], [ 121.671783384319312, 0.857751280732292, 0.0 ], [ 121.670697565384103, 0.85775090121845, 0.0 ], [ 121.669916168754568, 0.85761961908795, 0.0 ], [ 121.669308111949476, 0.857226238545232, 0.0 ], [ 121.668656828331777, 0.856789173434906, 0.0 ], [ 121.667441200355626, 0.856220901737119, 0.0 ], [ 121.666355745645959, 0.855172169943179, 0.0 ], [ 121.665878363029677, 0.854473148513461, 0.0 ], [ 121.665878633725669, 0.853686814606051, 0.0 ], [ 121.666226197408221, 0.853031751137871, 0.0 ], [ 121.666921273512273, 0.852682565977618, 0.0 ], [ 121.667095307613451, 0.852027371208423, 0.0 ], [ 121.667356241403581, 0.850979109759846, 0.0 ], [ 121.667226389195122, 0.849712294172393, 0.0 ], [ 121.666618557220502, 0.848663730551662, 0.0 ], [ 121.665880614932163, 0.847920879763579, 0.0 ], [ 121.665229272858468, 0.847658566413427, 0.0 ], [ 121.663883182034141, 0.847614429486869, 0.0 ], [ 121.662623751679206, 0.847876079137437, 0.0 ], [ 121.661581461729043, 0.847875716710637, 0.0 ], [ 121.661016854768476, 0.847700771596331, 0.0 ], [ 121.660582934587268, 0.847176445269441, 0.0 ], [ 121.65984537001421, 0.845341577418805, 0.0 ], [ 121.659757971201401, 0.844736746481915, 0.0 ], [ 121.660192698074383, 0.842902286024154, 0.0 ], [ 121.660192937294056, 0.842203363519926, 0.0 ], [ 121.659976155718965, 0.841417026015127, 0.0 ], [ 121.659368576453844, 0.840455876495687, 0.0 ], [ 121.658847879790727, 0.839145260328182, 0.0 ], [ 121.658457751196494, 0.837004688638147, 0.0 ], [ 121.657850586518933, 0.834820443172317, 0.0 ], [ 121.657242888543351, 0.833378720242032, 0.0 ], [ 121.656548530098476, 0.832461213021966, 0.0 ], [ 121.655680379470027, 0.831499906121129, 0.0 ], [ 121.655333119758183, 0.830451439627149, 0.0 ], [ 121.655252791415279, 0.829688894585993, 0.0 ], [ 121.655268809239942, 0.829650318167489, 0.0 ], [ 121.655486255414075, 0.828470966144072, 0.0 ], [ 121.655269486429447, 0.827640962058167, 0.0 ], [ 121.654922462339982, 0.826723505200126, 0.0 ], [ 121.655009504121949, 0.825893604536291, 0.0 ], [ 121.655531217018918, 0.824190182492783, 0.0 ], [ 121.655618434168687, 0.822836108386786, 0.0 ], [ 121.65527180218362, 0.820739295908028, 0.0 ], [ 121.653536226679677, 0.816632659672427, 0.0 ], [ 121.652452359273269, 0.814198259690295, 0.0 ], [ 121.652105433209925, 0.812975119677199, 0.0 ], [ 121.651975496465184, 0.811926659478539, 0.0 ], [ 121.651584830975722, 0.811358686355694, 0.0 ], [ 121.651541468365423, 0.810878167803545, 0.0 ], [ 121.65171560678786, 0.80987362060017, 0.0 ], [ 121.652149845329063, 0.809436931406475, 0.0 ], [ 121.652323867739057, 0.80878173753665, 0.0 ], [ 121.651976809475428, 0.807951692981161, 0.0 ], [ 121.652194057798752, 0.807340253826032, 0.0 ], [ 121.652454684920059, 0.807165592897467, 0.0 ], [ 121.652932242904058, 0.807340500240298, 0.0 ], [ 121.653627114861905, 0.807559148807994, 0.0 ], [ 121.654235073640876, 0.807384603891874, 0.0 ], [ 121.654408800173769, 0.806773078401805, 0.0 ], [ 121.65462688756449, 0.804458110183796, 0.0 ], [ 121.655018197868031, 0.803060396476356, 0.0 ], [ 121.655409207797874, 0.802580021815773, 0.0 ], [ 121.655973629498021, 0.802449200138104, 0.0 ], [ 121.656190590937584, 0.802711358804968, 0.0 ], [ 121.656103428646503, 0.803934354926498, 0.0 ], [ 121.656277049059582, 0.804502327150062, 0.0 ], [ 121.656624338449006, 0.804633450100515, 0.0 ], [ 121.657102025935274, 0.804415190939282, 0.0 ], [ 121.657406373597198, 0.803629030600943, 0.0 ], [ 121.657797640733037, 0.80236239307923, 0.0 ], [ 121.658145143261748, 0.801838333851128, 0.0 ], [ 121.658622788480059, 0.801751152674272, 0.0 ], [ 121.658926751232102, 0.802144419003108, 0.0 ], [ 121.658925996700901, 0.804459534709893, 0.0 ], [ 121.65905605305548, 0.805158430234458, 0.0 ], [ 121.659273028884158, 0.805376919622196, 0.0 ], [ 121.659750984368515, 0.80520232974, 0.0 ], [ 121.66040254048086, 0.803935777653945, 0.0 ], [ 121.660750381154543, 0.803237039510778, 0.0 ], [ 121.660987286858841, 0.802613096182129, 0.0 ], [ 121.660883143569208, 0.802524380761875, 0.0 ], [ 121.661226386908737, 0.801282245268835, 0.0 ], [ 121.661775177492828, 0.800868343096743, 0.0 ], [ 121.663215057712151, 0.799971612913479, 0.0 ], [ 121.66369525610564, 0.798936562505607, 0.0 ], [ 121.663972127680822, 0.798016342930312, 0.0 ], [ 121.664380264299453, 0.797537170663291, 0.0 ], [ 121.664788681506437, 0.797057929148463, 0.0 ], [ 121.66526496155393, 0.796852667888474, 0.0 ], [ 121.665809146709805, 0.796784373373542, 0.0 ], [ 121.666279491231791, 0.796698034861469, 0.0 ], [ 121.666643679781345, 0.795798970038257, 0.0 ], [ 121.666875840662527, 0.794200584311193, 0.0 ], [ 121.666842942563434, 0.793467871580348, 0.0 ], [ 121.666479150614776, 0.793134790579701, 0.0 ], [ 121.665916810845189, 0.79290149115681, 0.0 ], [ 121.665056913294961, 0.792434980444616, 0.0 ], [ 121.664654258943401, 0.79158004265543, 0.0 ], [ 121.664804362984682, 0.79106686882107, 0.0 ], [ 121.664994921228896, 0.790484599175949, 0.0 ], [ 121.666278209697893, 0.790179821638163, 0.0 ], [ 121.666831781077832, 0.789731927791352, 0.0 ], [ 121.667416995103252, 0.786907302088151, 0.0 ], [ 121.668057507541008, 0.7850076686623, 0.0 ], [ 121.668962503393033, 0.784043976759401, 0.0 ], [ 121.66977592038333, 0.782325929041709, 0.0 ], [ 121.669147064058549, 0.78110502744118, 0.0 ], [ 121.668151227688298, 0.778970693448704, 0.0 ], [ 121.667420271333384, 0.776515778132429, 0.0 ], [ 121.667924815273523, 0.774805050896114, 0.0 ], [ 121.668396689542334, 0.77340685425276, 0.0 ], [ 121.66782832881168, 0.771770195178804, 0.0 ], [ 121.666610027151137, 0.768987817825843, 0.0 ], [ 121.665560455390349, 0.767175695628035, 0.0 ], [ 121.665569804742134, 0.766906968313056, 0.0 ], [ 121.664180670566893, 0.765400216306249, 0.0 ], [ 121.663392332969906, 0.764159273314239, 0.0 ], [ 121.664329288028867, 0.763315854940964, 0.0 ], [ 121.665019607618547, 0.762819805996644, 0.0 ], [ 121.664576131241489, 0.761380480658973, 0.0 ], [ 121.664379402748978, 0.760139723826673, 0.0 ], [ 121.665513724819121, 0.758452721604756, 0.0 ], [ 121.66597233318862, 0.75724672177027, 0.0 ], [ 121.666216940686695, 0.757099042301172, 0.0 ], [ 121.667679245500821, 0.75623380457686, 0.0 ], [ 121.667908926951213, 0.755310525508017, 0.0 ], [ 121.667938198983933, 0.753232906360006, 0.0 ], [ 121.668053099963686, 0.752107636865355, 0.0 ], [ 121.669314659013793, 0.751184673458587, 0.0 ], [ 121.669888280778451, 0.750319158743044, 0.0 ], [ 121.669773727836301, 0.749366871142802, 0.0 ], [ 121.669659351161243, 0.748760901664207, 0.0 ], [ 121.669344101018538, 0.748529950371095, 0.0 ], [ 121.667595863060228, 0.747865750690417, 0.0 ], [ 121.666248646284757, 0.746999720663348, 0.0 ], [ 121.666245558012989, 0.746997811402687, 0.0 ], [ 121.66625179031459, 0.746814938764677, 0.0 ], [ 121.665707669909949, 0.746693090522248, 0.0 ], [ 121.665230120919205, 0.746486822021568, 0.0 ], [ 121.663250914580729, 0.747310566826202, 0.0 ], [ 121.662295307583022, 0.747653765199656, 0.0 ], [ 121.662500330522533, 0.746554741519238, 0.0 ], [ 121.663114890325232, 0.745867947271809, 0.0 ], [ 121.66297848115984, 0.744768818370671, 0.0 ], [ 121.663593040063077, 0.744082024123331, 0.0 ], [ 121.664616740127713, 0.743257985240424, 0.0 ], [ 121.664890394828035, 0.741746804971947, 0.0 ], [ 121.665163768040543, 0.740235624703382, 0.0 ], [ 121.665497276219213, 0.738558686794315, 0.0 ], [ 121.665882003485351, 0.738374020008807, 0.0 ], [ 121.666546972086238, 0.738119269956909, 0.0 ], [ 121.666548956890125, 0.738053766038264, 0.0 ], [ 121.667133348935181, 0.737773340342444, 0.0 ], [ 121.667725193662008, 0.736979198521075, 0.0 ], [ 121.66748860002258, 0.736621644269979, 0.0 ], [ 121.666896840731312, 0.736184558475221, 0.0 ], [ 121.666617222626655, 0.736046752662771, 0.0 ], [ 121.666641583461768, 0.735328684491802, 0.0 ], [ 121.666325255031921, 0.734946445649713, 0.0 ], [ 121.665847786980066, 0.73446544236309, 0.0 ], [ 121.665643300935713, 0.733778397204814, 0.0 ], [ 121.666121154796627, 0.732954260295875, 0.0 ], [ 121.666327324371906, 0.732700783683908, 0.0 ], [ 121.666700779535773, 0.732649665320499, 0.0 ], [ 121.667213920994428, 0.732133485951918, 0.0 ], [ 121.667135302262636, 0.731180221687948, 0.0 ], [ 121.666859457713215, 0.729670852654011, 0.0 ], [ 121.666834476345926, 0.729643216488034, 0.0 ], [ 121.666835891878691, 0.729602444824566, 0.0 ], [ 121.666750549815404, 0.72955034080409, 0.0 ], [ 121.666465087916222, 0.72923382801318, 0.0 ], [ 121.666429134820163, 0.729277062919679, 0.0 ], [ 121.664966133930662, 0.727803520177454, 0.0 ], [ 121.663506782489989, 0.726333584615828, 0.0 ], [ 121.662993993565422, 0.725658179382664, 0.0 ], [ 121.662559998740548, 0.725340350883589, 0.0 ], [ 121.661297700447818, 0.725022204923879, 0.0 ], [ 121.660903401697183, 0.724346906709998, 0.0 ], [ 121.660035541549703, 0.723274273634482, 0.0 ], [ 121.659602003580531, 0.72236061911, 0.0 ], [ 121.659878440783174, 0.720891131410743, 0.0 ], [ 121.660115324903586, 0.720255733417412, 0.0 ], [ 121.66054974780586, 0.719104061626678, 0.0 ], [ 121.661141853335977, 0.718349630268848, 0.0 ], [ 121.661142326379348, 0.716721210783282, 0.0 ], [ 121.661103013416252, 0.715767960908424, 0.0 ], [ 121.661300574680922, 0.71517226258682, 0.0 ], [ 121.661576765469391, 0.71453687448602, 0.0 ], [ 121.661695473279195, 0.713782232686748, 0.0 ], [ 121.662879403751162, 0.713226534410287, 0.0 ], [ 121.666154891063925, 0.710645828223848, 0.0 ], [ 121.666904431908605, 0.710169424969313, 0.0 ], [ 121.667493777419395, 0.710213266018948, 0.0 ], [ 121.667497459243847, 0.710103880581174, 0.0 ], [ 121.668168277035292, 0.709991580440698, 0.0 ], [ 121.66948915536662, 0.709696521876184, 0.0 ], [ 121.670809942866171, 0.708736736628194, 0.0 ], [ 121.671544030660456, 0.708293751280946, 0.0 ], [ 121.671910982826716, 0.707407602520708, 0.0 ], [ 121.673525550954437, 0.706152457435242, 0.0 ], [ 121.674479637198587, 0.70519256247004, 0.0 ], [ 121.675434138929745, 0.702755527474368, 0.0 ], [ 121.675360740762201, 0.702164621639704, 0.0 ], [ 121.674554025519598, 0.701278065486592, 0.0 ], [ 121.67286669774316, 0.700686700997748, 0.0 ], [ 121.671913051267325, 0.700095545151695, 0.0 ], [ 121.670372470363063, 0.699873578085634, 0.0 ], [ 121.668930397596526, 0.699817342579871, 0.0 ], [ 121.666923842875221, 0.70016803320521, 0.0 ], [ 121.663769333261257, 0.698985366280728, 0.0 ], [ 121.662962727735859, 0.697729530516015, 0.0 ], [ 121.663549952645354, 0.696326408285878, 0.0 ], [ 121.664797548821767, 0.694997315547167, 0.0 ], [ 121.667953188883558, 0.693151723281397, 0.0 ], [ 121.668076765622885, 0.6930307123078, 0.0 ], [ 121.66807704980863, 0.693017145135614, 0.0 ], [ 121.668099797260112, 0.693004078885932, 0.0 ], [ 121.669348254087623, 0.688572882725884, 0.0 ], [ 121.670229780332519, 0.684954060342617, 0.0 ], [ 121.670744381390904, 0.681113604541954, 0.0 ], [ 121.670311497228795, 0.679805161136419, 0.0 ], [ 121.6703207647423, 0.679796048306284, 0.0 ], [ 121.672065915327948, 0.675281735904969, 0.0 ], [ 121.675057424622793, 0.669764552636591, 0.0 ], [ 121.67680256531591, 0.666253567957957, 0.0 ], [ 121.677053281908556, 0.659983135040791, 0.0 ], [ 121.678798536815549, 0.655970501339657, 0.0 ], [ 121.680294191188523, 0.652961071254702, 0.0 ], [ 121.677056303630621, 0.648445408970959, 0.0 ], [ 121.676559413820172, 0.642676415534397, 0.0 ], [ 121.675521609688204, 0.638492892661206, 0.0 ], [ 121.677543144416532, 0.636547284094506, 0.0 ], [ 121.679471279156132, 0.629760867861177, 0.0 ], [ 121.679473639876463, 0.620307621867093, 0.0 ], [ 121.676345335607067, 0.613035110385622, 0.0 ], [ 121.675625437315858, 0.60261213084332, 0.0 ], [ 121.672255963656397, 0.596309157757195, 0.0 ], [ 121.671406701488692, 0.594792949379234, 0.0 ], [ 121.672605673121424, 0.559400946601256, 0.0 ], [ 121.672607987077029, 0.559099499252928, 0.0 ], [ 121.672270604619143, 0.558623895495751, 0.0 ], [ 121.672116036343283, 0.552977288995419, 0.0 ], [ 121.672272387075367, 0.550624600513609, 0.0 ], [ 121.672657754658729, 0.549959995238618, 0.0 ], [ 121.672979444846646, 0.533360212994376, 0.0 ], [ 121.672929326529228, 0.519611675486002, 0.0 ], [ 121.672911913856154, 0.519615737723571, 0.0 ], [ 121.671409366179745, 0.520283608436882, 0.0 ], [ 121.670463096842539, 0.520617537498173, 0.0 ], [ 121.669238800301414, 0.521257589483008, 0.0 ], [ 121.669012161257442, 0.521531395269407, 0.0 ], [ 121.668469098455517, 0.521775278813256, 0.0 ], [ 121.668125653667701, 0.522064605099208, 0.0 ], [ 121.666789744967417, 0.523400377102616, 0.0 ], [ 121.666344581462255, 0.52406825770837, 0.0 ], [ 121.666233302052291, 0.52451351564227, 0.0 ], [ 121.665899382883453, 0.524903113636581, 0.0 ], [ 121.665593218591212, 0.525487500285786, 0.0 ], [ 121.665593107075352, 0.526016234189823, 0.0 ], [ 121.665815832269729, 0.526990226927308, 0.0 ], [ 121.665954958287017, 0.52763025013383, 0.0 ], [ 121.666066298850893, 0.528214655668817, 0.0 ], [ 121.666233210321494, 0.528910367593331, 0.0 ], [ 121.666205360116948, 0.529160825181245, 0.0 ], [ 121.665648793994606, 0.529522569373623, 0.0 ], [ 121.664952995735149, 0.52974521812577, 0.0 ], [ 121.664285280604673, 0.529939995988764, 0.0 ], [ 121.663506117891046, 0.530051332955343, 0.0 ], [ 121.66267133750577, 0.530273950231157, 0.0 ], [ 121.661864301205142, 0.530747038584626, 0.0 ], [ 121.661474489172264, 0.531220110750423, 0.0 ], [ 121.661085007190493, 0.531470559345086, 0.0 ], [ 121.660611836099378, 0.53180451448676, 0.0 ], [ 121.660277873763107, 0.532388892142714, 0.0 ], [ 121.659956850872263, 0.532859470488427, 0.0 ], [ 121.659804863650606, 0.533279385527611, 0.0 ], [ 121.659721390378493, 0.533669000609053, 0.0 ], [ 121.659693468228213, 0.534253373768427, 0.0 ], [ 121.659860417470284, 0.534754302433997, 0.0 ], [ 121.660027630213932, 0.53533868368734, 0.0 ], [ 121.6602501908325, 0.535756102208511, 0.0 ], [ 121.660667612051597, 0.536145721786534, 0.0 ], [ 121.661196225446616, 0.536507489361364, 0.0 ], [ 121.661307618171165, 0.536841430113836, 0.0 ], [ 121.661140511547515, 0.53706405098695, 0.0 ], [ 121.660528455457438, 0.536952728409572, 0.0 ], [ 121.659749316126167, 0.536952733805522, 0.0 ], [ 121.659276253852994, 0.536785759382256, 0.0 ], [ 121.659109261443305, 0.536479647250613, 0.0 ], [ 121.658886665751297, 0.536229204951181, 0.0 ], [ 121.658496961636985, 0.536201348451319, 0.0 ], [ 121.658023893068489, 0.536062216138892, 0.0 ], [ 121.657634160175945, 0.53617352882374, 0.0 ], [ 121.657021970986207, 0.53667446288526, 0.0 ], [ 121.656493452020101, 0.537175342987366, 0.0 ], [ 121.656047998033969, 0.537871057609988, 0.0 ], [ 121.655602837226638, 0.538511125782585, 0.0 ], [ 121.655435955433632, 0.53898417366665, 0.0 ], [ 121.655268756179908, 0.539624232846085, 0.0 ], [ 121.655018449678238, 0.540264274039108, 0.0 ], [ 121.654767904856016, 0.540709531973009, 0.0 ], [ 121.654461797220961, 0.54101564410474, 0.0 ], [ 121.654100202316002, 0.540848694862488, 0.0 ], [ 121.653571292144875, 0.540570414049694, 0.0 ], [ 121.652847899987592, 0.539874685937329, 0.0 ], [ 121.652625182887007, 0.538900696797233, 0.0 ], [ 121.652597326387237, 0.537898874539637, 0.0 ], [ 121.652597356964108, 0.536479656243864, 0.0 ], [ 121.652652935065518, 0.535255195126653, 0.0 ], [ 121.652625070471771, 0.534281213181246, 0.0 ], [ 121.652653067265902, 0.533362890276061, 0.0 ], [ 121.652263437795341, 0.53300111910393, 0.0 ], [ 121.651762532512052, 0.533056761057286, 0.0 ], [ 121.651066742346572, 0.533251565900032, 0.0 ], [ 121.650231971853842, 0.533446374339989, 0.0 ], [ 121.649536188882863, 0.533613336172704, 0.0 ], [ 121.64895189576302, 0.533668995213103, 0.0 ], [ 121.648673598762471, 0.533919466290848, 0.0 ], [ 121.648617909145202, 0.534364698144456, 0.0 ], [ 121.64842322661012, 0.534865615118844, 0.0 ], [ 121.647866595736815, 0.535533497523248, 0.0 ], [ 121.647282143437025, 0.536312665632836, 0.0 ], [ 121.647087399748202, 0.5370918859031, 0.0 ], [ 121.647087239668878, 0.537815396770939, 0.0 ], [ 121.647087367372592, 0.538511101500853, 0.0 ], [ 121.646725680736836, 0.538761553692817, 0.0 ], [ 121.646503205553927, 0.538778661495813, 0.0 ], [ 121.64636376387466, 0.538789384112385, 0.0 ], [ 121.646057780346013, 0.538538923826541, 0.0 ], [ 121.645890876069842, 0.537843217297888, 0.0 ], [ 121.645862958416132, 0.537119701034098, 0.0 ], [ 121.646113282904395, 0.536396175777147, 0.0 ], [ 121.64628040121913, 0.536117874279922, 0.0 ], [ 121.646419474176369, 0.535700468349213, 0.0 ], [ 121.646169113715203, 0.535310852368491, 0.0 ], [ 121.645556822902137, 0.535004748330729, 0.0 ], [ 121.644861028239887, 0.535227391686836, 0.0 ], [ 121.644360068997358, 0.535533494825317, 0.0 ], [ 121.643775728213683, 0.53581177383946, 0.0 ], [ 121.642996508842614, 0.536201371833771, 0.0 ], [ 121.641994701873585, 0.536312689015199, 0.0 ], [ 121.64141042853899, 0.536284858595719, 0.0 ], [ 121.640965056391025, 0.536618777764479, 0.0 ], [ 121.640714774171016, 0.537147521561136, 0.0 ], [ 121.640519797557658, 0.537704082287442, 0.0 ], [ 121.640065390820723, 0.538259738295758, 0.0 ], [ 121.639768539007989, 0.53862241508507, 0.0 ], [ 121.639096522420274, 0.539239956140251, 0.0 ], [ 121.638961636706298, 0.539763389440244, 0.0 ], [ 121.638933779307152, 0.540041650467975, 0.0 ], [ 121.639156360610059, 0.540347773391518, 0.0 ], [ 121.639824309564332, 0.540347781485399, 0.0 ], [ 121.640519778671973, 0.540319956461781, 0.0 ], [ 121.641076543544401, 0.540319941173388, 0.0 ], [ 121.641549626501927, 0.540375587623236, 0.0 ], [ 121.641827806590669, 0.540653881925861, 0.0 ], [ 121.641799954587469, 0.540904337715124, 0.0 ], [ 121.641549422355894, 0.541293947400527, 0.0 ], [ 121.640798304100386, 0.541572221918178, 0.0 ], [ 121.640213675533488, 0.541878339445682, 0.0 ], [ 121.63982419894775, 0.542100942332384, 0.0 ], [ 121.639128435761762, 0.542184448879394, 0.0 ], [ 121.6384328353531, 0.542796647961756, 0.0 ], [ 121.637403070260802, 0.543631497594736, 0.0 ], [ 121.636679697888567, 0.544132432555537, 0.0 ], [ 121.636457042841286, 0.544160257579156, 0.0 ], [ 121.636206547481805, 0.544382856868557, 0.0 ], [ 121.636067523087945, 0.544577675201045, 0.0 ], [ 121.635928224400772, 0.544744653221611, 0.0 ], [ 121.635427270554288, 0.545022910651953, 0.0 ], [ 121.634981972150712, 0.545022916047992, 0.0 ], [ 121.634508890991839, 0.544967266900036, 0.0 ], [ 121.63414729878491, 0.544800281685047, 0.0 ], [ 121.633868865087294, 0.544410694482637, 0.0 ], [ 121.633896753962773, 0.543993266068847, 0.0 ], [ 121.634202891275436, 0.5435480252219, 0.0 ], [ 121.634620250441415, 0.542935799159964, 0.0 ], [ 121.635037883900608, 0.542351414309409, 0.0 ], [ 121.635455236771364, 0.541767029458855, 0.0 ], [ 121.635816978265808, 0.541266118779697, 0.0 ], [ 121.636150897434661, 0.540876528879357, 0.0 ], [ 121.636206588850669, 0.540431265549417, 0.0 ], [ 121.636206433267915, 0.53987469672923, 0.0 ], [ 121.63606729016351, 0.539345972717724, 0.0 ], [ 121.635649979560895, 0.538483273779393, 0.0 ], [ 121.635427417143774, 0.538093700066815, 0.0 ], [ 121.63484296304533, 0.537620592827563, 0.0 ], [ 121.633785347748471, 0.537453627397459, 0.0 ], [ 121.633173267376577, 0.537481472206229, 0.0 ], [ 121.632783750321352, 0.537898889828119, 0.0 ], [ 121.632533188412168, 0.538427630926756, 0.0 ], [ 121.632282887306289, 0.539039858787342, 0.0 ], [ 121.632227133837063, 0.539763387641683, 0.0 ], [ 121.632115800467787, 0.540431257455535, 0.0 ], [ 121.631670433715868, 0.540737369587178, 0.0 ], [ 121.631225361941489, 0.540987835268973, 0.0 ], [ 121.630884087292685, 0.540916019831643, 0.0 ], [ 121.630696420567688, 0.540876528457028, 0.0 ], [ 121.630390415139132, 0.540737361340797, 0.0 ], [ 121.630167834653264, 0.540431275109059, 0.0 ], [ 121.630112018481853, 0.540180801950489, 0.0 ], [ 121.630056488832878, 0.539902523643069, 0.0 ], [ 121.629889450450023, 0.539819033899506, 0.0 ], [ 121.629527797113766, 0.539930349999666, 0.0 ], [ 121.629165882199914, 0.539958178888104, 0.0 ], [ 121.628804253893762, 0.539958168231384, 0.0 ], [ 121.628470196947745, 0.539707737873245, 0.0 ], [ 121.628359075453787, 0.53942944623329, 0.0 ], [ 121.628331085944765, 0.539039846831839, 0.0 ], [ 121.628553802367932, 0.538733720775246, 0.0 ], [ 121.628776250858493, 0.538371983267476, 0.0 ], [ 121.628971177894613, 0.538038044669457, 0.0 ], [ 121.629166073837183, 0.537843238804063, 0.0 ], [ 121.629360652204213, 0.537815407036594, 0.0 ], [ 121.629527664826867, 0.538010188054576, 0.0 ], [ 121.630000764417304, 0.537982383978823, 0.0 ], [ 121.630446179318454, 0.53745365165077, 0.0 ], [ 121.630752070845674, 0.536841401383219, 0.0 ], [ 121.631113847707738, 0.536173553048806, 0.0 ], [ 121.631392181336508, 0.535756110176359, 0.0 ], [ 121.631430494778968, 0.535735489686777, 0.0 ], [ 121.631754133617008, 0.535561306359015, 0.0 ], [ 121.632394046207125, 0.535366530294583, 0.0 ], [ 121.632894972174682, 0.535199562166637, 0.0 ], [ 121.633368090205735, 0.535088235092677, 0.0 ], [ 121.633868966710722, 0.535143886938476, 0.0 ], [ 121.634369800947383, 0.535394354418921, 0.0 ], [ 121.634676082151685, 0.535561326144167, 0.0 ], [ 121.63509329742611, 0.535589154764997, 0.0 ], [ 121.635427441425421, 0.535449990076957, 0.0 ], [ 121.635574903258572, 0.535184299772444, 0.0 ], [ 121.635698179624313, 0.535098896555323, 0.0 ], [ 121.636189075453444, 0.534585683150838, 0.0 ], [ 121.636361209287116, 0.534477185343922, 0.0 ], [ 121.636813910909538, 0.534005476550385, 0.0 ], [ 121.637795904915023, 0.533336032923008, 0.0 ], [ 121.638911785487593, 0.532845109215012, 0.0 ], [ 121.639469508137964, 0.532309544060742, 0.0 ], [ 121.639982864534645, 0.531796298280644, 0.0 ], [ 121.640585234027157, 0.531238413752293, 0.0 ], [ 121.640897807787624, 0.530881356826311, 0.0 ], [ 121.641812648517913, 0.530435080859819, 0.0 ], [ 121.642392745401054, 0.530301198789322, 0.0 ], [ 121.642638195563833, 0.530033407668666, 0.0 ], [ 121.64306232122874, 0.529274696437314, 0.0 ], [ 121.643129323417952, 0.528449023486237, 0.0 ], [ 121.643106773817365, 0.52755644996945, 0.0 ], [ 121.643017610534827, 0.526998553749917, 0.0 ], [ 121.642950628130762, 0.526440697100598, 0.0 ], [ 121.643173673483801, 0.525905126550467, 0.0 ], [ 121.643196241070797, 0.525414206439771, 0.0 ], [ 121.642928460742041, 0.525079457196691, 0.0 ], [ 121.642102830958379, 0.524566233899674, 0.0 ], [ 121.641120815369192, 0.524052977327675, 0.0 ], [ 121.640339791058977, 0.523718257762277, 0.0 ], [ 121.639179367965539, 0.523762874027538, 0.0 ], [ 121.638264621664078, 0.523785214985332, 0.0 ], [ 121.637550557274949, 0.524119925557569, 0.0 ], [ 121.637276749689903, 0.524393645908309, 0.0 ], [ 121.636836449718217, 0.524655493409769, 0.0 ], [ 121.636323070838458, 0.525280315376024, 0.0 ], [ 121.635832154325058, 0.525905140939579, 0.0 ], [ 121.635542033937796, 0.526306789849089, 0.0 ], [ 121.635497575053932, 0.526753080204782, 0.0 ], [ 121.635542095990999, 0.527310965632414, 0.0 ], [ 121.635430504516279, 0.527891147051855, 0.0 ], [ 121.634894964543008, 0.528426715803336, 0.0 ], [ 121.634359447952306, 0.52885070926794, 0.0 ], [ 121.633846122132496, 0.52923005049446, 0.0 ], [ 121.633645276543717, 0.529676375923697, 0.0 ], [ 121.633533713847299, 0.53012265189019, 0.0 ], [ 121.63357824827429, 0.530613584591437, 0.0 ], [ 121.633444490310112, 0.531126842962086, 0.0 ], [ 121.633221364917375, 0.532019429069334, 0.0 ], [ 121.63299805606303, 0.532465750001991, 0.0 ], [ 121.632328612435572, 0.532889712889632, 0.0 ], [ 121.63169369019927, 0.533240116445936, 0.0 ], [ 121.631681646004466, 0.533246763270893, 0.0 ], [ 121.631190510476131, 0.533581483874838, 0.0 ], [ 121.630766537099731, 0.53364844723565, 0.0 ], [ 121.630231113582923, 0.533648433040783, 0.0 ], [ 121.629606412082168, 0.533626105395095, 0.0 ], [ 121.629070708502539, 0.533626126315072, 0.0 ], [ 121.628669177065817, 0.533782340338389, 0.0 ], [ 121.627865793493797, 0.534273257885091, 0.0 ], [ 121.627330020892401, 0.534585674027559, 0.0 ], [ 121.626660662833643, 0.534630287318664, 0.0 ], [ 121.625857379668943, 0.534674941785811, 0.0 ], [ 121.62543341204811, 0.534719574912783, 0.0 ], [ 121.625009449464756, 0.534741879385007, 0.0 ], [ 121.624696916055029, 0.534920405194609, 0.0 ], [ 121.624496073959904, 0.535344365502714, 0.0 ], [ 121.624273050764344, 0.535768355087222, 0.0 ], [ 121.623871228563502, 0.535969189974343, 0.0 ], [ 121.623603427115015, 0.53574605053897, 0.0 ], [ 121.623670354070811, 0.535277438272734, 0.0 ], [ 121.623871256677546, 0.534585672430703, 0.0 ], [ 121.624139212170533, 0.534117070113842, 0.0 ], [ 121.624272985978124, 0.533536862283172, 0.0 ], [ 121.624264930819535, 0.533142745740038, 0.0 ], [ 121.624306247030077, 0.532948576587992, 0.0 ], [ 121.624502763756084, 0.531768961831096, 0.0 ], [ 121.624983397051736, 0.530676711546034, 0.0 ], [ 121.62535480637743, 0.529606307342804, 0.0 ], [ 121.625376674957622, 0.528470355848069, 0.0 ], [ 121.625158174370654, 0.527487333578706, 0.0 ], [ 121.625376439559346, 0.526984872076878, 0.0 ], [ 121.625791651333017, 0.525892642013774, 0.0 ], [ 121.625835404431854, 0.524822233808146, 0.0 ], [ 121.625801561712819, 0.524224253128595, 0.0 ], [ 121.625922689627004, 0.523686297363772, 0.0 ], [ 121.625769757206683, 0.523293066652845, 0.0 ], [ 121.625354604324741, 0.522834346216898, 0.0 ], [ 121.624895823030542, 0.522878019526134, 0.0 ], [ 121.624371632398493, 0.522878010631293, 0.0 ], [ 121.624087797456895, 0.522790645133612, 0.0 ], [ 121.623629063969076, 0.522615868552938, 0.0 ], [ 121.62299538447175, 0.522572201212083, 0.0 ], [ 121.622318172640689, 0.522594027554061, 0.0 ], [ 121.621597480855598, 0.522441133722333, 0.0 ], [ 121.620679953173592, 0.522375568802617, 0.0 ], [ 121.619893504732289, 0.522484814588812, 0.0 ], [ 121.619325516740986, 0.522484794765558, 0.0 ], [ 121.618757523211002, 0.522506644877234, 0.0 ], [ 121.617861810371366, 0.52283431534124, 0.0 ], [ 121.617184766392526, 0.523380447873416, 0.0 ], [ 121.617097400111561, 0.523598913845839, 0.0 ], [ 121.617162732649433, 0.523992122975274, 0.0 ], [ 121.617162854768452, 0.524713010858439, 0.0 ], [ 121.617250223043115, 0.5257615734424, 0.0 ], [ 121.617446813875432, 0.526788292333462, 0.0 ], [ 121.617796226636301, 0.527421778505248, 0.0 ], [ 121.61818940106167, 0.528230056316507, 0.0 ], [ 121.618407981777324, 0.528841715005805, 0.0 ], [ 121.618495411454347, 0.529606290463506, 0.0 ], [ 121.618517180496553, 0.530196106600504, 0.0 ], [ 121.618364318007849, 0.530764083130135, 0.0 ], [ 121.618364250114595, 0.531069905623331, 0.0 ], [ 121.618495251653286, 0.531594207845591, 0.0 ], [ 121.618429682184669, 0.532271376607811, 0.0 ], [ 121.618560798250229, 0.533538400099891, 0.0 ], [ 121.618624777174787, 0.53369832142434, 0.0 ], [ 121.618582619989226, 0.533887931359649, 0.0 ], [ 121.618582793888692, 0.534368500363262, 0.0 ], [ 121.61860453246328, 0.535089392654368, 0.0 ], [ 121.618538971758326, 0.535722892829353, 0.0 ], [ 121.618386117613426, 0.536247200484689, 0.0 ], [ 121.618429784779039, 0.536836985446891, 0.0 ], [ 121.618626400961759, 0.537732663972638, 0.0 ], [ 121.618757434728792, 0.538104019611145, 0.0 ], [ 121.619237953838365, 0.538781206156917, 0.0 ], [ 121.619631199421931, 0.539261793589522, 0.0 ], [ 121.619762252794615, 0.539545777098853, 0.0 ], [ 121.619653271180653, 0.539742403077019, 0.0 ], [ 121.619543969805775, 0.540113774555921, 0.0 ], [ 121.619587655914017, 0.540616186617031, 0.0 ], [ 121.619784285002495, 0.541446292041429, 0.0 ], [ 121.619849816223834, 0.542189029517663, 0.0 ], [ 121.619871537767864, 0.542975460779286, 0.0 ], [ 121.619805965960865, 0.543652664884879, 0.0 ], [ 121.6196095708017, 0.544264335546378, 0.0 ], [ 121.619383771101155, 0.544543572718518, 0.0 ], [ 121.619104656623321, 0.544687233437573, 0.0 ], [ 121.618959140685263, 0.54503397123276, 0.0 ], [ 121.619071095562276, 0.545347133177402, 0.0 ], [ 121.619249877022042, 0.545637945858361, 0.0 ], [ 121.619440167804115, 0.545939925969056, 0.0 ], [ 121.619675093252368, 0.546275445914128, 0.0 ], [ 121.619898782028756, 0.546633362426112, 0.0 ], [ 121.61995452727966, 0.547192589710681, 0.0 ], [ 121.619831456894758, 0.5476064251057, 0.0 ], [ 121.61977551479572, 0.547908418869385, 0.0 ], [ 121.619619082166551, 0.54810973214912, 0.0 ], [ 121.619238880672356, 0.548299900164321, 0.0 ], [ 121.619003824797943, 0.548534759826351, 0.0 ], [ 121.618713183159713, 0.548747277054699, 0.0 ], [ 121.618500619378835, 0.548847920006005, 0.0 ], [ 121.618198488978663, 0.548959777367334, 0.0 ], [ 121.617885442554865, 0.548926210356564, 0.0 ], [ 121.617773733471807, 0.548769634941086, 0.0 ], [ 121.617661768844911, 0.54850120151582, 0.0 ], [ 121.617471752054342, 0.548232785243412, 0.0 ], [ 121.617057670044233, 0.548020280722498, 0.0 ], [ 121.616666353720447, 0.547707089244502, 0.0 ], [ 121.616509752849424, 0.547416281801931, 0.0 ], [ 121.616420247835975, 0.547159053765371, 0.0 ], [ 121.616129412552823, 0.546991271297008, 0.0 ], [ 121.615738029734587, 0.546968922442863, 0.0 ], [ 121.615637443699356, 0.54728206999866, 0.0 ], [ 121.615547814736885, 0.54756169156696, 0.0 ], [ 121.615346462279859, 0.547751829236924, 0.0 ], [ 121.614899178420302, 0.547852487937499, 0.0 ], [ 121.614563681491944, 0.547774188151022, 0.0 ], [ 121.614205714728143, 0.547729482172636, 0.0 ], [ 121.613926097580219, 0.547617630735901, 0.0 ], [ 121.613713599373824, 0.547438667428883, 0.0 ], [ 121.613434010545816, 0.547203794472954, 0.0 ], [ 121.613266148554757, 0.547047205381039, 0.0 ], [ 121.613076105631492, 0.546890611146482, 0.0 ], [ 121.612986582879344, 0.546711676541926, 0.0 ], [ 121.612975413842634, 0.546443231826669, 0.0 ], [ 121.612986700904315, 0.546197157005972, 0.0 ], [ 121.61297551642582, 0.545995840681827, 0.0 ], [ 121.612896950728839, 0.545783344013921, 0.0 ], [ 121.61280771849178, 0.545559644909614, 0.0 ], [ 121.612516883719778, 0.545391862719517, 0.0 ], [ 121.611979837628539, 0.545134638014337, 0.0 ], [ 121.611398377848474, 0.545112244205574, 0.0 ], [ 121.611062862681806, 0.545112272123597, 0.0 ], [ 121.610738326070802, 0.54498921150901, 0.0 ], [ 121.610503621601609, 0.544922099226612, 0.0 ], [ 121.610335741861363, 0.544843838684476, 0.0 ], [ 121.610179133761008, 0.544586560475162, 0.0 ], [ 121.610123348998513, 0.544206284303898, 0.0 ], [ 121.609908437644293, 0.543529583402895, 0.0 ], [ 121.609720673031177, 0.543233222606014, 0.0 ], [ 121.60964245754856, 0.542718720925199, 0.0 ], [ 121.60959763980722, 0.542260155338008, 0.0 ], [ 121.609407355060853, 0.541935811832354, 0.0 ], [ 121.609508210479902, 0.54166739341837, 0.0 ], [ 121.609675878667673, 0.541443683512836, 0.0 ], [ 121.609910674708331, 0.54110813327262, 0.0 ], [ 121.610112135497005, 0.540437074807558, 0.0 ], [ 121.610111974628268, 0.539911391140117, 0.0 ], [ 121.610022519307421, 0.53943045150631, 0.0 ], [ 121.609754176467121, 0.53912845488278, 0.0 ], [ 121.609362845915342, 0.538882392755129, 0.0 ], [ 121.609195014434448, 0.538591584024876, 0.0 ], [ 121.608926638699742, 0.538435007892461, 0.0 ], [ 121.608646976624911, 0.538524471817529, 0.0 ], [ 121.608411989598892, 0.53846856004676, 0.0 ], [ 121.607897628527468, 0.538468582905986, 0.0 ], [ 121.607483801636931, 0.538379101614276, 0.0 ], [ 121.607170465730832, 0.538390264777293, 0.0 ], [ 121.606913270089962, 0.538457369111471, 0.0 ], [ 121.606611409583408, 0.538625154101994, 0.0 ], [ 121.606320527316598, 0.538669886906655, 0.0 ], [ 121.605985016675376, 0.538658715523459, 0.0 ], [ 121.605727803333821, 0.538804111687722, 0.0 ], [ 121.605705260774528, 0.539162005302555, 0.0 ], [ 121.605660532213676, 0.539542291861154, 0.0 ], [ 121.605705395953862, 0.539799543564205, 0.0 ], [ 121.605806122071712, 0.540101537390418, 0.0 ], [ 121.605962724975072, 0.540381143365502, 0.0 ], [ 121.606253520612768, 0.540716674279755, 0.0 ], [ 121.606644778985853, 0.541275905388198, 0.0 ], [ 121.606902160649298, 0.541622627785924, 0.0 ], [ 121.607181712961264, 0.542014118989913, 0.0 ], [ 121.607360746348135, 0.542427951607242, 0.0 ], [ 121.607405291210867, 0.542852953048305, 0.0 ], [ 121.607360807461205, 0.543389825689848, 0.0 ], [ 121.607360669057343, 0.543993800666813, 0.0 ], [ 121.607371784207473, 0.544497087268096, 0.0 ], [ 121.607422288529705, 0.544642483977346, 0.0 ], [ 121.607416619303734, 0.544877359572408, 0.0 ], [ 121.607416511372023, 0.545347149552926, 0.0 ], [ 121.607505954088282, 0.545872818149222, 0.0 ], [ 121.60757324504047, 0.546275461265137, 0.0 ], [ 121.607573167773921, 0.546610994806178, 0.0 ], [ 121.6076289708964, 0.546912977732043, 0.0 ], [ 121.607830493214962, 0.547203795676791, 0.0 ], [ 121.608098806692709, 0.547628813424809, 0.0 ], [ 121.608210679244991, 0.548288708733695, 0.0 ], [ 121.608345029283115, 0.548881480204803, 0.0 ], [ 121.608300273327018, 0.549373624525655, 0.0 ], [ 121.608110138727568, 0.549619656866555, 0.0 ], [ 121.607796760648711, 0.549809803383487, 0.0 ], [ 121.607483678443401, 0.549932856941763, 0.0 ], [ 121.607293587880903, 0.549988775846914, 0.0 ], [ 121.607081050773701, 0.549977596513011, 0.0 ], [ 121.606857294359145, 0.549921650935951, 0.0 ], [ 121.606711889136704, 0.549787431794284, 0.0 ], [ 121.606644835079379, 0.549574938190327, 0.0 ], [ 121.606667348121832, 0.549351230408161, 0.0 ], [ 121.606712036845224, 0.549149927713736, 0.0 ], [ 121.606689653314021, 0.548814388126599, 0.0 ], [ 121.606466007312477, 0.548277524380607, 0.0 ], [ 121.606354085936573, 0.547830142618126, 0.0 ], [ 121.60605215332015, 0.547091947580851, 0.0 ], [ 121.605727720711997, 0.54652153129207, 0.0 ], [ 121.605660676780531, 0.546264274281531, 0.0 ], [ 121.605414459373975, 0.546208359065874, 0.0 ], [ 121.605224368267386, 0.546264278158519, 0.0 ], [ 121.60503424453259, 0.546465582042658, 0.0 ], [ 121.604937927525057, 0.546527316997407, 0.0 ], [ 121.604514784230958, 0.54666285182388, 0.0 ], [ 121.604301008974971, 0.547151422043095, 0.0 ], [ 121.604087192103208, 0.547823216814196, 0.0 ], [ 121.603888798935188, 0.548571328001061, 0.0 ], [ 121.603644476987711, 0.548815616833779, 0.0 ], [ 121.603445972350102, 0.548830903483414, 0.0 ], [ 121.603262945663758, 0.548693460323006, 0.0 ], [ 121.603003256525824, 0.548617120748256, 0.0 ], [ 121.602789594202179, 0.548617141066669, 0.0 ], [ 121.602667447887157, 0.548678198653744, 0.0 ], [ 121.602530086220227, 0.548968299830425, 0.0 ], [ 121.602453654427421, 0.549243117284552, 0.0 ], [ 121.602392650899418, 0.549579025556505, 0.0 ], [ 121.60239256569362, 0.549945437504222, 0.0 ], [ 121.602377336904723, 0.550235532099412, 0.0 ], [ 121.602316350105198, 0.550495090380414, 0.0 ], [ 121.602316254074452, 0.550907326757448, 0.0 ], [ 121.602316147284952, 0.551365385767459, 0.0 ], [ 121.602438230512206, 0.551579128484407, 0.0 ], [ 121.602606358248835, 0.551792882110584, 0.0 ], [ 121.602774177161464, 0.55212877303135, 0.0 ], [ 121.602911652059063, 0.552556268641906, 0.0 ], [ 121.603033728113132, 0.552800572255067, 0.0 ], [ 121.603262800113257, 0.55293795608871, 0.0 ], [ 121.603339125320559, 0.553121197861221, 0.0 ], [ 121.603339089622366, 0.553273861652252, 0.0 ], [ 121.603313480477965, 0.553526467633362, 0.0 ], [ 121.603094831331788, 0.553243313508859, 0.0 ], [ 121.602896390842062, 0.552983764287189, 0.0 ], [ 121.602808534858596, 0.552885595111645, 0.0 ], [ 121.602551159377754, 0.552516507343385, 0.0 ], [ 121.602294038993136, 0.552259240755796, 0.0 ], [ 121.602103769345447, 0.551878969072054, 0.0 ], [ 121.602036776673856, 0.551409235757587, 0.0 ], [ 121.601991958670155, 0.550961835193524, 0.0 ], [ 121.602020628610433, 0.550824760279971, 0.0 ], [ 121.602041524663946, 0.550311872472635, 0.0 ], [ 121.602148382161644, 0.549594301307747, 0.0 ], [ 121.602270379441308, 0.548968309263502, 0.0 ], [ 121.602407789804118, 0.548464459001278, 0.0 ], [ 121.602331510371485, 0.548082766351436, 0.0 ], [ 121.602071941655012, 0.547487316854082, 0.0 ], [ 121.601858119353551, 0.546968191064793, 0.0 ], [ 121.601777344097016, 0.546601300777931, 0.0 ], [ 121.601736092360852, 0.546510174061536, 0.0 ], [ 121.601410996237504, 0.546257385509489, 0.0 ], [ 121.601323724138709, 0.546189524388234, 0.0 ], [ 121.60100315485434, 0.545914719817401, 0.0 ], [ 121.60039253458595, 0.545731494379557, 0.0 ], [ 121.599827651255879, 0.545670416880765, 0.0 ], [ 121.59944582622829, 0.545609347896141, 0.0 ], [ 121.598987889945263, 0.545655169846286, 0.0 ], [ 121.598606015592949, 0.54580784870482, 0.0 ], [ 121.598361743885818, 0.545838387400392, 0.0 ], [ 121.597964754323797, 0.545792576596708, 0.0 ], [ 121.597690128353833, 0.545960507936209, 0.0 ], [ 121.597369375680344, 0.546479613022592, 0.0 ], [ 121.596911332467386, 0.546983457280196, 0.0 ], [ 121.596606050411125, 0.547380428633852, 0.0 ], [ 121.596407478945636, 0.547685777278621, 0.0 ], [ 121.596163200246224, 0.547746876360504, 0.0 ], [ 121.596254810924918, 0.547395714403746, 0.0 ], [ 121.596437915051183, 0.5471972011365, 0.0 ], [ 121.596651938631368, 0.546846067021649, 0.0 ], [ 121.596804443445748, 0.54663231901995, 0.0 ], [ 121.597048775268789, 0.54634220842396, 0.0 ], [ 121.597262492731801, 0.546097914006287, 0.0 ], [ 121.59732348616167, 0.545807830777116, 0.0 ], [ 121.597323574575114, 0.545426120721375, 0.0 ], [ 121.597430598146374, 0.545197099155663, 0.0 ], [ 121.597659424626357, 0.545181854820446, 0.0 ], [ 121.598071862738379, 0.545197108426291, 0.0 ], [ 121.598453435441854, 0.545136041122544, 0.0 ], [ 121.599048970613438, 0.544983376032641, 0.0 ], [ 121.599506897157937, 0.544983377428236, 0.0 ], [ 121.599903897539932, 0.544983364530464, 0.0 ], [ 121.60017873340955, 0.545120793520785, 0.0 ], [ 121.600362023477118, 0.545334514818156, 0.0 ], [ 121.600621424877914, 0.545441414752838, 0.0 ], [ 121.600881106635001, 0.545548279491763, 0.0 ], [ 121.60126266570316, 0.545548262984878, 0.0 ], [ 121.601522382794812, 0.545502464965546, 0.0 ], [ 121.60176669707802, 0.545288736869169, 0.0 ], [ 121.601812237256496, 0.545044437656754, 0.0 ], [ 121.601705624276093, 0.54470852637432, 0.0 ], [ 121.601705438952067, 0.544296290935646, 0.0 ], [ 121.601827658841216, 0.543914609552702, 0.0 ], [ 121.60204143328771, 0.543426038733612, 0.0 ], [ 121.602194007123856, 0.542906928965374, 0.0 ], [ 121.602377406236727, 0.542647363697161, 0.0 ], [ 121.602423219413538, 0.542433624308751, 0.0 ], [ 121.60231633623043, 0.542051924735114, 0.0 ], [ 121.602178852755515, 0.541654955332786, 0.0 ], [ 121.602178887740777, 0.541502257242259, 0.0 ], [ 121.602285595619577, 0.541425932961674, 0.0 ], [ 121.602529909431155, 0.541212169964948, 0.0 ], [ 121.602728528046214, 0.540693069692492, 0.0 ], [ 121.602926880166464, 0.540112883852943, 0.0 ], [ 121.603060306473537, 0.53983758447365, 0.0 ], [ 121.603049166362382, 0.539441102853848, 0.0 ], [ 121.603049052176928, 0.538708243387224, 0.0 ], [ 121.603110134828484, 0.538021185404362, 0.0 ], [ 121.603339075174276, 0.53750205731931, 0.0 ], [ 121.603629188214626, 0.537135641387669, 0.0 ], [ 121.604026271911209, 0.536769213757741, 0.0 ], [ 121.604896460190517, 0.536326440528194, 0.0 ], [ 121.605705733524815, 0.535837863644355, 0.0 ], [ 121.606133108677597, 0.535608843474948, 0.0 ], [ 121.606652294281616, 0.53537980802008, 0.0 ], [ 121.607171516917163, 0.534982847390201, 0.0 ], [ 121.607522586106001, 0.534479008617188, 0.0 ], [ 121.607614242509086, 0.533914093726499, 0.0 ], [ 121.607446161185919, 0.533486591461178, 0.0 ], [ 121.607049283826399, 0.532936934851351, 0.0 ], [ 121.606514821675958, 0.532433105995737, 0.0 ], [ 121.606179116722345, 0.532036126721573, 0.0 ], [ 121.606026449499481, 0.531730764929898, 0.0 ], [ 121.606009385078579, 0.531451438146683, 0.0 ], [ 121.605644530948297, 0.530829962533401, 0.0 ], [ 121.605308648184121, 0.529974959169115, 0.0 ], [ 121.604881184123528, 0.529348982717197, 0.0 ], [ 121.604560650637282, 0.528906218286566, 0.0 ], [ 121.604102536058477, 0.528493984547866, 0.0 ], [ 121.603629246690417, 0.528142798564994, 0.0 ], [ 121.603048980082946, 0.52782218456751, 0.0 ], [ 121.602804763390125, 0.527608450694687, 0.0 ], [ 121.602514788623438, 0.527364145723145, 0.0 ], [ 121.602117785527085, 0.527379424547396, 0.0 ], [ 121.601751369132259, 0.527471024928276, 0.0 ], [ 121.601140694501666, 0.527532078846819, 0.0 ], [ 121.600560353589358, 0.527547351307005, 0.0 ], [ 121.600148141805448, 0.527776375458559, 0.0 ], [ 121.599568060932341, 0.527883260426991, 0.0 ], [ 121.598896115460093, 0.528234433108947, 0.0 ], [ 121.598346587112829, 0.528570300960256, 0.0 ], [ 121.598117655086426, 0.529058903181427, 0.0 ], [ 121.597964830800663, 0.529455840439068, 0.0 ], [ 121.597812051052344, 0.52965432782968, 0.0 ], [ 121.59779678684103, 0.530112382529361, 0.0 ], [ 121.597812136488713, 0.530524620753096, 0.0 ], [ 121.597751145102819, 0.530814704463304, 0.0 ], [ 121.597613793876334, 0.531074245262468, 0.0 ], [ 121.597147913169167, 0.531491885192574, 0.0 ], [ 121.596972375846889, 0.531761310089189, 0.0 ], [ 121.59681983479679, 0.532143019560242, 0.0 ], [ 121.596743322217051, 0.532784284092739, 0.0 ], [ 121.596987639192321, 0.533791961918188, 0.0 ], [ 121.597247275516494, 0.534097311288332, 0.0 ], [ 121.597522073971774, 0.53440266510532, 0.0 ], [ 121.598041090636883, 0.534906524975769, 0.0 ], [ 121.598514614213329, 0.535456162750085, 0.0 ], [ 121.598835138611108, 0.535929451801235, 0.0 ], [ 121.598987703849502, 0.536677607842088, 0.0 ], [ 121.599002988957352, 0.537364646966969, 0.0 ], [ 121.598880970437705, 0.538097512197071, 0.0 ], [ 121.598651769712376, 0.538525028238749, 0.0 ], [ 121.598361699489516, 0.538708219674637, 0.0 ], [ 121.597842809993253, 0.538876201119569, 0.0 ], [ 121.597293061052127, 0.538937265678223, 0.0 ], [ 121.596666962050591, 0.538921999754675, 0.0 ], [ 121.595964768922499, 0.53893724063994, 0.0 ], [ 121.595506816437421, 0.539059412398428, 0.0 ], [ 121.59517072487003, 0.539135753711077, 0.0 ], [ 121.594972232716486, 0.539105217455242, 0.0 ], [ 121.594773774686118, 0.538921983592226, 0.0 ], [ 121.594651748102521, 0.538463932976744, 0.0 ], [ 121.594361564865977, 0.537914302454671, 0.0 ], [ 121.594193734921532, 0.537624201628643, 0.0 ], [ 121.593781332004923, 0.53745625158597, 0.0 ], [ 121.593476139597314, 0.537471549351336, 0.0 ], [ 121.593109754003706, 0.537425711574295, 0.0 ], [ 121.59286525538441, 0.537227239844666, 0.0 ], [ 121.592712593726162, 0.536906617342696, 0.0 ], [ 121.592605685471028, 0.536631793554169, 0.0 ], [ 121.592682098312594, 0.536433325698331, 0.0 ], [ 121.592850081653424, 0.536051619966864, 0.0 ], [ 121.592911080809998, 0.535730976399255, 0.0 ], [ 121.592880557303602, 0.535379821551123, 0.0 ], [ 121.5928042594267, 0.535074479496815, 0.0 ], [ 121.592972221650029, 0.534784385984847, 0.0 ], [ 121.593216568689698, 0.534417925107648, 0.0 ], [ 121.593430302548043, 0.534097316635877, 0.0 ], [ 121.593521931845345, 0.533654543119181, 0.0 ], [ 121.593537186641612, 0.53324231176524, 0.0 ], [ 121.593445504933612, 0.532677394473717, 0.0 ], [ 121.59324710305016, 0.532249887542972, 0.0 ], [ 121.592895975727302, 0.531776592816184, 0.0 ], [ 121.592666977132367, 0.53131855364124, 0.0 ], [ 121.592315788540645, 0.53112005810763, 0.0 ], [ 121.591842426417287, 0.531104792673646, 0.0 ], [ 121.591445424855792, 0.531120070100437, 0.0 ], [ 121.591334505847769, 0.531196923354508, 0.0 ], [ 121.591109601900129, 0.531257463001138, 0.0 ], [ 121.590743154652642, 0.531486496343918, 0.0 ], [ 121.590376684066683, 0.531822402702024, 0.0 ], [ 121.59014772366973, 0.532433104026557, 0.0 ], [ 121.58996455210621, 0.532936942680555, 0.0 ], [ 121.589933883467737, 0.533227032258247, 0.0 ], [ 121.589933772236265, 0.533715614201062, 0.0 ], [ 121.58991853454161, 0.534051495352132, 0.0 ], [ 121.589704776446212, 0.534479013379156, 0.0 ], [ 121.589567372579964, 0.534967598773521, 0.0 ], [ 121.589384231809589, 0.535334001592628, 0.0 ], [ 121.589124744555065, 0.53560884681068, 0.0 ], [ 121.58891102807695, 0.5358531410572, 0.0 ], [ 121.588758209484595, 0.536219550719279, 0.0 ], [ 121.588605707024513, 0.53643329846758, 0.0 ], [ 121.588391755646199, 0.536479108225878, 0.0 ], [ 121.587918667274977, 0.53649436680339, 0.0 ], [ 121.587261957927893, 0.536524915858054, 0.0 ], [ 121.58691381287484, 0.536524905458284, 0.0 ], [ 121.586791670389204, 0.53657073556395, 0.0 ], [ 121.586522975911251, 0.536595157525381, 0.0 ], [ 121.586229849103177, 0.536644021158254, 0.0 ], [ 121.585839031177244, 0.536631812337278, 0.0 ], [ 121.585435873827251, 0.536558513863942, 0.0 ], [ 121.585326123522051, 0.536436351884654, 0.0 ], [ 121.585130469387906, 0.536277567616965, 0.0 ], [ 121.584849741167602, 0.536131023431378, 0.0 ], [ 121.584690860817389, 0.535996661656161, 0.0 ], [ 121.584483380198577, 0.535984424068418, 0.0 ], [ 121.584324435358795, 0.536131006987199, 0.0 ], [ 121.584299961828393, 0.536338637377413, 0.0 ], [ 121.584202217419119, 0.536509647496723, 0.0 ], [ 121.584043606220717, 0.536424147016338, 0.0 ], [ 121.583921520228103, 0.536228707099022, 0.0 ], [ 121.583725887787821, 0.535972235717912, 0.0 ], [ 121.583298319077073, 0.535837845804758, 0.0 ], [ 121.582834208440119, 0.535886705662873, 0.0 ], [ 121.582651174343624, 0.535789010252711, 0.0 ], [ 121.582443427638367, 0.535715722966072, 0.0 ], [ 121.582101412369369, 0.535923348825599, 0.0 ], [ 121.581869447173432, 0.53616763779563, 0.0 ], [ 121.581710479936817, 0.536411943741592, 0.0 ], [ 121.581539686924188, 0.536802796975726, 0.0 ], [ 121.581405132232703, 0.537108159011561, 0.0 ], [ 121.581258535304244, 0.537279158318986, 0.0 ], [ 121.58107547038432, 0.537315788304075, 0.0 ], [ 121.580977779496138, 0.537254714996864, 0.0 ], [ 121.581038754991098, 0.537034869802548, 0.0 ], [ 121.58118537441419, 0.536766147248828, 0.0 ], [ 121.581307556752037, 0.536546281035947, 0.0 ], [ 121.581392970113669, 0.536277580309301, 0.0 ], [ 121.581209694320279, 0.536008852168317, 0.0 ], [ 121.580928966667159, 0.535862307179639, 0.0 ], [ 121.580623546122482, 0.535654636359188, 0.0 ], [ 121.580122693293674, 0.535544713769224, 0.0 ], [ 121.5796830746377, 0.535312634066125, 0.0 ], [ 121.579279929721054, 0.535190509751641, 0.0 ], [ 121.578889090586571, 0.535275987744858, 0.0 ], [ 121.578632438402266, 0.535434771954994, 0.0 ], [ 121.578522616248321, 0.535630227881283, 0.0 ], [ 121.578388404023073, 0.535666869282485, 0.0 ], [ 121.578143863535303, 0.535654658159261, 0.0 ], [ 121.577875141920032, 0.535801215780411, 0.0 ], [ 121.577655553030738, 0.535947783938644, 0.0 ], [ 121.577502819071569, 0.535947783499439, 0.0 ], [ 121.577411023886867, 0.535886711666338, 0.0 ], [ 121.577166815431553, 0.535654642385567, 0.0 ], [ 121.576898189702945, 0.535385929085512, 0.0 ], [ 121.576702836487385, 0.535141646761987, 0.0 ], [ 121.576458332808926, 0.534970627876623, 0.0 ], [ 121.57628736684461, 0.534897348336942, 0.0 ], [ 121.57605544721045, 0.534946226680448, 0.0 ], [ 121.575969772497615, 0.535129428197693, 0.0 ], [ 121.575859972963968, 0.535227160837807, 0.0 ], [ 121.575676644232317, 0.535190515819499, 0.0 ], [ 121.57559105775502, 0.534995085947036, 0.0 ], [ 121.575408055330882, 0.534762994995956, 0.0 ], [ 121.575267855454911, 0.534700704895057, 0.0 ], [ 121.575078194953818, 0.534616439686912, 0.0 ], [ 121.574797230101282, 0.53428663911144, 0.0 ], [ 121.574491816142185, 0.534054554964429, 0.0 ], [ 121.574186674086462, 0.533859144509945, 0.0 ], [ 121.573991040785799, 0.533614862452696, 0.0 ], [ 121.573979029510809, 0.533346138944006, 0.0 ], [ 121.574040005566829, 0.533126259110998, 0.0 ], [ 121.574113353810219, 0.532820918992564, 0.0 ], [ 121.574113126851856, 0.532588835621554, 0.0 ], [ 121.573783550689399, 0.532430057083237, 0.0 ], [ 121.573343638150746, 0.532259062721101, 0.0 ], [ 121.573136210107734, 0.532026967365011, 0.0 ], [ 121.572876004707211, 0.531766807396065, 0.0 ], [ 121.572610952233916, 0.531831540349729, 0.0 ], [ 121.572549698799591, 0.532039196387339, 0.0 ], [ 121.572549909802277, 0.532344553449108, 0.0 ], [ 121.572500992903571, 0.532625486194264, 0.0 ], [ 121.572293202262159, 0.532747644016433, 0.0 ], [ 121.572048940940675, 0.532747622300915, 0.0 ], [ 121.571841472824929, 0.532686558942723, 0.0 ], [ 121.571731426115662, 0.53263770756156, 0.0 ], [ 121.571655366575129, 0.5325248102283, 0.0 ], [ 121.571640847617815, 0.532174722302185, 0.0 ], [ 121.571597119324025, 0.531869177949877, 0.0 ], [ 121.571379025209353, 0.531621817710652, 0.0 ], [ 121.57098598800701, 0.531505419637339, 0.0 ], [ 121.57052047468801, 0.531563605507061, 0.0 ], [ 121.570200371610269, 0.531723682237865, 0.0 ], [ 121.569996787690144, 0.531869158469815, 0.0 ], [ 121.570200281188733, 0.532116515224716, 0.0 ], [ 121.570476749713251, 0.532465710807299, 0.0 ], [ 121.57056401531591, 0.532683964337925, 0.0 ], [ 121.570447760586234, 0.532771238041922, 0.0 ], [ 121.5699530817582, 0.53268396271993, 0.0 ], [ 121.569501921273144, 0.53259666319632, 0.0 ], [ 121.569269207861765, 0.532436599531953, 0.0 ], [ 121.568978107401847, 0.532232925213298, 0.0 ], [ 121.568541609461477, 0.531869172469372, 0.0 ], [ 121.568294280787853, 0.531781849208128, 0.0 ], [ 121.568046897585305, 0.53192735119512, 0.0 ], [ 121.567959835266521, 0.532043778297302, 0.0 ], [ 121.567988710336067, 0.532232905643264, 0.0 ], [ 121.567988930218831, 0.532494807075805, 0.0 ], [ 121.568119713835841, 0.532713035312886, 0.0 ], [ 121.568192657591055, 0.532945840562275, 0.0 ], [ 121.568192627340764, 0.533076808893922, 0.0 ], [ 121.567916045910465, 0.533222303890506, 0.0 ], [ 121.567683275552724, 0.533309584486501, 0.0 ], [ 121.567668645771434, 0.533440549367307, 0.0 ], [ 121.567770524956074, 0.533600582415454, 0.0 ], [ 121.567974326178813, 0.533731527058849, 0.0 ], [ 121.568192415413392, 0.533993444311446, 0.0 ], [ 121.568323486878541, 0.534182595672332, 0.0 ], [ 121.568498058821234, 0.534444466606158, 0.0 ], [ 121.568512607779354, 0.534662739158102, 0.0 ], [ 121.568410661194136, 0.534793682671379, 0.0 ], [ 121.568163558880414, 0.534939184408083, 0.0 ], [ 121.568032458026153, 0.53488096515804, 0.0 ], [ 121.567712375086529, 0.534953705096823, 0.0 ], [ 121.567581490440659, 0.535171977753572, 0.0 ], [ 121.567508719213038, 0.535404749659411, 0.0 ], [ 121.567363238397107, 0.535608462678132, 0.0 ], [ 121.567246699920275, 0.535710326502441, 0.0 ], [ 121.567013976761842, 0.535593894864421, 0.0 ], [ 121.566941317905233, 0.535346568829213, 0.0 ], [ 121.566970282985167, 0.535142863709685, 0.0 ], [ 121.566737584379979, 0.534924611455105, 0.0 ], [ 121.566577578432558, 0.534808232275656, 0.0 ], [ 121.56627185111202, 0.534720930233261, 0.0 ], [ 121.565617147047817, 0.534604541471521, 0.0 ], [ 121.56500618760478, 0.534720915580715, 0.0 ], [ 121.564787997483165, 0.534895535144501, 0.0 ], [ 121.564671448101649, 0.535041031066301, 0.0 ], [ 121.564627886884608, 0.535230177300176, 0.0 ], [ 121.564569738801552, 0.535361131727301, 0.0 ], [ 121.564424031935872, 0.535332020387739, 0.0 ], [ 121.564395143730167, 0.535201081636875, 0.0 ], [ 121.564322173386543, 0.535084652458133, 0.0 ], [ 121.564104040792685, 0.535011927123312, 0.0 ], [ 121.563958610888392, 0.534997371996963, 0.0 ], [ 121.563827726328839, 0.535215609841204, 0.0 ], [ 121.563856603454695, 0.535390216045188, 0.0 ], [ 121.563711156629708, 0.535448405354026, 0.0 ], [ 121.563521958785373, 0.535302907976857, 0.0 ], [ 121.563318456228615, 0.535099218916039, 0.0 ], [ 121.562881895642619, 0.535011922121091, 0.0 ], [ 121.562518028490572, 0.535026462063852, 0.0 ], [ 121.562241731106752, 0.535157400148937, 0.0 ], [ 121.561936224628951, 0.535331998741943, 0.0 ], [ 121.561630451416249, 0.535448408924148, 0.0 ], [ 121.561426893940748, 0.535477508337338, 0.0 ], [ 121.561106777860431, 0.535695770762272, 0.0 ], [ 121.56087396466603, 0.535972206753614, 0.0 ], [ 121.560713870790977, 0.536234740512435, 0.0 ], [ 121.560612219227011, 0.536306859361639, 0.0 ], [ 121.559971946154235, 0.536917949276398, 0.0 ], [ 121.559535311265989, 0.537150739731489, 0.0 ], [ 121.558938880795722, 0.53757268249968, 0.0 ], [ 121.558415174099224, 0.537965531905131, 0.0 ], [ 121.558036649927402, 0.538227411724827, 0.0 ], [ 121.557498431789256, 0.538241980762626, 0.0 ], [ 121.55706189029803, 0.538081938919381, 0.0 ], [ 121.556814596310261, 0.537849127379468, 0.0 ], [ 121.556712739528493, 0.537601795315483, 0.0 ], [ 121.556872860651964, 0.537223486454889, 0.0 ], [ 121.557149188418407, 0.53696158238961, 0.0 ], [ 121.557338487849208, 0.536670580677194, 0.0 ], [ 121.557222010127163, 0.536510544588102, 0.0 ], [ 121.556872715928264, 0.536641499878802, 0.0 ], [ 121.55658181609968, 0.536786988891551, 0.0 ], [ 121.556509062582165, 0.536947051429441, 0.0 ], [ 121.556407099042687, 0.537150738173535, 0.0 ], [ 121.556276248557836, 0.537223486552589, 0.0 ], [ 121.556159751355011, 0.537150749886299, 0.0 ], [ 121.556101681736919, 0.536947025115202, 0.0 ], [ 121.555829926718786, 0.537050578754376, 0.0 ], [ 121.555796189349365, 0.537063434551514, 0.0 ], [ 121.555577992764029, 0.537267128821854, 0.0 ], [ 121.555330531425497, 0.537747272064885, 0.0 ], [ 121.555184995953653, 0.538183771281302, 0.0 ], [ 121.554908575605438, 0.538838506112719, 0.0 ], [ 121.554661128519854, 0.539260460909512, 0.0 ], [ 121.554486612316325, 0.539958851856541, 0.0 ], [ 121.554341004103549, 0.540700882551741, 0.0 ], [ 121.554268478932258, 0.54107917551021, 0.0 ], [ 121.554093802475052, 0.541268324481274, 0.0 ], [ 121.553933715086373, 0.541501144214899, 0.0 ], [ 121.55378817535437, 0.541952163670815, 0.0 ], [ 121.553671851644509, 0.542330481224189, 0.0 ], [ 121.553395519848209, 0.542606904853331, 0.0 ], [ 121.553189137475428, 0.542714222166411, 0.0 ], [ 121.553031612204379, 0.542796043296993, 0.0 ], [ 121.552886193274944, 0.542737855478341, 0.0 ], [ 121.552857029001458, 0.54259236112311, 0.0 ], [ 121.552827923472805, 0.542199523224278, 0.0 ], [ 121.552740694485308, 0.541835783472448, 0.0 ], [ 121.552493370287465, 0.541733939212756, 0.0 ], [ 121.552333279443872, 0.541981278582097, 0.0 ], [ 121.552333168839013, 0.542446853458615, 0.0 ], [ 121.552362288126517, 0.542781503234506, 0.0 ], [ 121.552085956347824, 0.543057961860187, 0.0 ], [ 121.55196493851625, 0.543106405216002, 0.0 ], [ 121.551794782931154, 0.543174338237255, 0.0 ], [ 121.551649364094089, 0.543116150396221, 0.0 ], [ 121.551358283349074, 0.5428396961124, 0.0 ], [ 121.551096412742098, 0.54251961696397, 0.0 ], [ 121.551005240029696, 0.542208163952322, 0.0 ], [ 121.550914866064588, 0.542081591215497, 0.0 ], [ 121.550529176969079, 0.541777557878768, 0.0 ], [ 121.550223501263886, 0.541486579567189, 0.0 ], [ 121.549961581437429, 0.541370175801452, 0.0 ], [ 121.549568801773532, 0.541370187035843, 0.0 ], [ 121.549132188492891, 0.541515675678221, 0.0 ], [ 121.548710410859456, 0.541850322063224, 0.0 ], [ 121.548346465816991, 0.542199503010758, 0.0 ], [ 121.547953817524615, 0.542825166335196, 0.0 ], [ 121.547604475222073, 0.543159794468843, 0.0 ], [ 121.547153529939806, 0.5433635022061, 0.0 ], [ 121.546731537955154, 0.543421693732453, 0.0 ], [ 121.546382279153988, 0.543407158924518, 0.0 ], [ 121.54601868741851, 0.543450809412631, 0.0 ], [ 121.545654766694724, 0.543698133614727, 0.0 ], [ 121.545203793769772, 0.544018251905269, 0.0 ], [ 121.54463652104107, 0.544614794634972, 0.0 ], [ 121.54434699778966, 0.54487718814447, 0.0 ], [ 121.544330969844282, 0.544978544461498, 0.0 ], [ 121.544141659086549, 0.545313175202748, 0.0 ], [ 121.543879954883792, 0.54547322476453, 0.0 ], [ 121.543603437477657, 0.545356817030588, 0.0 ], [ 121.543225022306288, 0.545167676861639, 0.0 ], [ 121.542774164892663, 0.545007630169829, 0.0 ], [ 121.542090300273685, 0.544760298437045, 0.0 ], [ 121.54159538832333, 0.544498386271934, 0.0 ], [ 121.541333502055906, 0.544251050732773, 0.0 ], [ 121.540926154939513, 0.544120091502646, 0.0 ], [ 121.540504163996957, 0.544178282285861, 0.0 ], [ 121.54006781908663, 0.544381991291613, 0.0 ], [ 121.539136447307186, 0.544803916245255, 0.0 ], [ 121.539062643332088, 0.544824223996647, 0.0 ], [ 121.538554681149193, 0.544963993835727, 0.0 ], [ 121.537856123935782, 0.545109485869259, 0.0 ], [ 121.537055919046409, 0.545313176686006, 0.0 ], [ 121.536008329878456, 0.5456769193849, 0.0 ], [ 121.534757192394537, 0.54604064688271, 0.0 ], [ 121.533992894390622, 0.546370930757182, 0.0 ], [ 121.533592135503483, 0.546864100618842, 0.0 ], [ 121.533094077245565, 0.548009568867007, 0.0 ], [ 121.532832157601632, 0.549056843756661, 0.0 ], [ 121.533011160352828, 0.549547153467271, 0.0 ], [ 121.533404073243148, 0.550143716420885, 0.0 ], [ 121.534000548154836, 0.550682036586929, 0.0 ], [ 121.534407762322459, 0.55135134699829, 0.0 ], [ 121.535033478806071, 0.551715076826413, 0.0 ], [ 121.535455406331337, 0.551918784662435, 0.0 ], [ 121.535804628239617, 0.552078842852337, 0.0 ], [ 121.536124637292119, 0.55229708144993, 0.0 ], [ 121.536110247031402, 0.552588086533694, 0.0 ], [ 121.536197495083911, 0.552864525620782, 0.0 ], [ 121.536270146438895, 0.553126405152442, 0.0 ], [ 121.536372202741418, 0.553693856641972, 0.0 ], [ 121.536183111125268, 0.55427586223085, 0.0 ], [ 121.535877540649949, 0.554712351566015, 0.0 ], [ 121.535513601345826, 0.555032451903985, 0.0 ], [ 121.535179155341254, 0.555294335699789, 0.0 ], [ 121.53487336889647, 0.55546892798584, 0.0 ], [ 121.534509774402309, 0.555527130612381, 0.0 ], [ 121.534058843624877, 0.555672646092668, 0.0 ], [ 121.533476814479911, 0.555759941152649, 0.0 ], [ 121.532996457852903, 0.555687183400204, 0.0 ], [ 121.532676445929098, 0.555483465107391, 0.0 ], [ 121.532385363155043, 0.555236121584217, 0.0 ], [ 121.532181850335633, 0.555090620008806, 0.0 ], [ 121.53196348301195, 0.554843295638756, 0.0 ], [ 121.531759715026794, 0.554595938778161, 0.0 ], [ 121.531643521434887, 0.554435903165133, 0.0 ], [ 121.531585199434147, 0.55413036080048, 0.0 ], [ 121.531585296149501, 0.553737498407729, 0.0 ], [ 121.531585108901425, 0.553359226232013, 0.0 ], [ 121.531628999841729, 0.552980930665407, 0.0 ], [ 121.531716177152518, 0.552398937126623, 0.0 ], [ 121.531832527952801, 0.551918768982, 0.0 ], [ 121.531807025506779, 0.551727913113646, 0.0 ], [ 121.531697580504556, 0.551524636643501, 0.0 ], [ 121.531468860963116, 0.551132423790372, 0.0 ], [ 121.5313707164307, 0.550642204850619, 0.0 ], [ 121.531305435785995, 0.550086599187009, 0.0 ], [ 121.531151367175951, 0.549817068517137, 0.0 ], [ 121.530959616025797, 0.549794516053951, 0.0 ], [ 121.530712281310599, 0.549750858483681, 0.0 ], [ 121.530566881840798, 0.549619927769411, 0.0 ], [ 121.53047934650759, 0.549372565001276, 0.0 ], [ 121.530493995567781, 0.549168860009645, 0.0 ], [ 121.530479463769169, 0.548892439679997, 0.0 ], [ 121.530479527689238, 0.548630543603172, 0.0 ], [ 121.530348446298603, 0.54849958033281, 0.0 ], [ 121.530144852750098, 0.548688718845129, 0.0 ], [ 121.529926673211492, 0.548819665341264, 0.0 ], [ 121.529708245350264, 0.548819681829941, 0.0 ], [ 121.529417329264561, 0.549037910424603, 0.0 ], [ 121.529219365813148, 0.549165718024484, 0.0 ], [ 121.528952245535862, 0.549661710212161, 0.0 ], [ 121.528592838479312, 0.549825125776086, 0.0 ], [ 121.528494895275088, 0.549661703491048, 0.0 ], [ 121.528690974545427, 0.549204166476817, 0.0 ], [ 121.528952204954109, 0.548681251569886, 0.0 ], [ 121.528952340615632, 0.548125627445665, 0.0 ], [ 121.528494677344895, 0.548256373536597, 0.0 ], [ 121.528298550360816, 0.548910023590591, 0.0 ], [ 121.528037343904089, 0.549334899886693, 0.0 ], [ 121.527743104266534, 0.549367577215269, 0.0 ], [ 121.52761236025448, 0.549008069183836, 0.0 ], [ 121.527808455341926, 0.548485137519465, 0.0 ], [ 121.528135334399792, 0.548158316740758, 0.0 ], [ 121.528363972966815, 0.547733432229362, 0.0 ], [ 121.528135236625218, 0.547406615035788, 0.0 ], [ 121.527677732991293, 0.546883698972537, 0.0 ], [ 121.526958671574761, 0.547079776235319, 0.0 ], [ 121.5265012093368, 0.547537353263143, 0.0 ], [ 121.526174314582164, 0.547929533285023, 0.0 ], [ 121.525814868167117, 0.548256346531355, 0.0 ], [ 121.525978211649146, 0.548485143393078, 0.0 ], [ 121.526533874468726, 0.548289027210406, 0.0 ], [ 121.526991264154063, 0.548125636843126, 0.0 ], [ 121.527122056155733, 0.548289031838793, 0.0 ], [ 121.527023985123819, 0.548648553592139, 0.0 ], [ 121.526697082070569, 0.549073413318383, 0.0 ], [ 121.526304963603621, 0.549825122885865, 0.0 ], [ 121.526043467801813, 0.550282677366658, 0.0 ], [ 121.52555343005703, 0.550772925992264, 0.0 ], [ 121.525062942373324, 0.550805624616872, 0.0 ], [ 121.524572864566807, 0.550315379952808, 0.0 ], [ 121.52434396114694, 0.549530978111283, 0.0 ], [ 121.524442041289177, 0.549138777163031, 0.0 ], [ 121.524572760076694, 0.548452468619524, 0.0 ], [ 121.524736198897301, 0.547145150283361, 0.0 ], [ 121.524670894303227, 0.546687585464438, 0.0 ], [ 121.52493247679746, 0.545870519578732, 0.0 ], [ 121.525291906711288, 0.545609066486401, 0.0 ], [ 121.525814735993563, 0.545347582131521, 0.0 ], [ 121.526043598522051, 0.545151490472966, 0.0 ], [ 121.526010861872749, 0.544693932569577, 0.0 ], [ 121.525782149383616, 0.544269077641983, 0.0 ], [ 121.525749380860617, 0.543942238743371, 0.0 ], [ 121.525978274922451, 0.543615392720058, 0.0 ], [ 121.526206920295124, 0.54315786466506, 0.0 ], [ 121.526056510081872, 0.543007296098467, 0.0 ], [ 121.522485185495853, 0.54514138030222, 0.0 ], [ 121.518322332732822, 0.549227326942451, 0.0 ], [ 121.518187067131166, 0.54931545505064, 0.0 ], [ 121.517971910033339, 0.549718860073271, 0.0 ], [ 121.517981581061946, 0.550348604357546, 0.0 ], [ 121.517903172897178, 0.550663473328443, 0.0 ], [ 121.517492678749349, 0.550791297333157, 0.0 ], [ 121.517424172320545, 0.550801101672542, 0.0 ], [ 121.517052720073551, 0.550860078915365, 0.0 ], [ 121.51668118511634, 0.551253587493798, 0.0 ], [ 121.51655393534385, 0.551529052008641, 0.0 ], [ 121.516505028089597, 0.551755358033938, 0.0 ], [ 121.516465966707557, 0.551902953259046, 0.0 ], [ 121.516327219969909, 0.552121782251484, 0.0 ], [ 121.516201972552494, 0.552247275102439, 0.0 ], [ 121.515586257114037, 0.552335690369192, 0.0 ], [ 121.514989845415343, 0.552699641941893, 0.0 ], [ 121.514823563323247, 0.553004631406866, 0.0 ], [ 121.514618121709475, 0.553850817165129, 0.0 ], [ 121.514490822541475, 0.554323099518621, 0.0 ], [ 121.514168054709813, 0.555051185557191, 0.0 ], [ 121.514119159319677, 0.555228277838297, 0.0 ], [ 121.514041065500891, 0.555405398049062, 0.0 ], [ 121.514017747775625, 0.555466052164037, 0.0 ], [ 121.513992182375347, 0.555533276916202, 0.0 ], [ 121.513646372275232, 0.5696437242569, 0.0 ], [ 121.516418722199347, 0.57004564092769, 0.0 ], [ 121.519188598290242, 0.570255260039624, 0.0 ], [ 121.521270271338224, 0.570757614606458, 0.0 ], [ 121.523449965539982, 0.571122281413432, 0.0 ], [ 121.524945519766561, 0.571250595248011, 0.0 ], [ 121.526665730196669, 0.571182147492459, 0.0 ], [ 121.527125290634288, 0.571329871830288, 0.0 ], [ 121.532061100841773, 0.573112202645846, 0.0 ], [ 121.53538421910082, 0.573919947617733, 0.0 ], [ 121.537860137042784, 0.574249997220315, 0.0 ], [ 121.538779899887871, 0.574249986706414, 0.0 ], [ 121.53974988326469, 0.574389999694462, 0.0 ], [ 121.5404660552433, 0.574559090226438, 0.0 ], [ 121.540469984699797, 0.574560013773366, 0.0 ], [ 121.541190083868713, 0.57473999078959, 0.0 ], [ 121.541770092478657, 0.574890007711497, 0.0 ], [ 121.542259995564933, 0.574970013704616, 0.0 ], [ 121.542820103609316, 0.574990012863567, 0.0 ], [ 121.543390043415599, 0.574990017983916, 0.0 ], [ 121.544159883527072, 0.57499000371604, 0.0 ], [ 121.544570092221647, 0.574910016916101, 0.0 ], [ 121.544919955575224, 0.574759991382771, 0.0 ], [ 121.545379911806194, 0.574469982919483, 0.0 ], [ 121.546090051965308, 0.574069986718344, 0.0 ], [ 121.54648005382235, 0.573959999550881, 0.0 ], [ 121.546850114273255, 0.57388000204253, 0.0 ], [ 121.547320137585871, 0.573750003326738, 0.0 ], [ 121.547710134554109, 0.57366001251478, 0.0 ], [ 121.548184073237962, 0.573591064205318, 0.0 ], [ 121.548170027991219, 0.573619995571954, 0.0 ], [ 121.547939960206833, 0.574119992107684, 0.0 ], [ 121.547669968922747, 0.574840011099135, 0.0 ], [ 121.547389862468094, 0.575589986811069, 0.0 ], [ 121.547160029338329, 0.576269987298099, 0.0 ], [ 121.547059975165297, 0.576679996899658, 0.0 ], [ 121.546909961014762, 0.577030003962102, 0.0 ], [ 121.546690027634469, 0.577419986075371, 0.0 ], [ 121.546479913112762, 0.577840000781231, 0.0 ], [ 121.546379878966917, 0.57816998866838, 0.0 ], [ 121.546339922119571, 0.578519988565, 0.0 ], [ 121.546320128924222, 0.579069994430208, 0.0 ], [ 121.546320090701471, 0.579220003835816, 0.0 ], [ 121.54630004973329, 0.57963999675537, 0.0 ], [ 121.546279995916905, 0.5801100163539, 0.0 ], [ 121.546379991966035, 0.581029989286401, 0.0 ], [ 121.546400053179084, 0.581629996832271, 0.0 ], [ 121.546359985637622, 0.582409993012982, 0.0 ], [ 121.546280098731373, 0.583000011639827, 0.0 ], [ 121.546279919073299, 0.583699996626778, 0.0 ], [ 121.546280032812192, 0.58434999032813, 0.0 ], [ 121.546320081101499, 0.584740004037813, 0.0 ], [ 121.546419931095642, 0.58512999803189, 0.0 ], [ 121.546420101125321, 0.585559994458444, 0.0 ], [ 121.54641994390272, 0.58616999503525, 0.0 ], [ 121.546439972798595, 0.586890017220413, 0.0 ], [ 121.546460040253493, 0.58745999467658, 0.0 ], [ 121.546459929086339, 0.587889991033856, 0.0 ], [ 121.546460093421643, 0.588339984008117, 0.0 ], [ 121.546509957298923, 0.588769993481657, 0.0 ], [ 121.546569918084771, 0.589239998717987, 0.0 ], [ 121.546609981162788, 0.589569987591192, 0.0 ], [ 121.546730063305063, 0.58988999924268, 0.0 ], [ 121.546920026046777, 0.59032001032933, 0.0 ], [ 121.547070118265424, 0.590760009260664, 0.0 ], [ 121.547210110875739, 0.591170010757773, 0.0 ], [ 121.547410079392506, 0.591989992789203, 0.0 ], [ 121.547450095275991, 0.592499986128496, 0.0 ], [ 121.547419921057411, 0.593009996270703, 0.0 ], [ 121.547369875382159, 0.593279971845754, 0.0 ], [ 121.547329965718319, 0.593440004378047, 0.0 ], [ 121.547020073353309, 0.594259992959083, 0.0 ], [ 121.546879869544824, 0.594660028119813, 0.0 ], [ 121.546729883564311, 0.594889983990514, 0.0 ], [ 121.546529945834919, 0.595029977448229, 0.0 ], [ 121.546360072966792, 0.595080029733212, 0.0 ], [ 121.545929912120997, 0.595220032686443, 0.0 ], [ 121.545290013267987, 0.595399972910764, 0.0 ], [ 121.544310106623612, 0.59560999399058, 0.0 ], [ 121.543730030887019, 0.595710034280765, 0.0 ], [ 121.54337990789891, 0.595770001319921, 0.0 ], [ 121.543180007071641, 0.595770018767654, 0.0 ], [ 121.542969998937821, 0.595769962857888, 0.0 ], [ 121.542679995366626, 0.595689970252282, 0.0 ], [ 121.542270118049913, 0.595570023374785, 0.0 ], [ 121.541420054836138, 0.595280024348747, 0.0 ], [ 121.541030122221315, 0.595120019179278, 0.0 ], [ 121.540699967755955, 0.595049978848232, 0.0 ], [ 121.54042007185393, 0.594969988988873, 0.0 ], [ 121.540249931789049, 0.594970014327893, 0.0 ], [ 121.540199956662264, 0.594970001014987, 0.0 ], [ 121.539959902338381, 0.594990004206446, 0.0 ], [ 121.539339936295519, 0.595179982203335, 0.0 ], [ 121.538630074814549, 0.595569971444058, 0.0 ], [ 121.538019885430629, 0.59595002407538, 0.0 ], [ 121.537539944452831, 0.596419989376544, 0.0 ], [ 121.537220057077576, 0.59681001144825, 0.0 ], [ 121.536870112575571, 0.597260014710636, 0.0 ], [ 121.53654010185744, 0.59771002315661, 0.0 ], [ 121.536219904363861, 0.598209989887381, 0.0 ], [ 121.535860119740789, 0.598710016470009, 0.0 ], [ 121.535530092782409, 0.599220013770045, 0.0 ], [ 121.535220020832512, 0.599650030498404, 0.0 ], [ 121.534950113274164, 0.600019997935357, 0.0 ], [ 121.534620123268184, 0.600390019714618, 0.0 ], [ 121.534089877618925, 0.601040008008029, 0.0 ], [ 121.533759898146116, 0.60136996592182, 0.0 ], [ 121.533489995621693, 0.601720007064203, 0.0 ], [ 121.532860101688499, 0.60228998189598, 0.0 ], [ 121.53262324693651, 0.605038188979394, 0.0 ], [ 121.530609064571081, 0.606155884155805, 0.0 ], [ 121.52971651241765, 0.607273601191353, 0.0 ], [ 121.528152484612775, 0.609061894750277, 0.0 ], [ 121.527931115907364, 0.612638571111761, 0.0 ], [ 121.53083810402569, 0.614650461492809, 0.0 ], [ 121.5308380273583, 0.618003639294011, 0.0 ], [ 121.529716374224904, 0.621133221624186, 0.0 ], [ 121.527259827691424, 0.621803859882534, 0.0 ], [ 121.525466872325552, 0.62292159734743, 0.0 ], [ 121.523895214383998, 0.624832394647727, 0.0 ], [ 121.52502452218539, 0.626498205068175, 0.0 ], [ 121.527038437357447, 0.627392394102459, 0.0 ], [ 121.528373819490668, 0.630074901774095, 0.0 ], [ 121.528373592073038, 0.633875132499044, 0.0 ], [ 121.528373638983069, 0.63767536324975, 0.0 ], [ 121.528602690438106, 0.640804968893542, 0.0 ], [ 121.528152401582304, 0.642593348567581, 0.0 ], [ 121.527259697295108, 0.64415810571881, 0.0 ], [ 121.527038698593628, 0.645275859531695, 0.0 ], [ 121.525695846367242, 0.646169933811551, 0.0 ], [ 121.524574339292826, 0.645722903195116, 0.0 ], [ 121.523010355680697, 0.645275814116113, 0.0 ], [ 121.520996099806169, 0.644605242456224, 0.0 ], [ 121.519661089546759, 0.644605205197494, 0.0 ], [ 121.517753502590267, 0.644985353149545, 0.0 ], [ 121.516860883269771, 0.647220717249945, 0.0 ], [ 121.515296881524236, 0.648785546843138, 0.0 ], [ 121.514404388460164, 0.650573852452867, 0.0 ], [ 121.512390214680934, 0.653479915978332, 0.0 ], [ 121.510826225011328, 0.655938843051844, 0.0 ], [ 121.510604820240999, 0.658397887454258, 0.0 ], [ 121.50939916450352, 0.659604150857555, 0.0 ], [ 121.509040809710569, 0.659962631921589, 0.0 ], [ 121.50747679819446, 0.661527444304015, 0.0 ], [ 121.506576498769306, 0.663092243601441, 0.0 ], [ 121.506134048007155, 0.664880601054145, 0.0 ], [ 121.506355185169866, 0.668010176168047, 0.0 ], [ 121.506355147936006, 0.670916263687297, 0.0 ], [ 121.506355387665309, 0.673822280602047, 0.0 ], [ 121.505905141749565, 0.676281246880465, 0.0 ], [ 121.504791240194564, 0.677622481517064, 0.0 ], [ 121.5025557743908, 0.678740227747036, 0.0 ], [ 121.500320447218556, 0.679410848934418, 0.0 ], [ 121.500320391392279, 0.682316928271236, 0.0 ], [ 121.501213000498552, 0.683881711111249, 0.0 ], [ 121.50322731528037, 0.686117107712052, 0.0 ], [ 121.505683895186266, 0.687234840043631, 0.0 ], [ 121.50613417132513, 0.690140927553111, 0.0 ], [ 121.507247949833484, 0.691929206933865, 0.0 ], [ 121.507247881487004, 0.693941119738577, 0.0 ], [ 121.507919179689182, 0.69662364868102, 0.0 ], [ 121.509040816132284, 0.69930611120708, 0.0 ], [ 121.509146643489387, 0.69936797075603, 0.0 ], [ 121.511699892667423, 0.702899992466159, 0.0 ], [ 121.511540091869762, 0.703050018841837, 0.0 ], [ 121.5113700949383, 0.703479989001936, 0.0 ], [ 121.511380046985209, 0.703970005586223, 0.0 ], [ 121.51138010561175, 0.704670014635171, 0.0 ], [ 121.511390101888793, 0.705019987038051, 0.0 ], [ 121.511340011946288, 0.705379973531465, 0.0 ], [ 121.511200125909667, 0.705589994759785, 0.0 ], [ 121.510870087915407, 0.706039979908483, 0.0 ], [ 121.51074003165364, 0.706239970769511, 0.0 ], [ 121.510579924322684, 0.706469981553441, 0.0 ], [ 121.510500066966756, 0.706850025127652, 0.0 ], [ 121.510449992609395, 0.707159985567544, 0.0 ], [ 121.510399905423881, 0.707510009068572, 0.0 ], [ 121.510400048975185, 0.707940033642211, 0.0 ], [ 121.510499907563968, 0.70822997568503, 0.0 ], [ 121.510580115975074, 0.708510019272639, 0.0 ], [ 121.510738930391085, 0.708812769546733, 0.0 ], [ 121.510699867059685, 0.708929978520105, 0.0 ], [ 121.510670080735338, 0.709010024386573, 0.0 ], [ 121.510689925329487, 0.709289977805598, 0.0 ], [ 121.510829919919715, 0.709619996036474, 0.0 ], [ 121.511200024001852, 0.710310020837505, 0.0 ], [ 121.511530043148611, 0.710799999958604, 0.0 ], [ 121.511650129195147, 0.711050027032849, 0.0 ], [ 121.511740051939952, 0.711679972576932, 0.0 ], [ 121.511840097994948, 0.712259966229682, 0.0 ], [ 121.511960084456433, 0.712819970194127, 0.0 ], [ 121.512179999643735, 0.713450028870292, 0.0 ], [ 121.512350009813318, 0.713859971571766, 0.0 ], [ 121.512489991226971, 0.714229982743157, 0.0 ], [ 121.512500076150815, 0.714300008162576, 0.0 ], [ 121.512560078870933, 0.714550015924624, 0.0 ], [ 121.512659891902288, 0.714980002761516, 0.0 ], [ 121.512750071993324, 0.715679970951947, 0.0 ], [ 121.512930105532604, 0.716350009534254, 0.0 ], [ 121.512930086190465, 0.716409998228622, 0.0 ], [ 121.512990024230248, 0.716859968409027, 0.0 ], [ 121.513260085426765, 0.717829980152844, 0.0 ], [ 121.513359920597296, 0.718190015760749, 0.0 ], [ 121.513511695356812, 0.71855459053201, 0.0 ], [ 121.513469863207689, 0.718549984052012, 0.0 ], [ 121.513159910939748, 0.718519994132131, 0.0 ], [ 121.512749984603857, 0.718559993575178, 0.0 ], [ 121.512509913208191, 0.718619974226735, 0.0 ], [ 121.512320085353423, 0.718720034442315, 0.0 ], [ 121.512259956874701, 0.718859988314095, 0.0 ], [ 121.512219994690923, 0.719150026482333, 0.0 ], [ 121.512219978513286, 0.719199981715172, 0.0 ], [ 121.512219874853628, 0.719519991968491, 0.0 ], [ 121.512220061644285, 0.719809972647782, 0.0 ], [ 121.512120025852113, 0.720070032041357, 0.0 ], [ 121.511870059587096, 0.720340004900892, 0.0 ], [ 121.511440121234443, 0.720620022574829, 0.0 ], [ 121.511130078233563, 0.720869979256315, 0.0 ], [ 121.510900010258496, 0.721249972909925, 0.0 ], [ 121.510810094728981, 0.721469972300008, 0.0 ], [ 121.510699957746695, 0.721710031874716, 0.0 ], [ 121.510310041302574, 0.722380023627637, 0.0 ], [ 121.510060051910372, 0.722720017942828, 0.0 ], [ 121.509730058204056, 0.723019993318212, 0.0 ], [ 121.509320047155299, 0.723320012774957, 0.0 ], [ 121.508979981865153, 0.723509970158824, 0.0 ], [ 121.508580117437802, 0.723690015552174, 0.0 ], [ 121.5082499245962, 0.72374000269602, 0.0 ], [ 121.508019996619993, 0.723689971411838, 0.0 ], [ 121.50786000132635, 0.723570011962531, 0.0 ], [ 121.507609907540314, 0.723369967295122, 0.0 ], [ 121.507299939531009, 0.723390002149253, 0.0 ], [ 121.507030107493762, 0.723449971971783, 0.0 ], [ 121.506699888712731, 0.723580014356466, 0.0 ], [ 121.506579944417879, 0.723760010836942, 0.0 ], [ 121.506440046366336, 0.723999989198214, 0.0 ], [ 121.506419978024681, 0.724410010084257, 0.0 ], [ 121.506519870395323, 0.724590008800989, 0.0 ], [ 121.507030132273769, 0.725090011947964, 0.0 ], [ 121.507300120733262, 0.725409969826822, 0.0 ], [ 121.507360128475597, 0.7256399811767, 0.0 ], [ 121.507320132331955, 0.726029999416448, 0.0 ], [ 121.507120137675741, 0.726310020767089, 0.0 ], [ 121.506889869900675, 0.726440025323897, 0.0 ], [ 121.506479924130716, 0.726540011112257, 0.0 ], [ 121.506394580721405, 0.726514687196138, 0.0 ], [ 121.506715497616938, 0.7290582651627, 0.0 ], [ 121.506953791547843, 0.730982923848104, 0.0 ], [ 121.508387169631447, 0.732426874031704, 0.0 ], [ 121.512209171097609, 0.738442636104901, 0.0 ], [ 121.513640783825082, 0.74517937741974, 0.0 ], [ 121.514833531786451, 0.751675454160087, 0.0 ], [ 121.514831491453407, 0.757689943207333, 0.0 ], [ 121.511723310602392, 0.76129758627002, 0.0 ], [ 121.508376690203278, 0.763461592293106, 0.0 ], [ 121.50502956891053, 0.767069127702351, 0.0 ], [ 121.503832958433946, 0.771880288101671, 0.0 ], [ 121.505743451461555, 0.776211370163375, 0.0 ], [ 121.507892618769489, 0.781264314432954, 0.0 ], [ 121.508368096221034, 0.788000655421621, 0.0 ], [ 121.506693226507537, 0.793773998422624, 0.0 ], [ 121.50454027967713, 0.799306496068057, 0.0 ], [ 121.502865373509053, 0.805079747730745, 0.0 ], [ 121.498561259005669, 0.811092597848288, 0.0 ], [ 121.495454118765821, 0.811572613519944, 0.0 ], [ 121.490195588221127, 0.813254686901325, 0.0 ], [ 121.488282329081386, 0.817343748185921, 0.0 ], [ 121.483978629435484, 0.822153651164585, 0.0 ], [ 121.482063878354865, 0.829370251771637, 0.0 ], [ 121.482143405614039, 0.832862223617718, 0.0 ], [ 121.482347763649955, 0.835896104037319, 0.0 ], [ 121.483236774852031, 0.839274988051501, 0.0 ], [ 121.483322593496581, 0.839524087718084, 0.0 ], [ 121.483404297538243, 0.839511181479872, 0.0 ], [ 121.483521107712392, 0.839492722838146, 0.0 ], [ 121.483925437839645, 0.839425544484067, 0.0 ], [ 121.484154262428788, 0.83942662299024, 0.0 ], [ 121.484680712794585, 0.839394467448189, 0.0 ], [ 121.485115593541636, 0.839465435513568, 0.0 ], [ 121.485527438332355, 0.839570592631782, 0.0 ], [ 121.48583260515457, 0.839640803518131, 0.0 ], [ 121.486084399794095, 0.839779813662682, 0.0 ], [ 121.48629047822611, 0.839791976387198, 0.0 ], [ 121.486725359603071, 0.839862308491072, 0.0 ], [ 121.487480623002966, 0.839864015960794, 0.0 ], [ 121.48803767411701, 0.839841622638397, 0.0 ], [ 121.488213153713019, 0.839841761631925, 0.0 ], [ 121.48838078071276, 0.839818792645035, 0.0 ], [ 121.488678398659232, 0.839807320723133, 0.0 ], [ 121.488953020276412, 0.83972666637611, 0.0 ], [ 121.489662551345333, 0.839644909335683, 0.0 ], [ 121.490440884489942, 0.839527214289796, 0.0 ], [ 121.49094430657226, 0.839512854522022, 0.0 ], [ 121.491592895368981, 0.839473397051486, 0.0 ], [ 121.492393938318997, 0.839441841592441, 0.0 ], [ 121.493469592818684, 0.839357823357049, 0.0 ], [ 121.494186921479695, 0.83944656458244, 0.0 ], [ 121.494736216406395, 0.839887044008529, 0.0 ], [ 121.495087076403806, 0.840149460498311, 0.0 ], [ 121.495415198750521, 0.840400068426854, 0.0 ], [ 121.495873029046152, 0.84066938028056, 0.0 ], [ 121.496300255399831, 0.840939457557192, 0.0 ], [ 121.496979190659303, 0.841577122233454, 0.0 ], [ 121.497330050415485, 0.841841376158507, 0.0 ], [ 121.497772699809602, 0.842162686384222, 0.0 ], [ 121.49852049264365, 0.842621190758956, 0.0 ], [ 121.499298658549066, 0.84294997975765, 0.0 ], [ 121.499573224369186, 0.843018906772856, 0.0 ], [ 121.49987080418623, 0.843111654326138, 0.0 ], [ 121.50023688265307, 0.843228169409764, 0.0 ], [ 121.500450575613542, 0.843156181509323, 0.0 ], [ 121.50056513005805, 0.843154671460881, 0.0 ], [ 121.50093133880894, 0.842930970031412, 0.0 ], [ 121.501099007437077, 0.842801943486408, 0.0 ], [ 121.501389096475464, 0.842659892664459, 0.0 ], [ 121.501617955477968, 0.842576251964049, 0.0 ], [ 121.501800974006656, 0.842689092465969, 0.0 ], [ 121.501541663982451, 0.843107285403492, 0.0 ], [ 121.501327953291621, 0.843225412846608, 0.0 ], [ 121.501213626703333, 0.843365129366384, 0.0 ], [ 121.501183162308848, 0.843734374430953, 0.0 ], [ 121.50115249212611, 0.843907615088506, 0.0 ], [ 121.501388928504753, 0.845298956041178, 0.0 ], [ 121.501785638182312, 0.84607733370448, 0.0 ], [ 121.502151991413257, 0.846210807156149, 0.0 ], [ 121.502693625493436, 0.84613456604246, 0.0 ], [ 121.503158898750328, 0.846036249950126, 0.0 ], [ 121.503624488201766, 0.845845654890036, 0.0 ], [ 121.504143353569773, 0.84583893181283, 0.0 ], [ 121.505287514819685, 0.845777691390319, 0.0 ], [ 121.506531346133897, 0.845726734558498, 0.0 ], [ 121.50781299314518, 0.846643310022203, 0.0 ], [ 121.509247389941365, 0.847534932425313, 0.0 ], [ 121.510727471418832, 0.847907237181582, 0.0 ], [ 121.510872319096336, 0.847986076903, 0.0 ], [ 121.511993930229281, 0.848167112961499, 0.0 ], [ 121.513504605633329, 0.847836169854803, 0.0 ], [ 121.515480618555699, 0.848720512795546, 0.0 ], [ 121.515945954527496, 0.849201450459817, 0.0 ], [ 121.51658670143928, 0.849869912140137, 0.0 ], [ 121.517578726258904, 0.849718521817814, 0.0 ], [ 121.51826521719714, 0.849709530741131, 0.0 ], [ 121.519218921380144, 0.849915938284455, 0.0 ], [ 121.521111024639282, 0.850709312839308, 0.0 ], [ 121.521927401161491, 0.850998196315204, 0.0 ], [ 121.523346328222672, 0.851256010526251, 0.0 ], [ 121.524528857420165, 0.851482502446936, 0.0 ], [ 121.52529187521489, 0.851806694581229, 0.0 ], [ 121.525864028000129, 0.851971973083758, 0.0 ], [ 121.526649811045516, 0.852238234140339, 0.0 ], [ 121.527509536732509, 0.85222688181628, 0.0 ], [ 121.528053684935372, 0.8522196967147, 0.0 ], [ 121.529282149567422, 0.852007698876038, 0.0 ], [ 121.529838930860848, 0.851988764338012, 0.0 ], [ 121.530220504180107, 0.85198382348353, 0.0 ], [ 121.530785125547723, 0.852022478561957, 0.0 ], [ 121.531220002721284, 0.852131954367978, 0.0 ], [ 121.532173748441195, 0.852246222080781, 0.0 ], [ 121.532707713514412, 0.852423497502856, 0.0 ], [ 121.532921283262255, 0.852685864389117, 0.0 ], [ 121.533165374717584, 0.853166578325863, 0.0 ], [ 121.53344021605713, 0.854004201160245, 0.0 ], [ 121.53355465579321, 0.854310621176361, 0.0 ], [ 121.53369181839787, 0.8546693373835, 0.0 ], [ 121.533951229907927, 0.855472614495527, 0.0 ], [ 121.534241074491277, 0.855987403990115, 0.0 ], [ 121.534698941923239, 0.85692628125618, 0.0 ], [ 121.534927805475178, 0.857580174593701, 0.0 ], [ 121.535286277899544, 0.858520497889019, 0.0 ], [ 121.535515185156953, 0.859059076466133, 0.0 ], [ 121.535919779340716, 0.859802845329698, 0.0 ], [ 121.536041833267859, 0.860757704302388, 0.0 ], [ 121.535995846816064, 0.861334615308999, 0.0 ], [ 121.535934974696971, 0.861923108565081, 0.0 ], [ 121.535835644799249, 0.862489117407188, 0.0 ], [ 121.535439063444386, 0.863554568280848, 0.0 ], [ 121.535103191040804, 0.864457880522921, 0.0 ], [ 121.534996569034647, 0.865000851432578, 0.0 ], [ 121.534698887756889, 0.866618255091582, 0.0 ], [ 121.534897426643283, 0.867998509252503, 0.0 ], [ 121.53529391707373, 0.869364709205138, 0.0 ], [ 121.535652728888479, 0.870143579359821, 0.0 ], [ 121.536415588594451, 0.871620151083201, 0.0 ], [ 121.536949748094372, 0.872754080264863, 0.0 ], [ 121.536941957734115, 0.873295747469464, 0.0 ], [ 121.536301004888827, 0.873868892139144, 0.0 ], [ 121.536087626945857, 0.874563101392249, 0.0 ], [ 121.537407325417789, 0.875882536504173, 0.0 ], [ 121.538216121358403, 0.876194600921147, 0.0 ], [ 121.539352946862891, 0.876294888276101, 0.0 ], [ 121.540329412924152, 0.87648951275459, 0.0 ], [ 121.540833080076766, 0.876609547855027, 0.0 ], [ 121.541862952800216, 0.876653618949534, 0.0 ], [ 121.542877646108792, 0.876744106797149, 0.0 ], [ 121.54324375020623, 0.876819925991982, 0.0 ], [ 121.544067728730042, 0.877085573267892, 0.0 ], [ 121.544937635039517, 0.877661996984295, 0.0 ], [ 121.545776932545493, 0.878250067699264, 0.0 ], [ 121.546608564531269, 0.87833143932781, 0.0 ], [ 121.547684229705169, 0.878317233863628, 0.0 ], [ 121.548073398716241, 0.878289051776741, 0.0 ], [ 121.548744764397597, 0.87822261203823, 0.0 ], [ 121.550270453575436, 0.878375337358265, 0.0 ], [ 121.550377408370679, 0.878431623856572, 0.0 ], [ 121.551186084895363, 0.878340294559558, 0.0 ], [ 121.552139639597755, 0.87825863118252, 0.0 ], [ 121.553757283645979, 0.878052865827898, 0.0 ], [ 121.554794730567863, 0.878131489620708, 0.0 ], [ 121.555306026867115, 0.878136210787277, 0.0 ], [ 121.556061312461708, 0.87816088206261, 0.0 ], [ 121.557404061670425, 0.87799344653157, 0.0 ], [ 121.558075500585375, 0.877742512947081, 0.0 ], [ 121.558800086479238, 0.877283507558894, 0.0 ], [ 121.559143547263858, 0.877106144101285, 0.0 ], [ 121.559982696030517, 0.876634110429579, 0.0 ], [ 121.560997438241827, 0.875883321568276, 0.0 ], [ 121.561722168877694, 0.875044024700359, 0.0 ], [ 121.562325018361804, 0.874263892904929, 0.0 ], [ 121.562675823116564, 0.873971214757078, 0.0 ], [ 121.562836227793923, 0.873761700178592, 0.0 ], [ 121.563469414852079, 0.873684218396713, 0.0 ], [ 121.564240070958476, 0.873904549083741, 0.0 ], [ 121.565247101357286, 0.874236966269608, 0.0 ], [ 121.565510449331114, 0.874298682808687, 0.0 ], [ 121.56617780352542, 0.87445523870298, 0.0 ], [ 121.566978872615593, 0.874444665053113, 0.0 ], [ 121.567551201206427, 0.874183585220516, 0.0 ], [ 121.568359763009084, 0.873665959532248, 0.0 ], [ 121.569801911720745, 0.872759593719445, 0.0 ], [ 121.570290071144996, 0.872326777115022, 0.0 ], [ 121.570495934376879, 0.872190765002871, 0.0 ], [ 121.570679074320722, 0.872001961265072, 0.0 ], [ 121.570892805644831, 0.87184934702063, 0.0 ], [ 121.571693868558782, 0.871112741200557, 0.0 ], [ 121.572685771764043, 0.870615673825918, 0.0 ], [ 121.573646935581905, 0.870476274651581, 0.0 ], [ 121.573990344823216, 0.870437189130628, 0.0 ], [ 121.574295554794119, 0.870433136366992, 0.0 ], [ 121.575073739663367, 0.870803266792856, 0.0 ], [ 121.575569712875208, 0.871246140370489, 0.0 ], [ 121.576340252337758, 0.87178910250814, 0.0 ], [ 121.576866554690469, 0.872220187694177, 0.0 ], [ 121.577057426161815, 0.872378892142515, 0.0 ], [ 121.577255680199713, 0.872318694593525, 0.0 ], [ 121.577606753478875, 0.872060565694114, 0.0 ], [ 121.577820243325121, 0.871804221530618, 0.0 ], [ 121.578537487211889, 0.87146059155299, 0.0 ], [ 121.579307941667849, 0.871485049933022, 0.0 ], [ 121.580421957967502, 0.871816091588622, 0.0 ], [ 121.580994145919462, 0.871935300436392, 0.0 ], [ 121.581383328275848, 0.871884078147937, 0.0 ], [ 121.582054451296116, 0.871736935500004, 0.0 ], [ 121.582527570662734, 0.871730755404991, 0.0 ], [ 121.583145608685442, 0.871630440059982, 0.0 ], [ 121.583359301889374, 0.871581482787258, 0.0 ], [ 121.5836947989945, 0.871680816799207, 0.0 ], [ 121.584480595033398, 0.871981632362244, 0.0 ], [ 121.585396351111314, 0.872395977584377, 0.0 ], [ 121.58602942321059, 0.872641125791533, 0.0 ], [ 121.586670279969624, 0.873093735716361, 0.0 ], [ 121.587128186521142, 0.873225973172191, 0.0 ], [ 121.587677399525461, 0.873218761602361, 0.0 ], [ 121.588371855332099, 0.873002096808344, 0.0 ], [ 121.588837230194216, 0.872684866140121, 0.0 ], [ 121.58921858193915, 0.872553157818893, 0.0 ], [ 121.590027239784106, 0.872542439991201, 0.0 ], [ 121.591225186795469, 0.872953075845943, 0.0 ], [ 121.592491615973088, 0.873443513277942, 0.0 ], [ 121.593292711109541, 0.873386792176882, 0.0 ], [ 121.593979314852987, 0.873147370206277, 0.0 ], [ 121.594536221941794, 0.872840347660224, 0.0 ], [ 121.594971208580063, 0.872696434346425, 0.0 ], [ 121.595665410855545, 0.872410661183424, 0.0 ], [ 121.596184092855111, 0.872207848056598, 0.0 ], [ 121.596931822668466, 0.87219809495072, 0.0 ], [ 121.597320973407221, 0.872239012182456, 0.0 ], [ 121.59768706996438, 0.872360968529877, 0.0 ], [ 121.598427350598769, 0.872754614276276, 0.0 ], [ 121.598968899690206, 0.872977963921011, 0.0 ], [ 121.599945491834603, 0.872907528048232, 0.0 ], [ 121.600609268207762, 0.872898802859483, 0.0 ], [ 121.601090002524828, 0.872811787526588, 0.0 ], [ 121.601852909253807, 0.872767132857115, 0.0 ], [ 121.602081749408995, 0.872764109414463, 0.0 ], [ 121.602783657894378, 0.872904704383552, 0.0 ], [ 121.603569402474889, 0.873366837518689, 0.0 ], [ 121.604187382099241, 0.874200018927533, 0.0 ], [ 121.604309600387182, 0.874751572766934, 0.0 ], [ 121.60459184101947, 0.875370173118144, 0.0 ], [ 121.604835967193139, 0.875793311295796, 0.0 ], [ 121.605095425732159, 0.876515916164715, 0.0 ], [ 121.605286215281026, 0.87690525860105, 0.0 ], [ 121.605629531513529, 0.877131148967729, 0.0 ], [ 121.606087289101993, 0.877678377516426, 0.0 ], [ 121.606911235056572, 0.878105337379979, 0.0 ], [ 121.607330661781305, 0.878284266941458, 0.0 ], [ 121.607613090400633, 0.878395734565211, 0.0 ], [ 121.607979256615664, 0.879093931726453, 0.0 ], [ 121.608475039543805, 0.880078496089291, 0.0 ], [ 121.608849089125073, 0.880718966598985, 0.0 ], [ 121.609032093844263, 0.880900846143122, 0.0 ], [ 121.609878937541751, 0.881673418751676, 0.0 ], [ 121.610298538981922, 0.882140434004279, 0.0 ], [ 121.610924246949054, 0.882581594263891, 0.0 ], [ 121.611511538572387, 0.882885021750228, 0.0 ], [ 121.612274697398476, 0.88293258086634, 0.0 ], [ 121.612709356448022, 0.8829268086376, 0.0 ], [ 121.613480186550703, 0.882732426663084, 0.0 ], [ 121.613693585157492, 0.882729538989162, 0.0 ], [ 121.613899725938822, 0.882611612213795, 0.0 ], [ 121.614227724314475, 0.882503553013629, 0.0 ], [ 121.615097353714788, 0.882411383569108, 0.0 ], [ 121.615868158785588, 0.882286107390166, 0.0 ], [ 121.616585099651729, 0.882034609836539, 0.0 ], [ 121.61713464417673, 0.881912147507195, 0.0 ], [ 121.618576541756283, 0.881754899844304, 0.0 ], [ 121.619446159695457, 0.881697352973924, 0.0 ], [ 121.620254863868496, 0.881594418546543, 0.0 ], [ 121.621826696065526, 0.881631465849901, 0.0 ], [ 121.622757395752799, 0.881930286392433, 0.0 ], [ 121.623527982766021, 0.882404146372133, 0.0 ], [ 121.624878267925709, 0.883227643432009, 0.0 ], [ 121.625191267135989, 0.883442570949926, 0.0 ], [ 121.625954069406049, 0.883709107602408, 0.0 ], [ 121.627014713187918, 0.884179189741667, 0.0 ], [ 121.627197745497398, 0.884291963059817, 0.0 ], [ 121.627395948865882, 0.884381635704061, 0.0 ], [ 121.628090333964366, 0.885156062427521, 0.0 ], [ 121.628418318486581, 0.885854745044527, 0.0 ], [ 121.628418522999425, 0.886062136888492, 0.0 ], [ 121.62849470698788, 0.886579690785831, 0.0 ], [ 121.628509822949951, 0.886706321997126, 0.0 ], [ 121.628868468570886, 0.887254719119505, 0.0 ], [ 121.629021218166002, 0.887252797580666, 0.0 ], [ 121.629173653087221, 0.887342947998819, 0.0 ], [ 121.629333984044351, 0.887340887957259, 0.0 ], [ 121.629730706192646, 0.887427737731565, 0.0 ], [ 121.629968781588133, 0.887517707731104, 0.0 ], [ 121.630379237508222, 0.887672821820055, 0.0 ], [ 121.630981770677266, 0.887780028200539, 0.0 ], [ 121.63143206841201, 0.888016135306761, 0.0 ], [ 121.631996687063662, 0.888146999252486, 0.0 ], [ 121.632256065026695, 0.888339578273216, 0.0 ], [ 121.632866295493201, 0.888896196556148, 0.0 ], [ 121.634048845505689, 0.890021501124254, 0.0 ], [ 121.634422714357655, 0.890408443420591, 0.0 ], [ 121.635147495967587, 0.890998173841355, 0.0 ], [ 121.635475642388201, 0.891258897190132, 0.0 ], [ 121.636253846424523, 0.89165192609804, 0.0 ], [ 121.636932693363178, 0.891931152098228, 0.0 ], [ 121.637154135225018, 0.892204766329056, 0.0 ], [ 121.637955084014976, 0.892597662137211, 0.0 ], [ 121.638527294743199, 0.892705352352978, 0.0 ], [ 121.639214008051454, 0.892972851193922, 0.0 ], [ 121.63972527892038, 0.89310447326814, 0.0 ], [ 121.640823880818814, 0.893458757584335, 0.0 ], [ 121.641312121849268, 0.893602170669654, 0.0 ], [ 121.642319229422327, 0.893842443435604, 0.0 ], [ 121.642799898161371, 0.89396281858856, 0.0 ], [ 121.643456062399693, 0.894080926550637, 0.0 ], [ 121.644150095289959, 0.89430235672137, 0.0 ], [ 121.644737641257478, 0.89470944742847, 0.0 ], [ 121.645347952662888, 0.895058674856867, 0.0 ], [ 121.646164429146737, 0.895232312356979, 0.0 ], [ 121.646759452977037, 0.895155369961413, 0.0 ], [ 121.648010651837382, 0.895173500293582, 0.0 ], [ 121.648430194557235, 0.895064271337835, 0.0 ], [ 121.64913982888622, 0.89485904874869, 0.0 ], [ 121.649330486955023, 0.894856434419582, 0.0 ], [ 121.649414469243425, 0.894786227046688, 0.0 ], [ 121.650734351125806, 0.894342462886603, 0.0 ], [ 121.651276126997871, 0.893989493379292, 0.0 ], [ 121.65166514313087, 0.893661834391084, 0.0 ], [ 121.651947545536601, 0.893093390023507, 0.0 ], [ 121.652458618554633, 0.892233830618431, 0.0 ], [ 121.652870679814598, 0.891848166258695, 0.0 ], [ 121.653191119045474, 0.8916941699517, 0.0 ], [ 121.653801403471135, 0.891351894282559, 0.0 ], [ 121.654442198295982, 0.891274330455553, 0.0 ], [ 121.654846750216933, 0.891464914779964, 0.0 ], [ 121.65512131503128, 0.891599556777604, 0.0 ], [ 121.655609522786648, 0.891846701263103, 0.0 ], [ 121.656303840762121, 0.89206798844164, 0.0 ], [ 121.656647284650475, 0.891971306826837, 0.0 ], [ 121.657028639459099, 0.891862556310423, 0.0 ], [ 121.658310453039888, 0.891868750840645, 0.0 ], [ 121.658668984854074, 0.891979327880081, 0.0 ], [ 121.659172561123654, 0.892433589826184, 0.0 ], [ 121.659752233526802, 0.892886961443499, 0.0 ], [ 121.660385424583978, 0.893650772730163, 0.0 ], [ 121.66063718439014, 0.893958600768245, 0.0 ], [ 121.661125523446529, 0.894620534157324, 0.0 ], [ 121.661590887523147, 0.895144526835727, 0.0 ], [ 121.66194963427526, 0.895439463092566, 0.0 ], [ 121.66259813898786, 0.895788209383612, 0.0 ], [ 121.663391572143482, 0.896031297027404, 0.0 ], [ 121.664543450778268, 0.896626911712177, 0.0 ], [ 121.664986092584499, 0.897093588798929, 0.0 ], [ 121.665375132099854, 0.897480185755599, 0.0 ], [ 121.665771795167856, 0.898523736555416, 0.0 ], [ 121.665901682450027, 0.898856322928969, 0.0 ], [ 121.66627549194672, 0.899427556993464, 0.0 ], [ 121.666862794197996, 0.899754022581271, 0.0 ], [ 121.667320737069176, 0.899840187524274, 0.0 ], [ 121.667755617726257, 0.90003035905986, 0.0 ], [ 121.668274435705598, 0.900277021508815, 0.0 ], [ 121.668922703896541, 0.900510588929686, 0.0 ], [ 121.669517881510842, 0.900802362270818, 0.0 ], [ 121.669990938388068, 0.901026537172393, 0.0 ], [ 121.670639430510207, 0.901421426777497, 0.0 ], [ 121.670975174403338, 0.901659048342056, 0.0 ], [ 121.671356603855628, 0.902126410712282, 0.0 ], [ 121.671761072139731, 0.902559087130976, 0.0 ], [ 121.672424757408166, 0.902872155518634, 0.0 ], [ 121.67234067259696, 0.903222541273711, 0.0 ], [ 121.672684043640388, 0.903333255010112, 0.0 ], [ 121.673347766680379, 0.903543509306041, 0.0 ], [ 121.673851494036029, 0.903594713105109, 0.0 ], [ 121.674171869415062, 0.903624933023232, 0.0 ], [ 121.674484676999342, 0.903620949925914, 0.0 ], [ 121.674881487556291, 0.903489026578823, 0.0 ], [ 121.675499323589108, 0.90325055335632, 0.0 ], [ 121.676048615095425, 0.90309360097776, 0.0 ], [ 121.676254753194371, 0.902998775563661, 0.0 ], [ 121.677139646501004, 0.902699064806293, 0.0 ], [ 121.677452504447132, 0.902556793859803, 0.0 ], [ 121.678329808375224, 0.90228032787885, 0.0 ], [ 121.678810581435513, 0.902135785245077, 0.0 ], [ 121.679619355226208, 0.901906355604902, 0.0 ], [ 121.679924342306066, 0.901787046148543, 0.0 ], [ 121.68062637106857, 0.901674311635529, 0.0 ], [ 121.680984998210775, 0.901531208816246, 0.0 ], [ 121.68134362984965, 0.901376869867602, 0.0 ], [ 121.681610432615486, 0.901246594078424, 0.0 ], [ 121.682243666840009, 0.901134681545761, 0.0 ], [ 121.68268624839159, 0.901002137666511, 0.0 ], [ 121.683327114262894, 0.900751869835518, 0.0 ], [ 121.684131965211009, 0.900499895091426, 0.0 ], [ 121.682815146419486, 0.897049216250005, 0.0 ], [ 121.68203370932028, 0.896218994528146, 0.0 ], [ 121.681686428024818, 0.895257849505286, 0.0 ], [ 121.68173023220217, 0.894471596536776, 0.0 ], [ 121.682382096782007, 0.893292463947874, 0.0 ], [ 121.682773414279964, 0.892025827325531, 0.0 ] ] ] ] } },
{ "type": "Feature", "properties": { "KEC_NO": "021", "KECAMATAN": "WANGGARASI" }, "geometry": { "type": "MultiPolygon", "coordinates": [ [ [ [ 121.667729818553141, 0.455707154388145, 0.0 ], [ 121.667041264817158, 0.455707154388145, 0.0 ], [ 121.666540498463718, 0.455926239667841, 0.0 ], [ 121.666290115286856, 0.456239218638758, 0.0 ], [ 121.666133625801479, 0.456771282889283, 0.0 ], [ 121.666112780574167, 0.45683381857116, 0.0 ], [ 121.666045359077515, 0.457036362134237, 0.0 ], [ 121.666045204068709, 0.45703654808789, 0.0 ], [ 121.665914540521882, 0.457428538728192, 0.0 ], [ 121.665726753139353, 0.457616326110725, 0.0 ], [ 121.66557026365389, 0.457898007184569, 0.0 ], [ 121.665632859448039, 0.458148390361339, 0.0 ], [ 121.665820646830568, 0.458336177743872, 0.0 ], [ 121.666030058214801, 0.458381701957781, 0.0 ], [ 121.666352711081174, 0.458304879846798, 0.0 ], [ 121.666916073228776, 0.457616326110725, 0.0 ], [ 121.667729818553141, 0.457272049242734, 0.0 ], [ 121.668261882803762, 0.457146857654349, 0.0 ], [ 121.668512265980439, 0.456990368168979, 0.0 ], [ 121.668512265980439, 0.456646091300898, 0.0 ], [ 121.668261882803762, 0.456207920741684, 0.0 ], [ 121.668028744683667, 0.455799929031579, 0.0 ], [ 121.667954884929799, 0.45575716913853, 0.0 ], [ 121.667729818553141, 0.455707154388145, 0.0 ] ] ], [ [ [ 121.707699182824086, 0.485344393616076, 0.0 ], [ 121.707119275697849, 0.484438618052012, 0.0 ], [ 121.706612266716121, 0.48407629649481, 0.0 ], [ 121.705634044467132, 0.484112535575347, 0.0 ], [ 121.704510832621381, 0.484728473139322, 0.0 ], [ 121.70371368886309, 0.484873393488376, 0.0 ], [ 121.70306147354782, 0.484764692434707, 0.0 ], [ 121.701757349585932, 0.484402394259957, 0.0 ], [ 121.700851391459466, 0.483895171239483, 0.0 ], [ 121.700090510163889, 0.483822700273099, 0.0 ], [ 121.699112536127913, 0.484040085293306, 0.0 ], [ 121.697699336994475, 0.484402387964637, 0.0 ], [ 121.696648685148062, 0.484402396058607, 0.0 ], [ 121.695597985637363, 0.484655981488417, 0.0 ], [ 121.69436622921998, 0.484692240354016, 0.0 ], [ 121.693424196588964, 0.484909594797349, 0.0 ], [ 121.692300975749873, 0.485597992535895, 0.0 ], [ 121.691178062479054, 0.486141459133397, 0.0 ], [ 121.690199817747072, 0.486322591583325, 0.0 ], [ 121.689294025995082, 0.486431307026196, 0.0 ], [ 121.688496823780881, 0.486902299060014, 0.0 ], [ 121.687119995928256, 0.487952970691578, 0.0 ], [ 121.686250558370048, 0.488822525161785, 0.0 ], [ 121.685055109381537, 0.489873194994698, 0.0 ], [ 121.684149135067202, 0.490923885512044, 0.0 ], [ 121.68277249517277, 0.492445558170677, 0.0 ], [ 121.682156527931298, 0.493641164540497, 0.0 ], [ 121.681250833306038, 0.494691851460542, 0.0 ], [ 121.680308651387421, 0.495670066514923, 0.0 ], [ 121.679801644204346, 0.496756976327654, 0.0 ], [ 121.679258099365697, 0.498025059059807, 0.0 ], [ 121.67922189356014, 0.499365602865813, 0.0 ], [ 121.679366821103798, 0.500524967457165, 0.0 ], [ 121.679620442506604, 0.501503174417576, 0.0 ], [ 121.679837879687483, 0.502300264216542, 0.0 ], [ 121.680417346145859, 0.503930617244501, 0.0 ], [ 121.681178298487794, 0.505017538748502, 0.0 ], [ 121.682047874541723, 0.506285625977236, 0.0 ], [ 121.682192894715541, 0.506973986843499, 0.0 ], [ 121.682373889569135, 0.507481209863973, 0.0 ], [ 121.68288106222758, 0.508387004313908, 0.0 ], [ 121.683207135711001, 0.509292763690298, 0.0 ], [ 121.683787041937862, 0.510126038610474, 0.0 ], [ 121.684149149456317, 0.51056083383199, 0.0 ], [ 121.684909983987069, 0.510850675429468, 0.0 ], [ 121.685888417576606, 0.511140490047283, 0.0 ], [ 121.687047624786558, 0.511647739148051, 0.0 ], [ 121.688279575457642, 0.512046287195238, 0.0 ], [ 121.689583676936351, 0.512481030255989, 0.0 ], [ 121.690525914612863, 0.51266219328288, 0.0 ], [ 121.692373625681356, 0.512952046571539, 0.0 ], [ 121.694148971004196, 0.512879556719463, 0.0 ], [ 121.695453186696795, 0.512770897034569, 0.0 ], [ 121.696757513006077, 0.512118727584658, 0.0 ], [ 121.698641466752406, 0.510923128409439, 0.0 ], [ 121.699873196190225, 0.509655070858299, 0.0 ], [ 121.700984200638672, 0.508346603171032, 0.0 ], [ 121.701542175099263, 0.507967216079157, 0.0 ], [ 121.702184416933292, 0.507408783863665, 0.0 ], [ 121.702268215760014, 0.506766607680146, 0.0 ], [ 121.702686753037824, 0.505845236073314, 0.0 ], [ 121.703217323357421, 0.504895903645357, 0.0 ], [ 121.703468782790068, 0.504058268812039, 0.0 ], [ 121.7038036255626, 0.503248562424234, 0.0 ], [ 121.704641296368919, 0.502634307491804, 0.0 ], [ 121.704892666768615, 0.502243409977181, 0.0 ], [ 121.705255520724293, 0.501768762199299, 0.0 ], [ 121.705841902969183, 0.501130606884574, 0.0 ], [ 121.706093552158677, 0.500745361608983, 0.0 ], [ 121.70633901311335, 0.500418024578079, 0.0 ], [ 121.706713110393167, 0.499880275869939, 0.0 ], [ 121.707043937692774, 0.499496741104836, 0.0 ], [ 121.707554249884382, 0.49874967699302, 0.0 ], [ 121.707988813080831, 0.497698989173693, 0.0 ], [ 121.707662792657374, 0.496467145521988, 0.0 ], [ 121.70730046030846, 0.495706305595371, 0.0 ], [ 121.707119353938907, 0.494293308809306, 0.0 ], [ 121.707155544455986, 0.492989000486536, 0.0 ], [ 121.707662818737845, 0.491974576928671, 0.0 ], [ 121.70817011280478, 0.490851401055829, 0.0 ], [ 121.709039584537166, 0.489836975699313, 0.0 ], [ 121.709764169195495, 0.488858737262569, 0.0 ], [ 121.709619202081711, 0.48784429122171, 0.0 ], [ 121.709148194759322, 0.487155897979834, 0.0 ], [ 121.708133942972054, 0.486177675730852, 0.0 ], [ 121.707699182824086, 0.485344393616076, 0.0 ] ] ], [ [ [ 121.67728115752027, 0.506564262921509, 0.0 ], [ 121.676306914771303, 0.506397298390863, 0.0 ], [ 121.67580599599826, 0.506508630860862, 0.0 ], [ 121.6753179195439, 0.506979994314731, 0.0 ], [ 121.674553860943689, 0.507371310014042, 0.0 ], [ 121.673969520159844, 0.507649566545103, 0.0 ], [ 121.673468533937736, 0.5080948163853, 0.0 ], [ 121.673162339967817, 0.508846183752913, 0.0 ], [ 121.673023315573957, 0.509054893013543, 0.0 ], [ 121.673023445975602, 0.509792367654542, 0.0 ], [ 121.673190374533419, 0.51179598159277, 0.0 ], [ 121.673245977815753, 0.513103930371121, 0.0 ], [ 121.673691063080042, 0.514161388286753, 0.0 ], [ 121.674720772414375, 0.514940593268535, 0.0 ], [ 121.676000964517726, 0.515552804042078, 0.0 ], [ 121.677392423440295, 0.515775436606285, 0.0 ], [ 121.678922962514889, 0.515524973622509, 0.0 ], [ 121.680036046196022, 0.515024062044071, 0.0 ], [ 121.681010010155106, 0.513827442138241, 0.0 ], [ 121.681872608369304, 0.512129936734444, 0.0 ], [ 121.682290142903099, 0.510627191207229, 0.0 ], [ 121.682290088943773, 0.509514068855248, 0.0 ], [ 121.681956133802174, 0.508707061333018, 0.0 ], [ 121.681371724669802, 0.507927878834229, 0.0 ], [ 121.680843114872275, 0.507510433333306, 0.0 ], [ 121.680342246461265, 0.507371300121422, 0.0 ], [ 121.67922908274042, 0.506898228855083, 0.0 ], [ 121.678143647815887, 0.506759082153456, 0.0 ], [ 121.67728115752027, 0.506564262921509, 0.0 ] ] ], [ [ [ 121.629968781638127, 0.887517707806422, 0.0 ], [ 121.626853570609342, 0.878732749805282, 0.0 ], [ 121.62960211543114, 0.887399566447593, 0.0 ], [ 121.629730706192646, 0.887427737731565, 0.0 ], [ 121.629968781638127, 0.887517707806422, 0.0 ] ] ], [ [ [ 121.760879891354207, 0.932542532151297, 0.0 ], [ 121.761414040975552, 0.932384855818506, 0.0 ], [ 121.761642889653686, 0.932409316478404, 0.0 ], [ 121.761831321001182, 0.932381469871073, 0.0 ], [ 121.761850711283373, 0.932378608228328, 0.0 ], [ 121.761850708585527, 0.932378577651453, 0.0 ], [ 121.761331662178335, 0.926230229498452, 0.0 ], [ 121.760601412690434, 0.921811128320397, 0.0 ], [ 121.75938297613159, 0.918619315727857, 0.0 ], [ 121.75913974459624, 0.917146283800489, 0.0 ], [ 121.757677820195227, 0.913217846426333, 0.0 ], [ 121.755239959622003, 0.910516597813098, 0.0 ], [ 121.752557998768239, 0.908060758893052, 0.0 ], [ 121.751583327042681, 0.905605516223611, 0.0 ], [ 121.750610077145296, 0.898976937301503, 0.0 ], [ 121.749882072365295, 0.888666092424488, 0.0 ], [ 121.7503717172374, 0.883019909504794, 0.0 ], [ 121.749887470096169, 0.872463660330273, 0.0 ], [ 121.750027117720123, 0.87134119312318, 0.0 ], [ 121.750376514221102, 0.86853597748731, 0.0 ], [ 121.752573258464409, 0.8623994419293, 0.0 ], [ 121.753062920423659, 0.856507756686157, 0.0 ], [ 121.752670535430454, 0.851615481718974, 0.0 ], [ 121.749005218098318, 0.849999872176381, 0.0 ], [ 121.746129770807912, 0.847586220452827, 0.0 ], [ 121.741816545913053, 0.843724462411126, 0.0 ], [ 121.739841211155962, 0.841734464208459, 0.0 ], [ 121.73942071245672, 0.841310904217111, 0.0 ], [ 121.734148862439298, 0.837448847600557, 0.0 ], [ 121.73271116397521, 0.83575949634949, 0.0 ], [ 121.730314723476539, 0.835276220476126, 0.0 ], [ 121.728637509475703, 0.833586722635564, 0.0 ], [ 121.726241412518135, 0.83117324807838, 0.0 ], [ 121.723845008891672, 0.829724839588168, 0.0 ], [ 121.723845626725819, 0.827794713749634, 0.0 ], [ 121.721689794440323, 0.823933694950644, 0.0 ], [ 121.721929773127826, 0.822486143514327, 0.0 ], [ 121.722889374914217, 0.820315009264431, 0.0 ], [ 121.727923453180367, 0.817662607327145, 0.0 ], [ 121.729602185236757, 0.814526627344252, 0.0 ], [ 121.729842382459665, 0.812355324021689, 0.0 ], [ 121.733438426814487, 0.809943687678798, 0.0 ], [ 121.735836037331097, 0.807531737472482, 0.0 ], [ 121.736795488930511, 0.804878082779607, 0.0 ], [ 121.736796895470206, 0.800293922734267, 0.0 ], [ 121.737277242251835, 0.796916226573545, 0.0 ], [ 121.737038679097097, 0.793779628756423, 0.0 ], [ 121.736319931938056, 0.792573090227959, 0.0 ], [ 121.735601403314263, 0.790642664015832, 0.0 ], [ 121.734883009588771, 0.789194806809971, 0.0 ], [ 121.734644085805968, 0.786299532166827, 0.0 ], [ 121.734644955450335, 0.783404260221614, 0.0 ], [ 121.736563069044593, 0.781474636204775, 0.0 ], [ 121.737522200485529, 0.779786039484902, 0.0 ], [ 121.740878181616395, 0.778098161323308, 0.0 ], [ 121.744233592577217, 0.778340418892957, 0.0 ], [ 121.747349988923702, 0.776893708322683, 0.0 ], [ 121.750226658392648, 0.775205670081851, 0.0 ], [ 121.75118550115117, 0.774482132234348, 0.0 ], [ 121.750946479342247, 0.771828091732311, 0.0 ], [ 121.749749175052401, 0.768932448367136, 0.0 ], [ 121.747352672500625, 0.76772534776242, 0.0 ], [ 121.746154808832543, 0.765794851403205, 0.0 ], [ 121.746394885546252, 0.76386470757817, 0.0 ], [ 121.747593379639014, 0.76362380888411, 0.0 ], [ 121.749751340619952, 0.761452974108438, 0.0 ], [ 121.751189976177557, 0.759040674965243, 0.0 ], [ 121.750950939080241, 0.756386565215398, 0.0 ], [ 121.751471932519479, 0.753004400323513, 0.0 ], [ 121.748342808967749, 0.747958437516809, 0.0 ], [ 121.746313585036106, 0.745763141181869, 0.0 ], [ 121.745862631695658, 0.7447791434869, 0.0 ], [ 121.746163701328783, 0.743568384440189, 0.0 ], [ 121.746991484988627, 0.740541403186538, 0.0 ], [ 121.747292445803652, 0.739709054568065, 0.0 ], [ 121.747218765249016, 0.735092558499888, 0.0 ], [ 121.746467144272629, 0.733881501777515, 0.0 ], [ 121.745415223482695, 0.73214058520004, 0.0 ], [ 121.745453290884896, 0.730551341081335, 0.0 ], [ 121.745453752237182, 0.728886403725441, 0.0 ], [ 121.744176241912101, 0.72653996912904, 0.0 ], [ 121.742823573446429, 0.724874654957146, 0.0 ], [ 121.740493559570979, 0.72290634030792, 0.0 ], [ 121.739216217419198, 0.719954456040943, 0.0 ], [ 121.739443215292582, 0.715413810591352, 0.0 ], [ 121.73974536051476, 0.710191975469181, 0.0 ], [ 121.739678434767953, 0.707437230684986, 0.0 ], [ 121.739678907811339, 0.705681493280367, 0.0 ], [ 121.739679494169309, 0.703501978248448, 0.0 ], [ 121.740221108163496, 0.701504147850267, 0.0 ], [ 121.739379515413972, 0.700716854366172, 0.0 ], [ 121.738838397845527, 0.699808594874467, 0.0 ], [ 121.738597924530836, 0.699203073258241, 0.0 ], [ 121.737876283353444, 0.699263438450819, 0.0 ], [ 121.737275061395806, 0.698415651171062, 0.0 ], [ 121.735410824385809, 0.697688642839926, 0.0 ], [ 121.734629266777574, 0.696053745537765, 0.0 ], [ 121.733306761572749, 0.693934367270658, 0.0 ], [ 121.727957518579132, 0.685362589792353, 0.0 ], [ 121.728287449599861, 0.685334977334699, 0.0 ], [ 121.728518708295965, 0.684683794918088, 0.0 ], [ 121.728426427692185, 0.684311580259082, 0.0 ], [ 121.728010754964387, 0.683660154546688, 0.0 ], [ 121.727363714611982, 0.683008737998873, 0.0 ], [ 121.726855663440972, 0.682357288059813, 0.0 ], [ 121.726790098812756, 0.681827428363162, 0.0 ], [ 121.726666057150396, 0.681577455102759, 0.0 ], [ 121.726795545045377, 0.681403654959682, 0.0 ], [ 121.727011594790767, 0.680925596564945, 0.0 ], [ 121.72752979270885, 0.68036070099489, 0.0 ], [ 121.728523125635078, 0.679622025725139, 0.0 ], [ 121.729948375265749, 0.678622711674341, 0.0 ], [ 121.730380045309815, 0.678231626677776, 0.0 ], [ 121.730725851368092, 0.67762315459448, 0.0 ], [ 121.730898636545987, 0.677232001006382, 0.0 ], [ 121.730985075096001, 0.676319249265526, 0.0 ], [ 121.731244409763775, 0.675667365934744, 0.0 ], [ 121.731460446872433, 0.67523276474593, 0.0 ], [ 121.73193533476703, 0.67492860763159, 0.0 ], [ 121.732194612756246, 0.674494017572362, 0.0 ], [ 121.73236757710221, 0.673407382250994, 0.0 ], [ 121.732799650263189, 0.672538178922303, 0.0 ], [ 121.733058894117846, 0.672234035359791, 0.0 ], [ 121.733361031004989, 0.672190655505415, 0.0 ], [ 121.733879092364845, 0.672147331983401, 0.0 ], [ 121.734699538071069, 0.672191004838955, 0.0 ], [ 121.735044938581837, 0.672060647880661, 0.0 ], [ 121.735390394967197, 0.671713067547967, 0.0 ], [ 121.735908904907077, 0.671017720351878, 0.0 ], [ 121.736254461469372, 0.670278869074296, 0.0 ], [ 121.736643281085165, 0.669453111155098, 0.0 ], [ 121.736729638111399, 0.668844639383996, 0.0 ], [ 121.737161831331022, 0.667497315659586, 0.0 ], [ 121.737637098749332, 0.666801955776046, 0.0 ], [ 121.737971594668295, 0.666489350441006, 0.0 ], [ 121.73800388919463, 0.666473176535769, 0.0 ], [ 121.738549255749575, 0.666159636131817, 0.0 ], [ 121.739094903099272, 0.665846095606719, 0.0 ], [ 121.739951661668783, 0.665532634913761, 0.0 ], [ 121.740419230585971, 0.665297511852296, 0.0 ], [ 121.740730963102038, 0.665062277971566, 0.0 ], [ 121.741042715454853, 0.664748676678366, 0.0 ], [ 121.74143230512685, 0.664199851864948, 0.0 ], [ 121.74151022176585, 0.663650947029408, 0.0 ], [ 121.74174397472143, 0.663102011372922, 0.0 ], [ 121.741744251709548, 0.662004161716849, 0.0 ], [ 121.741433096836303, 0.661063037990166, 0.0 ], [ 121.741511131106904, 0.660043575620887, 0.0 ], [ 121.741744863439592, 0.659573077654522, 0.0 ], [ 121.742134693078739, 0.659181127989709, 0.0 ], [ 121.742524261552845, 0.65871066939203, 0.0 ], [ 121.743069823297688, 0.657612886983765, 0.0 ], [ 121.743537606666706, 0.6565151550378, 0.0 ], [ 121.744083049981398, 0.655887929526093, 0.0 ], [ 121.744784270925109, 0.655495986687464, 0.0 ], [ 121.7458748840467, 0.65533938546836, 0.0 ], [ 121.746576085687806, 0.655025880128894, 0.0 ], [ 121.747199189802515, 0.654869231265058, 0.0 ], [ 121.747666854995217, 0.654241984575358, 0.0 ], [ 121.748056519600865, 0.653379474042585, 0.0 ], [ 121.748835867113883, 0.651575943197828, 0.0 ], [ 121.749615223669352, 0.650870334909941, 0.0 ], [ 121.750394357097349, 0.649929481809978, 0.0 ], [ 121.751018011296296, 0.648674906794015, 0.0 ], [ 121.751485509037877, 0.647577169037498, 0.0 ], [ 121.752265304316893, 0.645067829809891, 0.0 ], [ 121.753044530385367, 0.643734852413073, 0.0 ], [ 121.753745692460882, 0.643578218856459, 0.0 ], [ 121.754524556495923, 0.643735216558232, 0.0 ], [ 121.755692905440895, 0.644911868509927, 0.0 ], [ 121.756393649167222, 0.64648045706444, 0.0 ], [ 121.756782890833506, 0.647343164360973, 0.0 ], [ 121.757250305911967, 0.647735401535181, 0.0 ], [ 121.758107192140784, 0.648049296440627, 0.0 ], [ 121.759119673116373, 0.648206423356638, 0.0 ], [ 121.760054657197202, 0.64836346041706, 0.0 ], [ 121.760911792342995, 0.647657865542443, 0.0 ], [ 121.761301415999, 0.646952155178341, 0.0 ], [ 121.761691058396906, 0.646168076612001, 0.0 ], [ 121.761924977156639, 0.644913398455875, 0.0 ], [ 121.761847369483917, 0.64420757305295, 0.0 ], [ 121.761535922456986, 0.643266445321559, 0.0 ], [ 121.760679148571725, 0.64248199122157, 0.0 ], [ 121.759199308424414, 0.64169745603924, 0.0 ], [ 121.758264700809562, 0.641148228677961, 0.0 ], [ 121.758023299400207, 0.640835475615313, 0.0 ], [ 121.757584497953118, 0.640551364545531, 0.0 ], [ 121.756455132461596, 0.639556192087402, 0.0 ], [ 121.756408812513186, 0.63951526558406, 0.0 ], [ 121.75596791037465, 0.638627248759808, 0.0 ], [ 121.755968176981384, 0.637517450572326, 0.0 ], [ 121.756409416799755, 0.636999651939111, 0.0 ], [ 121.757438378192205, 0.636333951831273, 0.0 ], [ 121.758173548316009, 0.636038183604386, 0.0 ], [ 121.759055534645043, 0.635890423907108, 0.0 ], [ 121.760231540314152, 0.635594761697904, 0.0 ], [ 121.761113632902905, 0.635003081232126, 0.0 ], [ 121.761187322336482, 0.634485121459098, 0.0 ], [ 121.760893532009305, 0.633671197038614, 0.0 ], [ 121.760893707719589, 0.632931330178747, 0.0 ], [ 121.761187796797316, 0.632487410050535, 0.0 ], [ 121.761702163134657, 0.632635507055949, 0.0 ], [ 121.762143244197617, 0.632783657128159, 0.0 ], [ 121.762510636374387, 0.63344962599559, 0.0 ], [ 121.76287780043026, 0.633893634728748, 0.0 ], [ 121.763612848314324, 0.634115771762049, 0.0 ], [ 121.764200816603932, 0.634115913106407, 0.0 ], [ 121.764862438944135, 0.63374613806924, 0.0 ], [ 121.765230094548855, 0.633302305447562, 0.0 ], [ 121.765818238033972, 0.632562507517624, 0.0 ], [ 121.766259283629836, 0.631674771007899, 0.0 ], [ 121.766700644493696, 0.630638989863312, 0.0 ], [ 121.767141724052351, 0.62960327892994, 0.0 ], [ 121.767582910339939, 0.629307436424513, 0.0 ], [ 121.768318011545006, 0.629307611225131, 0.0 ], [ 121.769199964788072, 0.629307820808326, 0.0 ], [ 121.769787985775523, 0.629085999638006, 0.0 ], [ 121.770008663647758, 0.6279761771441, 0.0 ], [ 121.769935511869619, 0.626200402464975, 0.0 ], [ 121.770156606840658, 0.624498684133838, 0.0 ], [ 121.770230235844082, 0.623018962391102, 0.0 ], [ 121.77052430583565, 0.622649026003978, 0.0 ], [ 121.770745021751949, 0.622575090850956, 0.0 ], [ 121.771332904655367, 0.622945234394594, 0.0 ], [ 121.771994336902125, 0.623389311639881, 0.0 ], [ 121.772582220164111, 0.623759384730719, 0.0 ], [ 121.773464191027017, 0.623685604706496, 0.0 ], [ 121.77397871377002, 0.623167815983043, 0.0 ], [ 121.77412598328651, 0.622575883318914, 0.0 ], [ 121.774199337190964, 0.622279952227371, 0.0 ], [ 121.774052621866105, 0.621688021412341, 0.0 ], [ 121.773465061980204, 0.619912124287163, 0.0 ], [ 121.772877467472313, 0.618284201920831, 0.0 ], [ 121.772363310380285, 0.615990414108607, 0.0 ], [ 121.772069799762974, 0.613918639140047, 0.0 ], [ 121.771776220486345, 0.612142812584197, 0.0 ], [ 121.771480938022805, 0.611680096121896, 0.0 ], [ 121.7713770901088, 0.609015268570294, 0.0 ], [ 121.768191356624328, 0.60870813042924, 0.0 ], [ 121.767900953568144, 0.60280275058127, 0.0 ], [ 121.767706518934062, 0.597112570315632, 0.0 ], [ 121.765469300442788, 0.596751741351768, 0.0 ], [ 121.765346675039368, 0.595141387215951, 0.0 ], [ 121.765223856275938, 0.594398170036418, 0.0 ], [ 121.7637472072376, 0.594397837444598, 0.0 ], [ 121.762024370601495, 0.595388390586419, 0.0 ], [ 121.760671038348832, 0.593901637387821, 0.0 ], [ 121.759317684035409, 0.593777455296367, 0.0 ], [ 121.758086839640839, 0.594520435213512, 0.0 ], [ 121.756117927433507, 0.596006433523159, 0.0 ], [ 121.75476426654987, 0.596006125569053, 0.0 ], [ 121.753287288281641, 0.597492232082723, 0.0 ], [ 121.752425703796817, 0.599350035186079, 0.0 ], [ 121.750456283761139, 0.601827032419537, 0.0 ], [ 121.74970649504408, 0.602246115605114, 0.0 ], [ 121.749565390466273, 0.602908427167152, 0.0 ], [ 121.749145967858695, 0.603837222995933, 0.0 ], [ 121.748512587450932, 0.604766039494402, 0.0 ], [ 121.748131321594627, 0.605821475254879, 0.0 ], [ 121.747704035790719, 0.606750197485022, 0.0 ], [ 121.746986690003155, 0.607721180006874, 0.0 ], [ 121.746101813268425, 0.608270040501439, 0.0 ], [ 121.743446807514516, 0.60911428892834, 0.0 ], [ 121.742630507041781, 0.609384037271114, 0.0 ], [ 121.742233626437496, 0.608748525055995, 0.0 ], [ 121.742111660969726, 0.607991392526168, 0.0 ], [ 121.742081008816726, 0.606979463777905, 0.0 ], [ 121.742073563146874, 0.60639287258895, 0.0 ], [ 121.741997280022431, 0.606003137756099, 0.0 ], [ 121.741920747905255, 0.605475323653363, 0.0 ], [ 121.741714819109902, 0.604754352190122, 0.0 ], [ 121.741661546881403, 0.604421720060637, 0.0 ], [ 121.741310391539884, 0.603967969523404, 0.0 ], [ 121.740967103482006, 0.603491042837172, 0.0 ], [ 121.740858742946344, 0.603395761356866, 0.0 ], [ 121.740608616133386, 0.603175582175046, 0.0 ], [ 121.740547704153045, 0.603096069517077, 0.0 ], [ 121.740059230198156, 0.60271394129157, 0.0 ], [ 121.739464102046696, 0.602138096403086, 0.0 ], [ 121.738548624596405, 0.601464729932859, 0.0 ], [ 121.738212896891113, 0.601079740964065, 0.0 ], [ 121.737953518028732, 0.600796879904157, 0.0 ], [ 121.737739971314909, 0.600237094209026, 0.0 ], [ 121.737709426741546, 0.599973012791759, 0.0 ], [ 121.737701903013331, 0.599719960659799, 0.0 ], [ 121.737656175186117, 0.599548305265456, 0.0 ], [ 121.737541642029115, 0.599435426860877, 0.0 ], [ 121.737457700210101, 0.599379370320223, 0.0 ], [ 121.737244079751889, 0.599141675011276, 0.0 ], [ 121.737038039679064, 0.598903911353803, 0.0 ], [ 121.73667936667141, 0.598174214049711, 0.0 ], [ 121.736313338108943, 0.597686118709566, 0.0 ], [ 121.735840315405881, 0.597269299136753, 0.0 ], [ 121.735695229581552, 0.596926753671072, 0.0 ], [ 121.735443548016363, 0.596137581503191, 0.0 ], [ 121.735100296582957, 0.595499682495264, 0.0 ], [ 121.734756983096162, 0.595137729660182, 0.0 ], [ 121.734283931614883, 0.594847329583752, 0.0 ], [ 121.733551504868515, 0.594262551729434, 0.0 ], [ 121.733398795491283, 0.59410429803191, 0.0 ], [ 121.733246356810056, 0.593992118400636, 0.0 ], [ 121.732864890485573, 0.593481477956485, 0.0 ], [ 121.732345843179019, 0.592961690507936, 0.0 ], [ 121.731331254145957, 0.592278694996855, 0.0 ], [ 121.731140655432341, 0.592052028973215, 0.0 ], [ 121.73102615105357, 0.591812590778166, 0.0 ], [ 121.730995571406666, 0.591698036936732, 0.0 ], [ 121.730926827230718, 0.591492281049648, 0.0 ], [ 121.730850511662624, 0.591240485270665, 0.0 ], [ 121.730774224872761, 0.590862235821036, 0.0 ], [ 121.730553012338078, 0.590670718899604, 0.0 ], [ 121.730476676085544, 0.590511175574386, 0.0 ], [ 121.73040062132084, 0.590351420908446, 0.0 ], [ 121.730392891647938, 0.589764867792412, 0.0 ], [ 121.730431133518678, 0.58952249690825, 0.0 ], [ 121.730446124317595, 0.589039048364918, 0.0 ], [ 121.73043860238802, 0.588774549662245, 0.0 ], [ 121.730499654662722, 0.588232742313747, 0.0 ], [ 121.73049953235487, 0.587530936583151, 0.0 ], [ 121.730362383047492, 0.586854715664957, 0.0 ], [ 121.730179192948754, 0.586144848411622, 0.0 ], [ 121.729935093567605, 0.585343915809604, 0.0 ], [ 121.729736704926623, 0.58479526551987, 0.0 ], [ 121.729584009039314, 0.584579492084662, 0.0 ], [ 121.729446789584671, 0.584214019303113, 0.0 ], [ 121.729187416118322, 0.583908123908054, 0.0 ], [ 121.728699227248541, 0.583514410616219, 0.0 ], [ 121.728126868132094, 0.58283470032852, 0.0 ], [ 121.727890524504218, 0.582505384789149, 0.0 ], [ 121.727768451431331, 0.582208425057855, 0.0 ], [ 121.727630914515956, 0.582003925523659, 0.0 ], [ 121.727333425084026, 0.581388157931455, 0.0 ], [ 121.726921363824061, 0.580831970423849, 0.0 ], [ 121.726791678889541, 0.580673299440919, 0.0 ], [ 121.726524743024044, 0.580287127863625, 0.0 ], [ 121.72644840946954, 0.580115890653969, 0.0 ], [ 121.726227250894084, 0.579682808640873, 0.0 ], [ 121.725693014038455, 0.579289934416431, 0.0 ], [ 121.725197177334309, 0.579195519992508, 0.0 ], [ 121.724747136805732, 0.578973743582826, 0.0 ], [ 121.724281645025414, 0.578786660319012, 0.0 ], [ 121.72376284413312, 0.57842806195512, 0.0 ], [ 121.723427085850787, 0.578181190863551, 0.0 ], [ 121.722908534969974, 0.577960635733125, 0.0 ], [ 121.722435469998956, 0.5777392784075, 0.0 ], [ 121.721847854783618, 0.577485460053166, 0.0 ], [ 121.721214802222136, 0.577013808816255, 0.0 ], [ 121.720696009423733, 0.57662072774776, 0.0 ], [ 121.720581478964661, 0.576496332625291, 0.0 ], [ 121.720474529790252, 0.576371762135101, 0.0 ], [ 121.720077908090957, 0.57583836884361, 0.0 ], [ 121.719925196015794, 0.575691564414819, 0.0 ], [ 121.719513419840936, 0.575123896162148, 0.0 ], [ 121.719368343009862, 0.574735386347518, 0.0 ], [ 121.719246268138221, 0.574449981105589, 0.0 ], [ 121.718971728505068, 0.574167509452143, 0.0 ], [ 121.718834225764141, 0.573813308772956, 0.0 ], [ 121.718765772069077, 0.573561516591185, 0.0 ], [ 121.718712170677563, 0.573435863317266, 0.0 ], [ 121.718651315354478, 0.573103409144009, 0.0 ], [ 121.718407121544587, 0.572728303724305, 0.0 ], [ 121.717895922621395, 0.572277527550317, 0.0 ], [ 121.717567742026517, 0.572053412903299, 0.0 ], [ 121.717193877671136, 0.571450562273527, 0.0 ], [ 121.717071800101479, 0.571176675548139, 0.0 ], [ 121.7171025578143, 0.570485763305255, 0.0 ], [ 121.717339074112047, 0.570032823362458, 0.0 ], [ 121.717545027849937, 0.569384736834637, 0.0 ], [ 121.717537196553707, 0.569246727775256, 0.0 ], [ 121.717842509188159, 0.568769494446579, 0.0 ], [ 121.717949243424556, 0.568594907262403, 0.0 ], [ 121.718056051405412, 0.568086713873432, 0.0 ], [ 121.718117051519258, 0.567763438180817, 0.0 ], [ 121.718124726333457, 0.567337722514542, 0.0 ], [ 121.718117216095166, 0.567015669000552, 0.0 ], [ 121.718140088552332, 0.566428525030042, 0.0 ], [ 121.718345947861494, 0.56620619014132, 0.0 ], [ 121.718742720646873, 0.566060815634577, 0.0 ], [ 121.719574428048759, 0.565872892404089, 0.0 ], [ 121.719879661542791, 0.565752195293827, 0.0 ], [ 121.720588962223204, 0.565509125636447, 0.0 ], [ 121.721466510766817, 0.564986615940048, 0.0 ], [ 121.721695384626059, 0.564809900060696, 0.0 ], [ 121.72179454747031, 0.564589484325255, 0.0 ], [ 121.722122567086572, 0.564272874407505, 0.0 ], [ 121.722389662131945, 0.563934310240403, 0.0 ], [ 121.722534624749144, 0.563563495486034, 0.0 ], [ 121.72265651076313, 0.563434700880209, 0.0 ], [ 121.722999982530609, 0.563071632885874, 0.0 ], [ 121.72327476048406, 0.562261278086877, 0.0 ], [ 121.723373675115482, 0.561891371647798, 0.0 ], [ 121.72364836583472, 0.561483556986468, 0.0 ], [ 121.723793425578762, 0.560664023707007, 0.0 ], [ 121.724052801743127, 0.55965838382737, 0.0 ], [ 121.724251216464495, 0.558803281462276, 0.0 ], [ 121.724331552002013, 0.558652643223682, 0.0 ], [ 121.724709072101547, 0.557943607843229, 0.0 ], [ 121.725052176945454, 0.556671792924605, 0.0 ], [ 121.725090449393065, 0.55626837774672, 0.0 ], [ 121.725113311058436, 0.555715715581444, 0.0 ], [ 121.725014023208402, 0.555211362297507, 0.0 ], [ 121.724777680479718, 0.554870531838984, 0.0 ], [ 121.723923035869618, 0.554656127171897, 0.0 ], [ 121.723053258367599, 0.554304029107681, 0.0 ], [ 121.722641430931361, 0.553954928483628, 0.0 ], [ 121.722572688554138, 0.553726172435657, 0.0 ], [ 121.722297948372074, 0.553063952162729, 0.0 ], [ 121.721756469276201, 0.552395102987217, 0.0 ], [ 121.721375028132812, 0.551757804726387, 0.0 ], [ 121.72117659992162, 0.551370309347047, 0.0 ], [ 121.72104682235684, 0.550325861923211, 0.0 ], [ 121.721039307621965, 0.55001532602648, 0.0 ], [ 121.720970675861238, 0.549268812299823, 0.0 ], [ 121.720886676485776, 0.548165794730186, 0.0 ], [ 121.720886717854555, 0.547970230859666, 0.0 ], [ 121.720718653453133, 0.547398131647396, 0.0 ], [ 121.720535661205204, 0.547044806008427, 0.0 ], [ 121.720260946204235, 0.546256062817223, 0.0 ], [ 121.720085609884819, 0.545545919472028, 0.0 ], [ 121.719971101009463, 0.545318037565083, 0.0 ], [ 121.719993975265197, 0.544696302971319, 0.0 ], [ 121.720077976439384, 0.544464647509128, 0.0 ], [ 121.720215373959689, 0.544001860889435, 0.0 ], [ 121.720329690380098, 0.543815720115175, 0.0 ], [ 121.72088662252645, 0.543103613549993, 0.0 ], [ 121.7216190204946, 0.542491886611733, 0.0 ], [ 121.722351376194496, 0.542075863838258, 0.0 ], [ 121.722824540091096, 0.541825530356847, 0.0 ], [ 121.723610204003791, 0.541603951797968, 0.0 ], [ 121.72386206273525, 0.541599305900346, 0.0 ], [ 121.724411302980357, 0.541416684173183, 0.0 ], [ 121.725357378963253, 0.540777971278787, 0.0 ], [ 121.726654420764049, 0.540167386479533, 0.0 ], [ 121.727173347561504, 0.539939143944439, 0.0 ], [ 121.728172754240063, 0.539380044432062, 0.0 ], [ 121.728622894593329, 0.539130127336688, 0.0 ], [ 121.729767214426531, 0.538418811275613, 0.0 ], [ 121.730232521845792, 0.538145648504455, 0.0 ], [ 121.730965195006419, 0.537556883056327, 0.0 ], [ 121.732231454812947, 0.53645223501582, 0.0 ], [ 121.732689211524416, 0.536029508695916, 0.0 ], [ 121.73324634691744, 0.535685628636377, 0.0 ], [ 121.733559183279937, 0.535449744561971, 0.0 ], [ 121.734161803683293, 0.535116544850771, 0.0 ], [ 121.734703025573168, 0.534809127802864, 0.0 ], [ 121.734978123685195, 0.534652870600309, 0.0 ], [ 121.735504442010296, 0.533975869969909, 0.0 ], [ 121.735695152239856, 0.533673287677176, 0.0 ], [ 121.735924129521095, 0.532978806924449, 0.0 ], [ 121.736069004904067, 0.531630022630684, 0.0 ], [ 121.736183678355331, 0.531064127841078, 0.0 ], [ 121.736282725187053, 0.530015447308445, 0.0 ], [ 121.736664233779678, 0.528973044043583, 0.0 ], [ 121.737457635458966, 0.527980436239454, 0.0 ], [ 121.737793237259353, 0.527629124182587, 0.0 ], [ 121.738701193679361, 0.526645937676155, 0.0 ], [ 121.739067386817851, 0.526363176441018, 0.0 ], [ 121.73994494255615, 0.525760230483056, 0.0 ], [ 121.740410364189287, 0.52491181637591, 0.0 ], [ 121.741089131987522, 0.524289607839394, 0.0 ], [ 121.741920973388346, 0.523422929401045, 0.0 ], [ 121.742432114754919, 0.52280372549947, 0.0 ], [ 121.742622822286549, 0.522512588878347, 0.0 ], [ 121.743309342240678, 0.521027384627208, 0.0 ], [ 121.743752020019642, 0.520167869288927, 0.0 ], [ 121.744011226212251, 0.519933031126056, 0.0 ], [ 121.74523965693686, 0.518403237589497, 0.0 ], [ 121.745430375260298, 0.518054579431952, 0.0 ], [ 121.745903311628325, 0.517528218838707, 0.0 ], [ 121.746177961878146, 0.517281476350133, 0.0 ], [ 121.746536668160701, 0.516515609213401, 0.0 ], [ 121.746529136338694, 0.516262591255705, 0.0 ], [ 121.74675779525991, 0.515729115226486, 0.0 ], [ 121.74689515500873, 0.515427579744747, 0.0 ], [ 121.746887598904976, 0.515301087403345, 0.0 ], [ 121.746887657360986, 0.515002068224506, 0.0 ], [ 121.746956403335489, 0.513792755287605, 0.0 ], [ 121.747108799748588, 0.51269701772985, 0.0 ], [ 121.747604810022054, 0.511905489338309, 0.0 ], [ 121.748359944649678, 0.511293289356666, 0.0 ], [ 121.748566059366269, 0.511174506003735, 0.0 ], [ 121.748985596690176, 0.510902175105458, 0.0 ], [ 121.749336592185685, 0.510792111578899, 0.0 ], [ 121.749626638828659, 0.51078686853148, 0.0 ], [ 121.750000376379603, 0.510684194734016, 0.0 ], [ 121.750236957428584, 0.511288145234649, 0.0 ], [ 121.750488556256045, 0.511182726706431, 0.0 ], [ 121.750580108138024, 0.511089926565526, 0.0 ], [ 121.750923528644108, 0.510949299579825, 0.0 ], [ 121.751045668266784, 0.510948474901544, 0.0 ], [ 121.751663734526034, 0.510587143497902, 0.0 ], [ 121.751892594895352, 0.510458860606393, 0.0 ], [ 121.752189962918891, 0.510341579121158, 0.0 ], [ 121.752541015971019, 0.509936099999235, 0.0 ], [ 121.752891794729948, 0.509496030254057, 0.0 ], [ 121.753303812822395, 0.508905807904129, 0.0 ], [ 121.753860730579461, 0.508222866352374, 0.0 ], [ 121.754478798637351, 0.507850686427184, 0.0 ], [ 121.754761026574556, 0.507618852899254, 0.0 ], [ 121.754868026110984, 0.507503158717463, 0.0 ], [ 121.75532583228528, 0.506798573182392, 0.0 ], [ 121.755844560332463, 0.506128554888123, 0.0 ], [ 121.755974305521548, 0.506001275640004, 0.0 ], [ 121.756279298896644, 0.505654792043079, 0.0 ], [ 121.756370878657577, 0.505412851934155, 0.0 ], [ 121.756622809334871, 0.505043744992344, 0.0 ], [ 121.75678291743445, 0.50470952814801, 0.0 ], [ 121.757477132887217, 0.504040072829363, 0.0 ], [ 121.757632985394821, 0.503934210035987, 0.0 ], [ 121.757937699080657, 0.502096757533836, 0.0 ], [ 121.759165404052396, 0.49839154537719, 0.0 ], [ 121.760802262775883, 0.492833701061927, 0.0 ], [ 121.762643533799363, 0.488716862017861, 0.0 ], [ 121.763735059832129, 0.486459159928758, 0.0 ], [ 121.766325661258833, 0.481100781642256, 0.0 ], [ 121.768645808672403, 0.476042390205071, 0.0 ], [ 121.769449243188291, 0.475349445494393, 0.0 ], [ 121.772147677822971, 0.471389396950909, 0.0 ], [ 121.773046935101121, 0.47025798508689, 0.0 ], [ 121.773947041339198, 0.465844958829047, 0.0 ], [ 121.775133551966107, 0.450238673818352, 0.0 ], [ 121.775606995551684, 0.440288547906524, 0.0 ], [ 121.775149648031743, 0.44063357819895, 0.0 ], [ 121.774405754030141, 0.441301105371154, 0.0 ], [ 121.773681267397862, 0.441758828807818, 0.0 ], [ 121.772784671213714, 0.442178399406616, 0.0 ], [ 121.771735918735345, 0.442426331698291, 0.0 ], [ 121.770629636626751, 0.442502607696253, 0.0 ], [ 121.769389949987641, 0.442788703617429, 0.0 ], [ 121.768531830397052, 0.443151074637286, 0.0 ], [ 121.767520924986997, 0.443761350069786, 0.0 ], [ 121.766166864370931, 0.444638648601918, 0.0 ], [ 121.765320215632869, 0.445246335785514, 0.0 ], [ 121.76073991817556, 0.45333806398518, 0.0 ], [ 121.757206072730938, 0.458076661005373, 0.0 ], [ 121.755037444891499, 0.46072707903833, 0.0 ], [ 121.7543950258911, 0.462333364410065, 0.0 ], [ 121.754434273203699, 0.462688039931284, 0.0 ], [ 121.754555660093928, 0.463779063242979, 0.0 ], [ 121.754432755148159, 0.464946926427538, 0.0 ], [ 121.754395068159155, 0.465305050848767, 0.0 ], [ 121.752226488883096, 0.467634179791458, 0.0 ], [ 121.747086186296229, 0.472934976287069, 0.0 ], [ 121.743385867350753, 0.478869560090293, 0.0 ], [ 121.742971932803044, 0.479248990349683, 0.0 ], [ 121.742124035805986, 0.48050087449341, 0.0 ], [ 121.741316231484333, 0.482075846371481, 0.0 ], [ 121.739700760437358, 0.484458471485043, 0.0 ], [ 121.739201087225297, 0.485381048183368, 0.0 ], [ 121.737928354098941, 0.486727398911783, 0.0 ], [ 121.736637629136126, 0.48818772521753, 0.0 ], [ 121.735313172402499, 0.48985180731818, 0.0 ], [ 121.734124642797724, 0.491346068641389, 0.0 ], [ 121.733615140895282, 0.492263022778365, 0.0 ], [ 121.733071796605458, 0.493961026406646, 0.0 ], [ 121.73266439922962, 0.495387385319405, 0.0 ], [ 121.731883305671516, 0.496711844750867, 0.0 ], [ 121.731068283391366, 0.497798615168703, 0.0 ], [ 121.730660680970033, 0.49881741482765, 0.0 ], [ 121.730728524924672, 0.499360803184094, 0.0 ], [ 121.730932232156107, 0.50007395476153, 0.0 ], [ 121.731034304307016, 0.500753203697028, 0.0 ], [ 121.731204063031342, 0.501330530668324, 0.0 ], [ 121.731285947201357, 0.501863110972715, 0.0 ], [ 121.731058767665019, 0.502025347767469, 0.0 ], [ 121.730936345655067, 0.502042247827043, 0.0 ], [ 121.729887614760415, 0.502186870500525, 0.0 ], [ 121.72883782086717, 0.502025337874938, 0.0 ], [ 121.728633411265122, 0.502047451304337, 0.0 ], [ 121.728360526384478, 0.501890380215313, 0.0 ], [ 121.728099404636083, 0.501885171342069, 0.0 ], [ 121.727832377939052, 0.501920734132381, 0.0 ], [ 121.726177644290914, 0.502525757524212, 0.0 ], [ 121.725554846698486, 0.502703673998565, 0.0 ], [ 121.724860718480016, 0.502952806885064, 0.0 ], [ 121.724451571023479, 0.503237503461244, 0.0 ], [ 121.724024420938576, 0.503700165075153, 0.0 ], [ 121.723561912209306, 0.504056046587235, 0.0 ], [ 121.722867766903718, 0.504394108932642, 0.0 ], [ 121.722156203529181, 0.5047855910066, 0.0 ], [ 121.721408693353652, 0.505212643964752, 0.0 ], [ 121.72083925073855, 0.505354990454192, 0.0 ], [ 121.720198797656067, 0.505372777245254, 0.0 ], [ 121.719522649582885, 0.505568524577464, 0.0 ], [ 121.718953152109179, 0.505995576636335, 0.0 ], [ 121.718614996234322, 0.50651160581812, 0.0 ], [ 121.718312748489438, 0.507187803353952, 0.0 ], [ 121.718045828811796, 0.508113098702738, 0.0 ], [ 121.717600953089658, 0.508753687582901, 0.0 ], [ 121.717013776743542, 0.509127348691533, 0.0 ], [ 121.716319585572506, 0.509696762528237, 0.0 ], [ 121.715590002482386, 0.510337328925318, 0.0 ], [ 121.714753910885634, 0.511458354519183, 0.0 ], [ 121.714362367657827, 0.512170145422379, 0.0 ], [ 121.714130865979655, 0.512881899453292, 0.0 ], [ 121.714166685076762, 0.513486898563391, 0.0 ], [ 121.71430891645295, 0.514091883284466, 0.0 ], [ 121.714451164016992, 0.514625708250475, 0.0 ], [ 121.714626268311349, 0.515124915613656, 0.0 ], [ 121.716318842732591, 0.516240376202885, 0.0 ], [ 121.717530279867987, 0.516805759278353, 0.0 ], [ 121.718055267196533, 0.517128837120077, 0.0 ], [ 121.718984177819976, 0.518017276453468, 0.0 ], [ 121.718983999754144, 0.518905703196397, 0.0 ], [ 121.718660959683902, 0.51963259641437, 0.0 ], [ 121.718661037025669, 0.520642212196635, 0.0 ], [ 121.718822650590255, 0.52120755929919, 0.0 ], [ 121.719185935321178, 0.521409486772421, 0.0 ], [ 121.719670621331602, 0.521086403534747, 0.0 ], [ 121.720235971132183, 0.520359523806606, 0.0 ], [ 121.720930901545927, 0.520322920500708, 0.0 ], [ 121.721689760266059, 0.520722965019642, 0.0 ], [ 121.721770685758855, 0.521813332725633, 0.0 ], [ 121.72164094506627, 0.521923083288049, 0.0 ], [ 121.721245542847655, 0.522257527660956, 0.0 ], [ 121.72035711520536, 0.522499830196681, 0.0 ], [ 121.719630118565405, 0.522822899045154, 0.0 ], [ 121.718741658547671, 0.523226739602416, 0.0 ], [ 121.718338076095762, 0.523751727830239, 0.0 ], [ 121.717691694682486, 0.523913274845027, 0.0 ], [ 121.717368867751603, 0.523590201499972, 0.0 ], [ 121.716440066845465, 0.523549837229291, 0.0 ], [ 121.715834109957328, 0.52375174221944, 0.0 ], [ 121.715430418687589, 0.523428652686535, 0.0 ], [ 121.714824618281568, 0.522863284000267, 0.0 ], [ 121.714016865221225, 0.522661372714798, 0.0 ], [ 121.713451415595955, 0.522499858075624, 0.0 ], [ 121.712482332257494, 0.521732564614145, 0.0 ], [ 121.712078443136861, 0.521005665100942, 0.0 ], [ 121.712038158905884, 0.520278735910055, 0.0 ], [ 121.711836181070723, 0.519390304670546, 0.0 ], [ 121.711836087541172, 0.518461495670523, 0.0 ], [ 121.711836217942817, 0.517815343584375, 0.0 ], [ 121.711432328822269, 0.517088444970452, 0.0 ], [ 121.710826568885665, 0.516321156904924, 0.0 ], [ 121.710382480070251, 0.515836558128706, 0.0 ], [ 121.710059282618786, 0.51595771659108, 0.0 ], [ 121.709614965375607, 0.516603848892254, 0.0 ], [ 121.709211254320707, 0.51777495143475, 0.0 ], [ 121.709009295371331, 0.518178790193362, 0.0 ], [ 121.708646020532768, 0.51793651553667, 0.0 ], [ 121.708484407867473, 0.517371135159221, 0.0 ], [ 121.708242180874777, 0.516967274816808, 0.0 ], [ 121.707313152440335, 0.516684606211841, 0.0 ], [ 121.70650559363358, 0.516926923136678, 0.0 ], [ 121.7059807025325, 0.517532653395607, 0.0 ], [ 121.704661986171502, 0.518504187386641, 0.0 ], [ 121.704001819950079, 0.520197970496587, 0.0 ], [ 121.703396039329036, 0.52092487090916, 0.0 ], [ 121.703234527387878, 0.521247946952234, 0.0 ], [ 121.702507468694634, 0.52189408824657, 0.0 ], [ 121.701901795992327, 0.522096025612333, 0.0 ], [ 121.701430387572387, 0.521994779938177, 0.0 ], [ 121.701430317425206, 0.521994973292487, 0.0 ], [ 121.700771164739791, 0.521853696096945, 0.0 ], [ 121.700003916244484, 0.521328716862372, 0.0 ], [ 121.699196235129875, 0.520803729533829, 0.0 ], [ 121.697944352784788, 0.520359524705886, 0.0 ], [ 121.696651948787718, 0.520359503122174, 0.0 ], [ 121.695965439625411, 0.520440269435011, 0.0 ], [ 121.695157627209781, 0.520561431494774, 0.0 ], [ 121.693946212557449, 0.519955662564912, 0.0 ], [ 121.692169509258392, 0.518421116111449, 0.0 ], [ 121.690998164798216, 0.516846135240127, 0.0 ], [ 121.690190659950872, 0.515473082741406, 0.0 ], [ 121.690021505571025, 0.514733590021814, 0.0 ], [ 121.689831198237854, 0.514455418926234, 0.0 ], [ 121.689717509544195, 0.514331274714701, 0.0 ], [ 121.689531107966459, 0.514176129973469, 0.0 ], [ 121.68943820800078, 0.514000264852692, 0.0 ], [ 121.689438250268935, 0.513793362330021, 0.0 ], [ 121.689427899072413, 0.513607161301115, 0.0 ], [ 121.689334716719642, 0.513441648276229, 0.0 ], [ 121.689189864718941, 0.513307181646398, 0.0 ], [ 121.68908654880569, 0.513265822725577, 0.0 ], [ 121.688889988486295, 0.513358915146104, 0.0 ], [ 121.688755463400554, 0.5135347685757, 0.0 ], [ 121.688714115271637, 0.513896805047791, 0.0 ], [ 121.688631232854078, 0.514165768884327, 0.0 ], [ 121.688496909216539, 0.514724370172396, 0.0 ], [ 121.688321014418079, 0.515365709986364, 0.0 ], [ 121.688196785670257, 0.515986392373362, 0.0 ], [ 121.688153454536192, 0.516435308749345, 0.0 ], [ 121.68797963537304, 0.516534624478408, 0.0 ], [ 121.687741538966364, 0.516534610089207, 0.0 ], [ 121.687327969543475, 0.516493256564336, 0.0 ], [ 121.686955381326044, 0.516503603264277, 0.0 ], [ 121.686696798363627, 0.516462211068562, 0.0 ], [ 121.68653874161771, 0.516368408183636, 0.0 ], [ 121.686345099598313, 0.515924318468945, 0.0 ], [ 121.686138274417331, 0.515417442586789, 0.0 ], [ 121.685921047677795, 0.5149726424077, 0.0 ], [ 121.685848653153741, 0.51475540847357, 0.0 ], [ 121.685724587183174, 0.514579537057473, 0.0 ], [ 121.685765906533788, 0.514351973510534, 0.0 ], [ 121.685828004719923, 0.514124379386631, 0.0 ], [ 121.685848553329052, 0.51386579102826, 0.0 ], [ 121.685817719173912, 0.513617509799706, 0.0 ], [ 121.685745054853214, 0.513348549560381, 0.0 ], [ 121.685600481642481, 0.513224435026442, 0.0 ], [ 121.685455619749249, 0.513141692903156, 0.0 ], [ 121.68535203224063, 0.513058925598857, 0.0 ], [ 121.685165878875821, 0.513058922001556, 0.0 ], [ 121.685020990003096, 0.513110653702613, 0.0 ], [ 121.684814328498661, 0.513172723110448, 0.0 ], [ 121.684648649998493, 0.513286492743096, 0.0 ], [ 121.684483252086778, 0.513400296550008, 0.0 ], [ 121.684276313591184, 0.51344166176606, 0.0 ], [ 121.684028098013229, 0.513503723979296, 0.0 ], [ 121.683779888730413, 0.513534764079119, 0.0 ], [ 121.683293569551182, 0.51363822028672, 0.0 ], [ 121.68311778267136, 0.513751987221349, 0.0 ], [ 121.682910818095579, 0.513927860436096, 0.0 ], [ 121.682755791165533, 0.514124378487261, 0.0 ], [ 121.682631660443647, 0.514269212501465, 0.0 ], [ 121.682590067699294, 0.514455400939821, 0.0 ], [ 121.682631541733272, 0.514848509887349, 0.0 ], [ 121.682748813325802, 0.515291699380631, 0.0 ], [ 121.682800388544919, 0.515715406860843, 0.0 ], [ 121.682733737990688, 0.516236675492836, 0.0 ], [ 121.682817651031286, 0.516419287327467, 0.0 ], [ 121.683121352080576, 0.516883679236928, 0.0 ], [ 121.683407090071711, 0.517312382451011, 0.0 ], [ 121.683567902340286, 0.517651740719431, 0.0 ], [ 121.683871580007207, 0.518223329116844, 0.0 ], [ 121.684139315369976, 0.518812788841609, 0.0 ], [ 121.684246529844245, 0.519009289805731, 0.0 ], [ 121.683906751592502, 0.519219653818874, 0.0 ], [ 121.683792980161201, 0.519504403455011, 0.0 ], [ 121.683347645784806, 0.519643552854658, 0.0 ], [ 121.682596228954438, 0.5199774909092, 0.0 ], [ 121.681566537606528, 0.520450576564739, 0.0 ], [ 121.680620288054385, 0.520673213625704, 0.0 ], [ 121.680374601369877, 0.520728702694244, 0.0 ], [ 121.679952605299519, 0.52070101976354, 0.0 ], [ 121.67936808375191, 0.520478414178819, 0.0 ], [ 121.678561208429983, 0.520172307443127, 0.0 ], [ 121.677336601622642, 0.51958791180076, 0.0 ], [ 121.676140026682972, 0.51922614782323, 0.0 ], [ 121.674581743523845, 0.51922613703133, 0.0 ], [ 121.672929326529228, 0.519611675486002, 0.0 ], [ 121.672979444846646, 0.533360212994376, 0.0 ], [ 121.672657754658729, 0.549959995238618, 0.0 ], [ 121.672272387075367, 0.550624600513609, 0.0 ], [ 121.672116036343283, 0.552977288995419, 0.0 ], [ 121.672270604619143, 0.558623895495751, 0.0 ], [ 121.672607987077029, 0.559099499252928, 0.0 ], [ 121.672605673121424, 0.559400946601256, 0.0 ], [ 121.671406701488692, 0.594792949379234, 0.0 ], [ 121.672255963656397, 0.596309157757195, 0.0 ], [ 121.675625437315858, 0.60261213084332, 0.0 ], [ 121.676345335607067, 0.613035110385622, 0.0 ], [ 121.679473639876463, 0.620307621867093, 0.0 ], [ 121.679471279156132, 0.629760867861177, 0.0 ], [ 121.677543144416532, 0.636547284094506, 0.0 ], [ 121.675521609688204, 0.638492892661206, 0.0 ], [ 121.676559413820172, 0.642676415534397, 0.0 ], [ 121.677056303630621, 0.648445408970959, 0.0 ], [ 121.680294191188523, 0.652961071254702, 0.0 ], [ 121.678798536815549, 0.655970501339657, 0.0 ], [ 121.677053281908556, 0.659983135040791, 0.0 ], [ 121.67680256531591, 0.666253567957957, 0.0 ], [ 121.675057424622793, 0.669764552636591, 0.0 ], [ 121.672065915327948, 0.675281735904969, 0.0 ], [ 121.6703207647423, 0.679796048306284, 0.0 ], [ 121.670311497228795, 0.679805161136419, 0.0 ], [ 121.670744381390904, 0.681113604541954, 0.0 ], [ 121.670229780332519, 0.684954060342617, 0.0 ], [ 121.669348254087623, 0.688572882725884, 0.0 ], [ 121.668099797260112, 0.693004078885932, 0.0 ], [ 121.66807704980863, 0.693017145135614, 0.0 ], [ 121.668076765622885, 0.6930307123078, 0.0 ], [ 121.667953188883558, 0.693151723281397, 0.0 ], [ 121.664797548821767, 0.694997315547167, 0.0 ], [ 121.663549952645354, 0.696326408285878, 0.0 ], [ 121.662962727735859, 0.697729530516015, 0.0 ], [ 121.663769333261257, 0.698985366280728, 0.0 ], [ 121.666923842875221, 0.70016803320521, 0.0 ], [ 121.668930397596526, 0.699817342579871, 0.0 ], [ 121.670372470363063, 0.699873578085634, 0.0 ], [ 121.671913051267325, 0.700095545151695, 0.0 ], [ 121.67286669774316, 0.700686700997748, 0.0 ], [ 121.674554025519598, 0.701278065486592, 0.0 ], [ 121.675360740762201, 0.702164621639704, 0.0 ], [ 121.675434138929745, 0.702755527474368, 0.0 ], [ 121.674479637198587, 0.70519256247004, 0.0 ], [ 121.673525550954437, 0.706152457435242, 0.0 ], [ 121.671910982826716, 0.707407602520708, 0.0 ], [ 121.671544030660456, 0.708293751280946, 0.0 ], [ 121.670809942866171, 0.708736736628194, 0.0 ], [ 121.66948915536662, 0.709696521876184, 0.0 ], [ 121.668168277035292, 0.709991580440698, 0.0 ], [ 121.667497459243847, 0.710103880581174, 0.0 ], [ 121.667493777419395, 0.710213266018948, 0.0 ], [ 121.666904431908605, 0.710169424969313, 0.0 ], [ 121.666154891063925, 0.710645828223848, 0.0 ], [ 121.662879403751162, 0.713226534410287, 0.0 ], [ 121.661695473279195, 0.713782232686748, 0.0 ], [ 121.661576765469391, 0.71453687448602, 0.0 ], [ 121.661300574680922, 0.71517226258682, 0.0 ], [ 121.661103013416252, 0.715767960908424, 0.0 ], [ 121.661142326379348, 0.716721210783282, 0.0 ], [ 121.661141853335977, 0.718349630268848, 0.0 ], [ 121.66054974780586, 0.719104061626678, 0.0 ], [ 121.660115324903586, 0.720255733417412, 0.0 ], [ 121.659878440783174, 0.720891131410743, 0.0 ], [ 121.659602003580531, 0.72236061911, 0.0 ], [ 121.660035541549703, 0.723274273634482, 0.0 ], [ 121.660903401697183, 0.724346906709998, 0.0 ], [ 121.661297700447818, 0.725022204923879, 0.0 ], [ 121.662559998740548, 0.725340350883589, 0.0 ], [ 121.662993993565422, 0.725658179382664, 0.0 ], [ 121.663506782489989, 0.726333584615828, 0.0 ], [ 121.664966133930662, 0.727803520177454, 0.0 ], [ 121.666429134820163, 0.729277062919679, 0.0 ], [ 121.666465087916222, 0.72923382801318, 0.0 ], [ 121.666750549815404, 0.72955034080409, 0.0 ], [ 121.666835891878691, 0.729602444824566, 0.0 ], [ 121.666834476345926, 0.729643216488034, 0.0 ], [ 121.666859457713215, 0.729670852654011, 0.0 ], [ 121.667135302262636, 0.731180221687948, 0.0 ], [ 121.667213920994428, 0.732133485951918, 0.0 ], [ 121.666700779535773, 0.732649665320499, 0.0 ], [ 121.666327324371906, 0.732700783683908, 0.0 ], [ 121.666121154796627, 0.732954260295875, 0.0 ], [ 121.665643300935713, 0.733778397204814, 0.0 ], [ 121.665847786980066, 0.73446544236309, 0.0 ], [ 121.666325255031921, 0.734946445649713, 0.0 ], [ 121.666641583461768, 0.735328684491802, 0.0 ], [ 121.666617222626655, 0.736046752662771, 0.0 ], [ 121.666896840731312, 0.736184558475221, 0.0 ], [ 121.66748860002258, 0.736621644269979, 0.0 ], [ 121.667725193662008, 0.736979198521075, 0.0 ], [ 121.667133348935181, 0.737773340342444, 0.0 ], [ 121.666548956890125, 0.738053766038264, 0.0 ], [ 121.666546972086238, 0.738119269956909, 0.0 ], [ 121.665882003485351, 0.738374020008807, 0.0 ], [ 121.665497276219213, 0.738558686794315, 0.0 ], [ 121.665163768040543, 0.740235624703382, 0.0 ], [ 121.664890394828035, 0.741746804971947, 0.0 ], [ 121.664616740127713, 0.743257985240424, 0.0 ], [ 121.663593040063077, 0.744082024123331, 0.0 ], [ 121.66297848115984, 0.744768818370671, 0.0 ], [ 121.663114890325232, 0.745867947271809, 0.0 ], [ 121.662500330522533, 0.746554741519238, 0.0 ], [ 121.662295307583022, 0.747653765199656, 0.0 ], [ 121.663250914580729, 0.747310566826202, 0.0 ], [ 121.665230120919205, 0.746486822021568, 0.0 ], [ 121.665707669909949, 0.746693090522248, 0.0 ], [ 121.66625179031459, 0.746814938764677, 0.0 ], [ 121.666245558012989, 0.746997811402687, 0.0 ], [ 121.666248646284757, 0.746999720663348, 0.0 ], [ 121.667595863060228, 0.747865750690417, 0.0 ], [ 121.669344101018538, 0.748529950371095, 0.0 ], [ 121.669659351161243, 0.748760901664207, 0.0 ], [ 121.669773727836301, 0.749366871142802, 0.0 ], [ 121.669888280778451, 0.750319158743044, 0.0 ], [ 121.669314659013793, 0.751184673458587, 0.0 ], [ 121.668053099963686, 0.752107636865355, 0.0 ], [ 121.667938198983933, 0.753232906360006, 0.0 ], [ 121.667908926951213, 0.755310525508017, 0.0 ], [ 121.667679245500821, 0.75623380457686, 0.0 ], [ 121.666216940686695, 0.757099042301172, 0.0 ], [ 121.66597233318862, 0.75724672177027, 0.0 ], [ 121.665513724819121, 0.758452721604756, 0.0 ], [ 121.664379402748978, 0.760139723826673, 0.0 ], [ 121.664576131241489, 0.761380480658973, 0.0 ], [ 121.665019607618547, 0.762819805996644, 0.0 ], [ 121.664329288028867, 0.763315854940964, 0.0 ], [ 121.663392332969906, 0.764159273314239, 0.0 ], [ 121.664180670566893, 0.765400216306249, 0.0 ], [ 121.665569804742134, 0.766906968313056, 0.0 ], [ 121.665560455390349, 0.767175695628035, 0.0 ], [ 121.666610027151137, 0.768987817825843, 0.0 ], [ 121.66782832881168, 0.771770195178804, 0.0 ], [ 121.668396689542334, 0.77340685425276, 0.0 ], [ 121.667924815273523, 0.774805050896114, 0.0 ], [ 121.667420271333384, 0.776515778132429, 0.0 ], [ 121.668151227688298, 0.778970693448704, 0.0 ], [ 121.669147064058549, 0.78110502744118, 0.0 ], [ 121.66977592038333, 0.782325929041709, 0.0 ], [ 121.668962503393033, 0.784043976759401, 0.0 ], [ 121.668057507541008, 0.7850076686623, 0.0 ], [ 121.667416995103252, 0.786907302088151, 0.0 ], [ 121.666831781077832, 0.789731927791352, 0.0 ], [ 121.666278209697893, 0.790179821638163, 0.0 ], [ 121.664994921228896, 0.790484599175949, 0.0 ], [ 121.664804362984682, 0.79106686882107, 0.0 ], [ 121.664654258943401, 0.79158004265543, 0.0 ], [ 121.665056913294961, 0.792434980444616, 0.0 ], [ 121.665916810845189, 0.79290149115681, 0.0 ], [ 121.666479150614776, 0.793134790579701, 0.0 ], [ 121.666842942563434, 0.793467871580348, 0.0 ], [ 121.666875840662527, 0.794200584311193, 0.0 ], [ 121.666643679781345, 0.795798970038257, 0.0 ], [ 121.666279491231791, 0.796698034861469, 0.0 ], [ 121.665809146709805, 0.796784373373542, 0.0 ], [ 121.66526496155393, 0.796852667888474, 0.0 ], [ 121.664788681506437, 0.797057929148463, 0.0 ], [ 121.664380264299453, 0.797537170663291, 0.0 ], [ 121.663972127680822, 0.798016342930312, 0.0 ], [ 121.66369525610564, 0.798936562505607, 0.0 ], [ 121.663215057712151, 0.799971612913479, 0.0 ], [ 121.661775177492828, 0.800868343096743, 0.0 ], [ 121.661226386908737, 0.801282245268835, 0.0 ], [ 121.660883143569208, 0.802524380761875, 0.0 ], [ 121.660987286858841, 0.802613096182129, 0.0 ], [ 121.660750381154543, 0.803237039510778, 0.0 ], [ 121.66040254048086, 0.803935777653945, 0.0 ], [ 121.659750984368515, 0.80520232974, 0.0 ], [ 121.659273028884158, 0.805376919622196, 0.0 ], [ 121.65905605305548, 0.805158430234458, 0.0 ], [ 121.658925996700901, 0.804459534709893, 0.0 ], [ 121.658926751232102, 0.802144419003108, 0.0 ], [ 121.658622788480059, 0.801751152674272, 0.0 ], [ 121.658145143261748, 0.801838333851128, 0.0 ], [ 121.657797640733037, 0.80236239307923, 0.0 ], [ 121.657406373597198, 0.803629030600943, 0.0 ], [ 121.657102025935274, 0.804415190939282, 0.0 ], [ 121.656624338449006, 0.804633450100515, 0.0 ], [ 121.656277049059582, 0.804502327150062, 0.0 ], [ 121.656103428646503, 0.803934354926498, 0.0 ], [ 121.656190590937584, 0.802711358804968, 0.0 ], [ 121.655973629498021, 0.802449200138104, 0.0 ], [ 121.655409207797874, 0.802580021815773, 0.0 ], [ 121.655018197868031, 0.803060396476356, 0.0 ], [ 121.65462688756449, 0.804458110183796, 0.0 ], [ 121.654408800173769, 0.806773078401805, 0.0 ], [ 121.654235073640876, 0.807384603891874, 0.0 ], [ 121.653627114861905, 0.807559148807994, 0.0 ], [ 121.652932242904058, 0.807340500240298, 0.0 ], [ 121.652454684920059, 0.807165592897467, 0.0 ], [ 121.652194057798752, 0.807340253826032, 0.0 ], [ 121.651976809475428, 0.807951692981161, 0.0 ], [ 121.652323867739057, 0.80878173753665, 0.0 ], [ 121.652149845329063, 0.809436931406475, 0.0 ], [ 121.65171560678786, 0.80987362060017, 0.0 ], [ 121.651541468365423, 0.810878167803545, 0.0 ], [ 121.651584830975722, 0.811358686355694, 0.0 ], [ 121.651975496465184, 0.811926659478539, 0.0 ], [ 121.652105433209925, 0.812975119677199, 0.0 ], [ 121.652452359273269, 0.814198259690295, 0.0 ], [ 121.653536226679677, 0.816632659672427, 0.0 ], [ 121.65527180218362, 0.820739295908028, 0.0 ], [ 121.655618434168687, 0.822836108386786, 0.0 ], [ 121.655531217018918, 0.824190182492783, 0.0 ], [ 121.655009504121949, 0.825893604536291, 0.0 ], [ 121.654922462339982, 0.826723505200126, 0.0 ], [ 121.655269486429447, 0.827640962058167, 0.0 ], [ 121.655486255414075, 0.828470966144072, 0.0 ], [ 121.655268809239942, 0.829650318167489, 0.0 ], [ 121.655252791415279, 0.829688894585993, 0.0 ], [ 121.655333119758183, 0.830451439627149, 0.0 ], [ 121.655680379470027, 0.831499906121129, 0.0 ], [ 121.656548530098476, 0.832461213021966, 0.0 ], [ 121.657242888543351, 0.833378720242032, 0.0 ], [ 121.657850586518933, 0.834820443172317, 0.0 ], [ 121.658457751196494, 0.837004688638147, 0.0 ], [ 121.658847879790727, 0.839145260328182, 0.0 ], [ 121.659368576453844, 0.840455876495687, 0.0 ], [ 121.659976155718965, 0.841417026015127, 0.0 ], [ 121.660192937294056, 0.842203363519926, 0.0 ], [ 121.660192698074383, 0.842902286024154, 0.0 ], [ 121.659757971201401, 0.844736746481915, 0.0 ], [ 121.65984537001421, 0.845341577418805, 0.0 ], [ 121.660582934587268, 0.847176445269441, 0.0 ], [ 121.661016854768476, 0.847700771596331, 0.0 ], [ 121.661581461729043, 0.847875716710637, 0.0 ], [ 121.662623751679206, 0.847876079137437, 0.0 ], [ 121.663883182034141, 0.847614429486869, 0.0 ], [ 121.665229272858468, 0.847658566413427, 0.0 ], [ 121.665880614932163, 0.847920879763579, 0.0 ], [ 121.666618557220502, 0.848663730551662, 0.0 ], [ 121.667226389195122, 0.849712294172393, 0.0 ], [ 121.667356241403581, 0.850979109759846, 0.0 ], [ 121.667095307613451, 0.852027371208423, 0.0 ], [ 121.666921273512273, 0.852682565977618, 0.0 ], [ 121.666226197408221, 0.853031751137871, 0.0 ], [ 121.665878633725669, 0.853686814606051, 0.0 ], [ 121.665878363029677, 0.854473148513461, 0.0 ], [ 121.666355745645959, 0.855172169943179, 0.0 ], [ 121.667441200355626, 0.856220901737119, 0.0 ], [ 121.668656828331777, 0.856789173434906, 0.0 ], [ 121.669308111949476, 0.857226238545232, 0.0 ], [ 121.669916168754568, 0.85761961908795, 0.0 ], [ 121.670697565384103, 0.85775090121845, 0.0 ], [ 121.671783384319312, 0.857751280732292, 0.0 ], [ 121.672825621209427, 0.857926394019896, 0.0 ], [ 121.673433353359201, 0.858450783299273, 0.0 ], [ 121.67404067991481, 0.860154608239076, 0.0 ], [ 121.67399667428927, 0.861552375905754, 0.0 ], [ 121.673996296574074, 0.862644401062278, 0.0 ], [ 121.674126356525875, 0.863299703750035, 0.0 ], [ 121.674560696690506, 0.863430865371421, 0.0 ], [ 121.675646564188909, 0.863300237047974, 0.0 ], [ 121.676992862756649, 0.862776531253421, 0.0 ], [ 121.67777466318185, 0.862558385406702, 0.0 ], [ 121.678339055204304, 0.862558582358223, 0.0 ], [ 121.678860070227415, 0.86295186307626, 0.0 ], [ 121.680336396371416, 0.864000736963115, 0.0 ], [ 121.681204736756882, 0.86443788031441, 0.0 ], [ 121.682637843282691, 0.864613131198259, 0.0 ], [ 121.684939428689489, 0.864832354432758, 0.0 ], [ 121.685938060152608, 0.86526947260304, 0.0 ], [ 121.68654578151056, 0.865837604905932, 0.0 ], [ 121.687255132552991, 0.867275567770802, 0.0 ], [ 121.687689370194747, 0.867712489888843, 0.0 ], [ 121.688687927913392, 0.868368099245513, 0.0 ], [ 121.689208855702304, 0.869023472080448, 0.0 ], [ 121.689555880691046, 0.869940945126339, 0.0 ], [ 121.689902840928653, 0.871863040019187, 0.0 ], [ 121.689945825823671, 0.872605656084184, 0.0 ], [ 121.689598165913566, 0.87352288631302, 0.0 ], [ 121.68912041367598, 0.873872148814962, 0.0 ], [ 121.68768673877851, 0.87531317656933, 0.0 ], [ 121.686991195926566, 0.876972812421899, 0.0 ], [ 121.686817299421733, 0.878021111641951, 0.0 ], [ 121.686469697068247, 0.878763589211333, 0.0 ], [ 121.685339777179394, 0.880379398403379, 0.0 ], [ 121.685035743380908, 0.880990880726111, 0.0 ], [ 121.684861716474416, 0.881602338767022, 0.0 ], [ 121.684861470959532, 0.882301268465761, 0.0 ], [ 121.684600618108206, 0.883087445891233, 0.0 ], [ 121.683862086763867, 0.884004532228592, 0.0 ], [ 121.683427450722391, 0.884703236197586, 0.0 ], [ 121.683166417107486, 0.885997904687512, 0.0 ], [ 121.683382745424268, 0.88805102990082, 0.0 ], [ 121.683252070336181, 0.88914301188983, 0.0 ], [ 121.682947676808908, 0.890759110663568, 0.0 ], [ 121.682773414279964, 0.892025827325531, 0.0 ], [ 121.682382096782007, 0.893292463947874, 0.0 ], [ 121.68173023220217, 0.894471596536776, 0.0 ], [ 121.681686428024818, 0.895257849505286, 0.0 ], [ 121.68203370932028, 0.896218994528146, 0.0 ], [ 121.682815146419486, 0.897049216250005, 0.0 ], [ 121.684131965211009, 0.900499895091426, 0.0 ], [ 121.68444115572197, 0.900403128041054, 0.0 ], [ 121.684586039198834, 0.900424308873519, 0.0 ], [ 121.685013234249823, 0.900914371930321, 0.0 ], [ 121.685532007263163, 0.901299463421905, 0.0 ], [ 121.68604317830723, 0.901742425386702, 0.0 ], [ 121.686585001843582, 0.902058063137305, 0.0 ], [ 121.686874739119702, 0.902181121867178, 0.0 ], [ 121.687584430105858, 0.902632918771688, 0.0 ], [ 121.688492183279209, 0.902805595795923, 0.0 ], [ 121.689087201713463, 0.902774790419096, 0.0 ], [ 121.689537341167437, 0.902711427786178, 0.0 ], [ 121.690750421364186, 0.902603540618978, 0.0 ], [ 121.691170177223498, 0.902701773564222, 0.0 ], [ 121.691391446415537, 0.902698956887642, 0.0 ], [ 121.691749943156083, 0.902924855789448, 0.0 ], [ 121.691994188227454, 0.903060052668829, 0.0 ], [ 121.692291735216017, 0.90333278016808, 0.0 ], [ 121.692650260734894, 0.903477982004945, 0.0 ], [ 121.693092865668831, 0.904071574114455, 0.0 ], [ 121.693565887472602, 0.904411284017863, 0.0 ], [ 121.693748889612976, 0.904627862346201, 0.0 ], [ 121.69423727273626, 0.905197799588402, 0.0 ], [ 121.694656897294379, 0.905664966805668, 0.0 ], [ 121.695106877568406, 0.906051023269798, 0.0 ], [ 121.695480852540371, 0.906184571691808, 0.0 ], [ 121.695862085940419, 0.906433304380032, 0.0 ], [ 121.696068151194339, 0.906545875216417, 0.0 ], [ 121.696457248266242, 0.906794328215481, 0.0 ], [ 121.696800648987249, 0.906836072945465, 0.0 ], [ 121.697517771970652, 0.906930669032428, 0.0 ], [ 121.697662635662454, 0.907009369602489, 0.0 ], [ 121.69841798522819, 0.90699968030699, 0.0 ], [ 121.699318471879479, 0.907091939055986, 0.0 ], [ 121.70034819200562, 0.906997975192362, 0.0 ], [ 121.701126563315967, 0.906999458174455, 0.0 ], [ 121.701294440658472, 0.907112510148104, 0.0 ], [ 121.701576516610317, 0.907466213502266, 0.0 ], [ 121.701736750614785, 0.907752317517323, 0.0 ], [ 121.701874190403402, 0.908177056519958, 0.0 ], [ 121.702133455951184, 0.908715466229663, 0.0 ], [ 121.702362427836462, 0.909162002100343, 0.0 ], [ 121.702476994268451, 0.909160489440656, 0.0 ], [ 121.702743960710819, 0.909364592373878, 0.0 ], [ 121.702911714846209, 0.909823542485748, 0.0 ], [ 121.703239813602721, 0.910257325070622, 0.0 ], [ 121.70343821483435, 0.910600539631927, 0.0 ], [ 121.70412492094809, 0.911744340556213, 0.0 ], [ 121.704384133435923, 0.912432558430369, 0.0 ], [ 121.70450619032097, 0.912684659978895, 0.0 ], [ 121.704880192272782, 0.913532761122075, 0.0 ], [ 121.705162413015287, 0.914266777869814, 0.0 ], [ 121.705452410195605, 0.914459017846107, 0.0 ], [ 121.70591772121216, 0.915167733067905, 0.0 ], [ 121.706680768075017, 0.915630575445574, 0.0 ], [ 121.707222309224093, 0.915969464267911, 0.0 ], [ 121.707611374819749, 0.916310345987829, 0.0 ], [ 121.70780227390695, 0.91643457203772, 0.0 ], [ 121.708305646929688, 0.916716491507445, 0.0 ], [ 121.708794084012283, 0.91714828389267, 0.0 ], [ 121.709144953602731, 0.917512683783021, 0.0 ], [ 121.709312822851459, 0.917648772789752, 0.0 ], [ 121.709709503905941, 0.917897441626207, 0.0 ], [ 121.709877423516701, 0.917895170838027, 0.0 ], [ 121.71041901502781, 0.918095841059001, 0.0 ], [ 121.710739409292614, 0.918091717667595, 0.0 ], [ 121.711983186048244, 0.918560106164116, 0.0 ], [ 121.71225022893293, 0.918556740001745, 0.0 ], [ 121.712601213636646, 0.918598347135484, 0.0 ], [ 121.713112239889952, 0.91868417753063, 0.0 ], [ 121.713852404403013, 0.918755392144126, 0.0 ], [ 121.714287338120229, 0.91883059525089, 0.0 ], [ 121.714912890336038, 0.919030165601002, 0.0 ], [ 121.715393342338302, 0.919024120358384, 0.0 ], [ 121.71566821022391, 0.91912435159716, 0.0 ], [ 121.716499818700399, 0.919471118480457, 0.0 ], [ 121.717392419196841, 0.919655874298923, 0.0 ], [ 121.718063722622219, 0.919912486846756, 0.0 ], [ 121.719147142166179, 0.920451975742979, 0.0 ], [ 121.720146605502094, 0.920981046892803, 0.0 ], [ 121.720733954518096, 0.92122717064778, 0.0 ], [ 121.721023924718651, 0.921500109487754, 0.0 ], [ 121.721153578177024, 0.921717449541885, 0.0 ], [ 121.721413172876623, 0.922129091717787, 0.0 ], [ 121.721565557598524, 0.922380782276137, 0.0 ], [ 121.721908885474434, 0.9226413743239, 0.0 ], [ 121.722473505924739, 0.922841700104575, 0.0 ], [ 121.722648975343915, 0.922931648495266, 0.0 ], [ 121.723373872966292, 0.923302756428716, 0.0 ], [ 121.723534170822788, 0.923415877650173, 0.0 ], [ 121.724045126029637, 0.923709036846647, 0.0 ], [ 121.724365762212045, 0.923820095023346, 0.0 ], [ 121.725006514768751, 0.923927029808551, 0.0 ], [ 121.725616903515856, 0.924138042232884, 0.0 ], [ 121.726189140324465, 0.924245729750632, 0.0 ], [ 121.727135093999578, 0.924440751329962, 0.0 ], [ 121.727455441499572, 0.924574705346197, 0.0 ], [ 121.72750904199188, 0.924666022505098, 0.0 ], [ 121.728096393705911, 0.924911652532349, 0.0 ], [ 121.728897404548889, 0.925246466526568, 0.0 ], [ 121.729301957369202, 0.9254828443287, 0.0 ], [ 121.729561374902431, 0.925605894065411, 0.0 ], [ 121.73010291515223, 0.92596683156592, 0.0 ], [ 121.730499651065429, 0.926076433740279, 0.0 ], [ 121.730751495407873, 0.926176443745889, 0.0 ], [ 121.731277881182137, 0.926514197623822, 0.0 ], [ 121.731720306251773, 0.926853123318354, 0.0 ], [ 121.732117167170742, 0.927399856253456, 0.0 ], [ 121.732345933111247, 0.927649667228829, 0.0 ], [ 121.73251380955449, 0.927773815037751, 0.0 ], [ 121.73288016097365, 0.928044309520386, 0.0 ], [ 121.733131871317056, 0.928523859502687, 0.0 ], [ 121.733223376434225, 0.928625861506509, 0.0 ], [ 121.733444569183945, 0.92885263365015, 0.0 ], [ 121.733757340795222, 0.928974006151266, 0.0 ], [ 121.734123758764255, 0.929059784385648, 0.0 ], [ 121.734512629206947, 0.929179559690878, 0.0 ], [ 121.735054457239784, 0.929526717779287, 0.0 ], [ 121.735451140992296, 0.929784151408101, 0.0 ], [ 121.735733350943093, 0.929778670040297, 0.0 ], [ 121.73642013259996, 0.92996066763809, 0.0 ], [ 121.737106649856074, 0.930096096542447, 0.0 ], [ 121.738243515208865, 0.930404885955775, 0.0 ], [ 121.73951011136171, 0.930720224232155, 0.0 ], [ 121.740066910408316, 0.930821475302172, 0.0 ], [ 121.740456080325316, 0.93089234997195, 0.0 ], [ 121.740707930962998, 0.930978086837557, 0.0 ], [ 121.741058650366654, 0.930992275441182, 0.0 ], [ 121.741562162784447, 0.930910131367062, 0.0 ], [ 121.741974386821667, 0.930899609299311, 0.0 ], [ 121.742340531396778, 0.930970900355214, 0.0 ], [ 121.742836399577328, 0.931062024159894, 0.0 ], [ 121.743103406489112, 0.931170236881699, 0.0 ], [ 121.743690831048156, 0.931224930050271, 0.0 ], [ 121.744438542671787, 0.931425816108548, 0.0 ], [ 121.74470560714029, 0.93137369050436, 0.0 ], [ 121.744850503207701, 0.931370350422371, 0.0 ], [ 121.745003250356405, 0.931401568587935, 0.0 ], [ 121.745262434965213, 0.931395795839877, 0.0 ], [ 121.745529491339738, 0.931367130849496, 0.0 ], [ 121.745758360702297, 0.931327711766298, 0.0 ], [ 121.746200912576384, 0.931318683472453, 0.0 ], [ 121.74667408096947, 0.931286347449527, 0.0 ], [ 121.747360686359258, 0.931181725720557, 0.0 ], [ 121.74783352020458, 0.931300329209099, 0.0 ], [ 121.748245748738469, 0.931282104448287, 0.0 ], [ 121.749062041760709, 0.931304372560974, 0.0 ], [ 121.74940540021349, 0.931495290533961, 0.0 ], [ 121.749885844121877, 0.931534822931672, 0.0 ], [ 121.752083335701883, 0.931797491514112, 0.0 ], [ 121.752266436767741, 0.931752684592561, 0.0 ], [ 121.752396161272486, 0.931776403311817, 0.0 ], [ 121.752739288599471, 0.931824649240669, 0.0 ], [ 121.753021754857059, 0.931895415092514, 0.0 ], [ 121.753265766104619, 0.931919881148362, 0.0 ], [ 121.753548015625626, 0.931806705068298, 0.0 ], [ 121.753799906732795, 0.931785242748022, 0.0 ], [ 121.754043914383061, 0.93182122732041, 0.0 ], [ 121.754433089695922, 0.931881219294288, 0.0 ], [ 121.754761058950166, 0.931917799217822, 0.0 ], [ 121.755356346281687, 0.931978994484632, 0.0 ], [ 121.755699466414171, 0.932050135353828, 0.0 ], [ 121.75636325780269, 0.93214626388554, 0.0 ], [ 121.757004297243157, 0.932265280162907, 0.0 ], [ 121.757355251369887, 0.932416981400079, 0.0 ], [ 121.7582172371458, 0.932675286471988, 0.0 ], [ 121.75838508211271, 0.932894903609442, 0.0 ], [ 121.75871301899133, 0.933023489572564, 0.0 ], [ 121.758980049285569, 0.933071070902462, 0.0 ], [ 121.759254982821773, 0.933003824997085, 0.0 ], [ 121.759521764003807, 0.932959470434573, 0.0 ], [ 121.759887979625276, 0.932835300142658, 0.0 ], [ 121.75998739338047, 0.932812934903131, 0.0 ], [ 121.760345749826669, 0.932677172350198, 0.0 ], [ 121.760559467411809, 0.932609480381101, 0.0 ], [ 121.760879891354207, 0.932542532151297, 0.0 ] ], [ [ 121.701149866548377, 0.907009500903504, 0.0 ], [ 121.701149867447739, 0.907006108660839, 0.0 ], [ 121.701154918939594, 0.907014943600463, 0.0 ], [ 121.701149866548377, 0.907009500903504, 0.0 ] ] ] ] } },
{ "type": "Feature", "properties": { "KEC_NO": "032", "KECAMATAN": "BUNTULIA" }, "geometry": { "type": "MultiPolygon", "coordinates": [ [ [ [ 121.961098008788795, 0.907535354279192, 0.0 ], [ 121.962288190448064, 0.907368986898253, 0.0 ], [ 121.963142715448512, 0.907453755194103, 0.0 ], [ 121.963890540386572, 0.907491991668889, 0.0 ], [ 121.964538970455592, 0.907472178705264, 0.0 ], [ 121.964989154875639, 0.907393864843557, 0.0 ], [ 121.965446663374379, 0.907235129109489, 0.0 ], [ 121.965973290166858, 0.906950196910942, 0.0 ], [ 121.966255574761405, 0.906756004506563, 0.0 ], [ 121.96658363304843, 0.906562179924757, 0.0 ], [ 121.966812547377074, 0.906413837655444, 0.0 ], [ 121.967415261309981, 0.906186522321332, 0.0 ], [ 121.967666893412414, 0.906141790043539, 0.0 ], [ 121.968132245797847, 0.906051959464031, 0.0 ], [ 121.968880107608271, 0.905963341170528, 0.0 ], [ 121.969452176243678, 0.905862376084991, 0.0 ], [ 121.970154009853303, 0.905681518827554, 0.0 ], [ 121.970390768968016, 0.905602087108663, 0.0 ], [ 121.971008646369526, 0.905374912068817, 0.0 ], [ 121.971428251142669, 0.90519270133174, 0.0 ], [ 121.971794488348038, 0.905044822213279, 0.0 ], [ 121.972091907632802, 0.90495416605612, 0.0 ], [ 121.972397193287506, 0.904852063328158, 0.0 ], [ 121.972847394794684, 0.904716010294253, 0.0 ], [ 121.97338887389057, 0.904545989867271, 0.0 ], [ 121.973938195973943, 0.904444945641396, 0.0 ], [ 121.974472341098689, 0.904389903535944, 0.0 ], [ 121.974807936603767, 0.90435685524997, 0.0 ], [ 121.975189578295968, 0.904358589142821, 0.0 ], [ 121.975700660307353, 0.904429899084506, 0.0 ], [ 121.976135648883087, 0.904466488900572, 0.0 ], [ 121.976532435158305, 0.904537342886007, 0.0 ], [ 121.976845242742485, 0.904653825773253, 0.0 ], [ 121.977539374558162, 0.904898685081461, 0.0 ], [ 121.977989499623021, 0.905038952338381, 0.0 ], [ 121.978348064712023, 0.905213328181835, 0.0 ], [ 121.978691466332322, 0.905387557435881, 0.0 ], [ 121.979011836315394, 0.90557322966343, 0.0 ], [ 121.979355234338385, 0.9057591905733, 0.0 ], [ 121.979927482838178, 0.906026912446149, 0.0 ], [ 121.980530060074102, 0.906294924800059, 0.0 ], [ 121.980980172548513, 0.90648162315408, 0.0 ], [ 121.981292980132622, 0.906598601567703, 0.0 ], [ 121.981590632341977, 0.906680804997011, 0.0 ], [ 121.982025535482066, 0.907028557537374, 0.0 ], [ 121.98205486956806, 0.907010545016389, 0.0 ], [ 121.982154737480755, 0.9069490889462, 0.0 ], [ 121.982155295060352, 0.906948868612316, 0.0 ], [ 121.982176859903319, 0.906940332247545, 0.0 ], [ 121.982383917109374, 0.906858271810433, 0.0 ], [ 121.982933269769617, 0.906654754335916, 0.0 ], [ 121.983154586625844, 0.90656421688922, 0.0 ], [ 121.9835740232256, 0.906291177325195, 0.0 ], [ 121.983863827950884, 0.906005693842209, 0.0 ], [ 121.983864105841491, 0.906005477105624, 0.0 ], [ 121.984199489106558, 0.905743458733114, 0.0 ], [ 121.984565817143348, 0.905274590897802, 0.0 ], [ 121.984779381843595, 0.904781793002689, 0.0 ], [ 121.984916552734674, 0.904323177438675, 0.0 ], [ 121.985122815839404, 0.903830660132003, 0.0 ], [ 121.985450765308684, 0.903017614561578, 0.0 ], [ 121.985664317418355, 0.902571529251288, 0.0 ], [ 121.985801723032623, 0.902274255656569, 0.0 ], [ 121.986030676032115, 0.901989304572241, 0.0 ], [ 121.986030773158873, 0.901989250612915, 0.0 ], [ 121.986030956620567, 0.90198902218515, 0.0 ], [ 121.986275031719984, 0.901853402624412, 0.0 ], [ 121.986664026269182, 0.901673300797627, 0.0 ], [ 121.986976908497127, 0.901527031465425, 0.0 ], [ 121.987236162353724, 0.90133487692479, 0.0 ], [ 121.987236443841539, 0.901334664684698, 0.0 ], [ 121.98744232383504, 0.901210553748148, 0.0 ], [ 121.987869431651802, 0.900974260482216, 0.0 ], [ 121.988008567561707, 0.900855103011304, 0.0 ], [ 121.988212522106693, 0.900680389921975, 0.0 ], [ 121.988502502199779, 0.899974463497814, 0.0 ], [ 121.988784712150647, 0.899029390258947, 0.0 ], [ 121.988929702646715, 0.898722859942529, 0.0 ], [ 121.989242449076968, 0.898042386130386, 0.0 ], [ 121.989578223547156, 0.897363120107757, 0.0 ], [ 121.990280213638812, 0.896611659210604, 0.0 ], [ 121.99028050142195, 0.896611456863132, 0.0 ], [ 121.990315994964448, 0.896586439522932, 0.0 ], [ 121.99078355158818, 0.896256890159845, 0.0 ], [ 121.990872892936537, 0.896218752610549, 0.0 ], [ 121.991165449587271, 0.896093775626853, 0.0 ], [ 121.991615228413011, 0.89570532157011, 0.0 ], [ 121.991615330935701, 0.895705264013573, 0.0 ], [ 121.991615509001448, 0.895705109330196, 0.0 ], [ 121.992119108653469, 0.895420798563089, 0.0 ], [ 121.99304993393352, 0.894806218975423, 0.0 ], [ 121.993484712067911, 0.894589520137882, 0.0 ], [ 121.993911717361968, 0.894440962031177, 0.0 ], [ 121.994104768526796, 0.894344179692323, 0.0 ], [ 121.994301167867405, 0.894245648172136, 0.0 ], [ 121.994949700459046, 0.893851620117596, 0.0 ], [ 121.995277496144126, 0.893597722622923, 0.0 ], [ 121.996063204123516, 0.892725646453866, 0.0 ], [ 121.996459850104557, 0.892287877174373, 0.0 ], [ 121.996666040364175, 0.892051609988824, 0.0 ], [ 121.996666322751267, 0.892051328501013, 0.0 ], [ 121.996673063169894, 0.89204459527699, 0.0 ], [ 121.99690256025913, 0.891815350897156, 0.0 ], [ 121.997077835424804, 0.891669392730447, 0.0 ], [ 121.997077956833195, 0.891669313590108, 0.0 ], [ 121.997078116013157, 0.891669180490444, 0.0 ], [ 121.997352813027803, 0.891490104790042, 0.0 ], [ 121.997711488733472, 0.891265963163361, 0.0 ], [ 121.997963139721605, 0.891154513781549, 0.0 ], [ 121.99839816876684, 0.891045021324492, 0.0 ], [ 121.998970254489365, 0.890890055548281, 0.0 ], [ 121.999153361850375, 0.890857313931219, 0.0 ], [ 121.999557772577859, 0.890780039685816, 0.0 ], [ 121.999786646437016, 0.890781727713223, 0.0 ], [ 122.000000387404427, 0.890660655585788, 0.0 ], [ 122.000351174257148, 0.89053319017796, 0.0 ], [ 122.000938709432859, 0.890362467380461, 0.0 ], [ 122.001373728585463, 0.890294812283558, 0.0 ], [ 122.001923052467404, 0.890192983848807, 0.0 ], [ 122.002212877877128, 0.890147903533504, 0.0 ], [ 122.003059606654887, 0.890012587044379, 0.0 ], [ 122.003624326929952, 0.890094930767952, 0.0 ], [ 122.004226968917024, 0.890143010322335, 0.0 ], [ 122.004738039237139, 0.890271276126712, 0.0 ], [ 122.005112072665014, 0.890376041747247, 0.0 ], [ 122.00538670223041, 0.890446009900385, 0.0 ], [ 122.005905370922406, 0.890516751470587, 0.0 ], [ 122.006210635892685, 0.890494784630684, 0.0 ], [ 122.006691405355596, 0.890519367598345, 0.0 ], [ 122.007057597594795, 0.890543565656214, 0.0 ], [ 122.007339830927847, 0.890532970743356, 0.0 ], [ 122.007820319802406, 0.890557553711106, 0.0 ], [ 122.008125575779431, 0.890570074072387, 0.0 ], [ 122.008354443343364, 0.890593810777966, 0.0 ], [ 122.008857932378803, 0.890722144930871, 0.0 ], [ 122.00924714096665, 0.890792426947522, 0.0 ], [ 122.009979525444948, 0.89084082306317, 0.0 ], [ 122.011207823969087, 0.890994511802061, 0.0 ], [ 122.011886855268727, 0.891031232919141, 0.0 ], [ 122.012161501021893, 0.891043603093626, 0.0 ], [ 122.012642262390912, 0.891102744308929, 0.0 ], [ 122.0129093196648, 0.891138151516583, 0.0 ], [ 122.013237332086561, 0.891116190971912, 0.0 ], [ 122.013435587627882, 0.891151367953062, 0.0 ], [ 122.013580513372972, 0.891094380614037, 0.0 ], [ 122.013786396064489, 0.890945596777497, 0.0 ], [ 122.013786431137945, 0.890945561703953, 0.0 ], [ 122.013938924677873, 0.890796450514246, 0.0 ], [ 122.014228821133969, 0.890486634075076, 0.0 ], [ 122.014229096326545, 0.89048641374128, 0.0 ], [ 122.014343142950338, 0.890394932905751, 0.0 ], [ 122.014549331411303, 0.8901654475076, 0.0 ], [ 122.014633057393013, 0.890016071017933, 0.0 ], [ 122.014861989708066, 0.889798181477923, 0.0 ], [ 122.014862109317988, 0.889798123921385, 0.0 ], [ 122.014862271195881, 0.889797970137289, 0.0 ], [ 122.015121789453161, 0.889672173871174, 0.0 ], [ 122.01529733711331, 0.889557662297795, 0.0 ], [ 122.015297713029938, 0.889557379910703, 0.0 ], [ 122.015434126691986, 0.889454730394971, 0.0 ], [ 122.01558692779993, 0.889340072232185, 0.0 ], [ 122.015587209287744, 0.889339860891462, 0.0 ], [ 122.015754615385532, 0.889214109591511, 0.0 ], [ 122.015754895974055, 0.889213898250789, 0.0 ], [ 122.015991396084047, 0.889053466395344, 0.0 ], [ 122.01608296145568, 0.888996247930533, 0.0 ], [ 122.016342216211655, 0.888801616656946, 0.0 ], [ 122.016342496800092, 0.888801404416943, 0.0 ], [ 122.016494976850282, 0.888713459715733, 0.0 ], [ 122.016837953091198, 0.888515529728932, 0.0 ], [ 122.016929521160961, 0.888446720801843, 0.0 ], [ 122.016929801749399, 0.888446508561839, 0.0 ], [ 122.017319083182343, 0.888240676232348, 0.0 ], [ 122.017563132201388, 0.888206889603031, 0.0 ], [ 122.01777684798779, 0.888184614295743, 0.0 ], [ 122.018287981260386, 0.888082701324703, 0.0 ], [ 122.018768483624768, 0.88806127497734, 0.0 ], [ 122.019157707501009, 0.888074029162426, 0.0 ], [ 122.019546952961051, 0.888006217583408, 0.0 ], [ 122.02029456835723, 0.887812989252205, 0.0 ], [ 122.020508030534756, 0.887687109349082, 0.0 ], [ 122.020510569320919, 0.887685690218935, 0.0 ], [ 122.021041404041185, 0.887378488108963, 0.0 ], [ 122.021064740548582, 0.887274818762078, 0.0 ], [ 122.021701186252102, 0.88693519879091, 0.0 ], [ 122.022189948889306, 0.886470027169155, 0.0 ], [ 122.022700087511666, 0.885879983784425, 0.0 ], [ 122.022920062579345, 0.88555000634412, 0.0 ], [ 122.022990126960039, 0.885019987308881, 0.0 ], [ 122.023250107468897, 0.88419998278451, 0.0 ], [ 122.023660023845736, 0.88348001794352, 0.0 ], [ 122.024309949487218, 0.882059972271447, 0.0 ], [ 122.024660029472926, 0.881410025945621, 0.0 ], [ 122.024839912764477, 0.880820035620848, 0.0 ], [ 122.024890043672343, 0.880270012066413, 0.0 ], [ 122.02480995275036, 0.879400022324388, 0.0 ], [ 122.024629939057178, 0.878330006275911, 0.0 ], [ 122.02441986102842, 0.877319982201401, 0.0 ], [ 122.024309998949875, 0.876460020799401, 0.0 ], [ 122.024219982210752, 0.875959995053081, 0.0 ], [ 122.024250131981688, 0.87557003643071, 0.0 ], [ 122.024480107510357, 0.874570021810443, 0.0 ], [ 122.0245700828808, 0.874140008284145, 0.0 ], [ 122.024599953861951, 0.873740015026518, 0.0 ], [ 122.024750008440577, 0.873379981344628, 0.0 ], [ 122.025250040482135, 0.872759968053253, 0.0 ], [ 122.02542986531769, 0.872389977977166, 0.0 ], [ 122.02571000233128, 0.871800013732686, 0.0 ], [ 122.02604990558882, 0.87140002946831, 0.0 ], [ 122.026689998942516, 0.871059982319204, 0.0 ], [ 122.027150048025874, 0.870849995121973, 0.0 ], [ 122.027879959368619, 0.870689971558684, 0.0 ], [ 122.028290023234419, 0.870470006383543, 0.0 ], [ 122.028670087515792, 0.87005999647725, 0.0 ], [ 122.028990047407973, 0.86968000683945, 0.0 ], [ 122.029079988604167, 0.869380028084014, 0.0 ], [ 122.029080124401844, 0.868849990162994, 0.0 ], [ 122.029090052917013, 0.868460026144672, 0.0 ], [ 122.029160093015975, 0.868010006300528, 0.0 ], [ 122.029289906553586, 0.867729967313151, 0.0 ], [ 122.029350014540086, 0.867689982556401, 0.0 ], [ 122.029439891884408, 0.867639970359084, 0.0 ], [ 122.029701340986065, 0.867643147663814, 0.0 ], [ 122.02986827763776, 0.866049683026863, 0.0 ], [ 122.029516380122374, 0.86392018109163, 0.0 ], [ 122.029516874749461, 0.86196822690872, 0.0 ], [ 122.030398513409679, 0.860371412297249, 0.0 ], [ 122.031456745641563, 0.858952097774006, 0.0 ], [ 122.033396033772974, 0.85824276381861, 0.0 ], [ 122.03392496462854, 0.857710527055237, 0.0 ], [ 122.034806554725378, 0.856291164867899, 0.0 ], [ 122.034807263391116, 0.853451992630942, 0.0 ], [ 122.036218677370329, 0.849016060641121, 0.0 ], [ 122.037100849328567, 0.846354564759392, 0.0 ], [ 122.037101111031305, 0.845289821436017, 0.0 ], [ 122.036396175659988, 0.844402429812811, 0.0 ], [ 122.035162268963617, 0.844224664424535, 0.0 ], [ 122.033920863720127, 0.844849164433574, 0.0 ], [ 122.033912439770674, 0.844846547406445, 0.0 ], [ 122.033561441577234, 0.844707306275998, 0.0 ], [ 122.033172257271119, 0.84454494627411, 0.0 ], [ 122.032668832986815, 0.844151956037135, 0.0 ], [ 122.032577071562926, 0.84387546487517, 0.0 ], [ 122.032912774986571, 0.843404591551815, 0.0 ], [ 122.033736861533569, 0.842820340700205, 0.0 ], [ 122.033958228751814, 0.842510287739388, 0.0 ], [ 122.034133523702366, 0.842269129141319, 0.0 ], [ 122.034385489453385, 0.842005303131481, 0.0 ], [ 122.034812726772515, 0.841592261610584, 0.0 ], [ 122.035132952864018, 0.841248098264584, 0.0 ], [ 122.035377066634368, 0.840938121746086, 0.0 ], [ 122.035629054868295, 0.840582138610583, 0.0 ], [ 122.03609437307955, 0.839478712748791, 0.0 ], [ 122.036247002416985, 0.838903763584957, 0.0 ], [ 122.03630048329947, 0.838397554100405, 0.0 ], [ 122.036323193878744, 0.837396209382861, 0.0 ], [ 122.036300312428239, 0.836797682693406, 0.0 ], [ 122.036300337609333, 0.836694078097659, 0.0 ], [ 122.036338633439314, 0.836268359733365, 0.0 ], [ 122.036323311689927, 0.835761849875309, 0.0 ], [ 122.036307962061429, 0.83537053597456, 0.0 ], [ 122.036254453300103, 0.834840836198607, 0.0 ], [ 122.036208731768028, 0.834622024853652, 0.0 ], [ 122.036224100282226, 0.833781951958227, 0.0 ], [ 122.036231777794441, 0.833390643453517, 0.0 ], [ 122.03633097930944, 0.833103244414639, 0.0 ], [ 122.036513880725778, 0.832758481220823, 0.0 ], [ 122.036811655242985, 0.832345124037852, 0.0 ], [ 122.037147103259286, 0.831759265198455, 0.0 ], [ 122.037460079016597, 0.831196298601382, 0.0 ], [ 122.037620249169294, 0.83078248276414, 0.0 ], [ 122.037780377953226, 0.829378835329945, 0.0 ], [ 122.037574447597791, 0.82857248880928, 0.0 ], [ 122.037185409881076, 0.827800090795998, 0.0 ], [ 122.036971785825557, 0.827454028981149, 0.0 ], [ 122.036765793416748, 0.826900900067721, 0.0 ], [ 122.03678109628035, 0.826325492249617, 0.0 ], [ 122.036788561552655, 0.825646407890117, 0.0 ], [ 122.036704688981459, 0.825254864662232, 0.0 ], [ 122.036430115174113, 0.824954724928188, 0.0 ], [ 122.03617827083167, 0.824723707984658, 0.0 ], [ 122.036002796915923, 0.824550448199739, 0.0 ], [ 122.035796724467474, 0.824331102657476, 0.0 ], [ 122.035483951956834, 0.824053921715455, 0.0 ], [ 122.03518632762659, 0.82384572057184, 0.0 ], [ 122.03486596303938, 0.823614474301086, 0.0 ], [ 122.034560743035172, 0.823463869337475, 0.0 ], [ 122.033859054216379, 0.823081786977413, 0.0 ], [ 122.03348506575459, 0.822792788943997, 0.0 ], [ 122.033027425055479, 0.822365396042039, 0.0 ], [ 122.03276800932089, 0.822088369783484, 0.0 ], [ 122.032501020395529, 0.82177671243218, 0.0 ], [ 122.032305071615127, 0.821500690716296, 0.0 ], [ 122.032500902584246, 0.809335426727679, 0.0 ], [ 122.032506035914452, 0.809005744265016, 0.0 ], [ 122.032508281521615, 0.809006945759209, 0.0 ], [ 122.032546785994214, 0.808874657287299, 0.0 ], [ 122.03250865653888, 0.808609770077533, 0.0 ], [ 122.032470521687515, 0.808367921699408, 0.0 ], [ 122.032470293259749, 0.808149333386269, 0.0 ], [ 122.032447592572993, 0.807953567168366, 0.0 ], [ 122.032432225857548, 0.807619710052724, 0.0 ], [ 122.032340764807174, 0.807251133710922, 0.0 ], [ 122.032249009678509, 0.806940015053507, 0.0 ], [ 122.032180545191721, 0.806698088434414, 0.0 ], [ 122.032126949195998, 0.806525282807095, 0.0 ], [ 122.032180397702859, 0.806134127187112, 0.0 ], [ 122.032287159818367, 0.805927295710899, 0.0 ], [ 122.032470321138703, 0.805651720058735, 0.0 ], [ 122.032775667947334, 0.805261330661037, 0.0 ], [ 122.033034927199893, 0.805009023167739, 0.0 ], [ 122.033553664240316, 0.804769004010745, 0.0 ], [ 122.033942854841669, 0.80489687141541, 0.0 ], [ 122.034446335783144, 0.805048158964476, 0.0 ], [ 122.034919470901428, 0.805268343574221, 0.0 ], [ 122.035293221942212, 0.805373168549943, 0.0 ], [ 122.035796700185756, 0.805535904468461, 0.0 ], [ 122.036292590849399, 0.805721748466519, 0.0 ], [ 122.036659038495927, 0.805838020912323, 0.0 ], [ 122.037330211519574, 0.805817190815476, 0.0 ], [ 122.037757640394361, 0.80574958877853, 0.0 ], [ 122.038116276529905, 0.805647129019719, 0.0 ], [ 122.038421272602832, 0.805556034892811, 0.0 ], [ 122.039192005071797, 0.80490250117136, 0.0 ], [ 122.0394743058541, 0.804592672141817, 0.0 ], [ 122.039810000284575, 0.8041218635696, 0.0 ], [ 122.040130240765279, 0.803685539500635, 0.0 ], [ 122.04035161787597, 0.80330650764087, 0.0 ], [ 122.040694894490571, 0.802835700867392, 0.0 ], [ 122.040969639169134, 0.802410744228803, 0.0 ], [ 122.041259556309654, 0.801951303087138, 0.0 ], [ 122.041549499530561, 0.801376807181624, 0.0 ], [ 122.041770619435255, 0.800894098780373, 0.0 ], [ 122.041976583965038, 0.800376827634901, 0.0 ], [ 122.04217497260602, 0.799825066590225, 0.0 ], [ 122.042396108698398, 0.799273240794411, 0.0 ], [ 122.042670882155363, 0.798721780123328, 0.0 ], [ 122.042915018408706, 0.79828515478149, 0.0 ], [ 122.043159160957288, 0.79782556075501, 0.0 ], [ 122.043456624309016, 0.797515803671204, 0.0 ], [ 122.04376193514473, 0.797275095633436, 0.0 ], [ 122.044974884939819, 0.796956789594398, 0.0 ], [ 122.045272574021396, 0.796888659655374, 0.0 ], [ 122.045631222747403, 0.796728742212176, 0.0 ], [ 122.046088736641991, 0.796500083290956, 0.0 ], [ 122.046447477998072, 0.795937192236833, 0.0 ], [ 122.046531274126778, 0.795454097127139, 0.0 ], [ 122.046569582547392, 0.79494774015381, 0.0 ], [ 122.046615183570083, 0.794476084420319, 0.0 ], [ 122.046607691318286, 0.794084700372392, 0.0 ], [ 122.046653332810564, 0.79344032174931, 0.0 ], [ 122.04669915686533, 0.79322181437516, 0.0 ], [ 122.04688996242291, 0.792669909439007, 0.0 ], [ 122.046989210702819, 0.792152399973149, 0.0 ], [ 122.047187556176368, 0.79178466809469, 0.0 ], [ 122.047393438867886, 0.791612699736292, 0.0 ], [ 122.047599563477007, 0.791613453368116, 0.0 ], [ 122.04798088501056, 0.791775805276122, 0.0 ], [ 122.048759260817562, 0.792066023689512, 0.0 ], [ 122.049133013656999, 0.792170845967303, 0.0 ], [ 122.049636514383437, 0.792241564155054, 0.0 ], [ 122.050063914480006, 0.792300461654109, 0.0 ], [ 122.050407103860294, 0.792197995600068, 0.0 ], [ 122.050735242187017, 0.791600608351599, 0.0 ], [ 122.050986977711545, 0.791083557540011, 0.0 ], [ 122.051192915261566, 0.790669819044458, 0.0 ], [ 122.05125387760404, 0.790566439279265, 0.0 ], [ 122.051452290526754, 0.789899551525001, 0.0 ], [ 122.051536135218825, 0.789197724210692, 0.0 ], [ 122.051559201929507, 0.789025147910509, 0.0 ], [ 122.051437153138252, 0.78854136841671, 0.0 ], [ 122.051215968482595, 0.788080251838012, 0.0 ], [ 122.050971766578655, 0.787572981153532, 0.0 ], [ 122.050811500198478, 0.787204176383875, 0.0 ], [ 122.050498790640418, 0.786639221385803, 0.0 ], [ 122.05035369582292, 0.786235861965805, 0.0 ], [ 122.050048599925134, 0.785532815170801, 0.0 ], [ 122.04990356985877, 0.784841749143732, 0.0 ], [ 122.049873072050133, 0.784346683158547, 0.0 ], [ 122.049835001950001, 0.783805678904707, 0.0 ], [ 122.049842641690574, 0.78355246219675, 0.0 ], [ 122.049873087338625, 0.783034653256757, 0.0 ], [ 122.049773862441072, 0.782205645619642, 0.0 ], [ 122.049804263122965, 0.781883458106706, 0.0 ], [ 122.049888438765592, 0.780951452016891, 0.0 ], [ 122.050117206504751, 0.780158066525364, 0.0 ], [ 122.050315570864086, 0.779698317815507, 0.0 ], [ 122.05058244737431, 0.779273355781056, 0.0 ], [ 122.050826843531667, 0.778917364551761, 0.0 ], [ 122.051032758598708, 0.778595781383133, 0.0 ], [ 122.051124373433183, 0.778296788284675, 0.0 ], [ 122.051231142743205, 0.778043947493438, 0.0 ], [ 122.051208184850367, 0.777733125612316, 0.0 ], [ 122.05106312060984, 0.777191672596826, 0.0 ], [ 122.050483440112814, 0.776211458349633, 0.0 ], [ 122.050239219323089, 0.775784825374819, 0.0 ], [ 122.050170739547895, 0.77560042658729, 0.0 ], [ 122.050117230786483, 0.77502478944214, 0.0 ], [ 122.049964638321143, 0.774241635537302, 0.0 ], [ 122.049758690878406, 0.773446809331828, 0.0 ], [ 122.049735722193844, 0.77318199496708, 0.0 ], [ 122.049606120896243, 0.772560050831332, 0.0 ], [ 122.049537434276914, 0.772041865974619, 0.0 ], [ 122.049491479820503, 0.771592874954967, 0.0 ], [ 122.049400064635478, 0.7709940487912, 0.0 ], [ 122.049316187567797, 0.770590916000317, 0.0 ], [ 122.049133000167075, 0.769738638405685, 0.0 ], [ 122.049087292124923, 0.769439260397435, 0.0 ], [ 122.048911676116433, 0.768632993017108, 0.0 ], [ 122.049049142884442, 0.767977397150359, 0.0 ], [ 122.049201669699272, 0.767793754692673, 0.0 ], [ 122.049445782570245, 0.767437691517463, 0.0 ], [ 122.04965954422201, 0.767185227542226, 0.0 ], [ 122.049789069077292, 0.766886454777564, 0.0 ], [ 122.049918897004105, 0.766484005471506, 0.0 ], [ 122.050056019331819, 0.766116187258107, 0.0 ], [ 122.050056097572877, 0.765759362357281, 0.0 ], [ 122.050117127364416, 0.765345166106827, 0.0 ], [ 122.050208824936433, 0.764666450469269, 0.0 ], [ 122.050361427294291, 0.764137502526578, 0.0 ], [ 122.050391887331457, 0.763539056776112, 0.0 ], [ 122.050468098578193, 0.763044438653208, 0.0 ], [ 122.050635900377756, 0.762354361880417, 0.0 ], [ 122.050887632304878, 0.761825788955077, 0.0 ], [ 122.051017467426291, 0.761388851548376, 0.0 ], [ 122.051513333808117, 0.760400680099886, 0.0 ], [ 122.051841416376959, 0.760021878466625, 0.0 ], [ 122.052093102438647, 0.759700446384163, 0.0 ], [ 122.052261084102597, 0.759470798208754, 0.0 ], [ 122.052482431535779, 0.759195296300978, 0.0 ], [ 122.052680741036426, 0.758965725467257, 0.0 ], [ 122.05302400775841, 0.758494982545547, 0.0 ], [ 122.053199596787323, 0.75815021035857, 0.0 ], [ 122.053290925637398, 0.75786280682311, 0.0 ], [ 122.053313997744027, 0.757655741523182, 0.0 ], [ 122.053268018106593, 0.757310285851291, 0.0 ], [ 122.053092560378701, 0.757056463000465, 0.0 ], [ 122.052757030524134, 0.75681370001182, 0.0 ], [ 122.052276312322533, 0.756593450650937, 0.0 ], [ 122.051704048534262, 0.75636137790334, 0.0 ], [ 122.050902945061097, 0.755990455230319, 0.0 ], [ 122.050231539113014, 0.755815605444114, 0.0 ], [ 122.049735646650817, 0.755641360002217, 0.0 ], [ 122.049293105568637, 0.755490236129778, 0.0 ], [ 122.0487438698202, 0.755258239824501, 0.0 ], [ 122.048224978096385, 0.754957344659983, 0.0 ], [ 122.047782473886485, 0.754633639091411, 0.0 ], [ 122.047332398284453, 0.754263853161534, 0.0 ], [ 122.046615347246799, 0.753501919659287, 0.0 ], [ 122.046287120786388, 0.753259089221485, 0.0 ], [ 122.045920965419469, 0.753096744508168, 0.0 ], [ 122.045486024507824, 0.752865126817452, 0.0 ], [ 122.045074121528458, 0.752587577153489, 0.0 ], [ 122.044662223045847, 0.752286988657617, 0.0 ], [ 122.044250321865306, 0.751997919577833, 0.0 ], [ 122.043677874615355, 0.751328457963955, 0.0 ], [ 122.043418496652151, 0.750867264942849, 0.0 ], [ 122.043204910368203, 0.750325587096893, 0.0 ], [ 122.043082827402685, 0.749985132554824, 0.0 ], [ 122.04319739653269, 0.748714049684489, 0.0 ], [ 122.043334577316415, 0.746770314405624, 0.0 ], [ 122.043349957521784, 0.745770095639146, 0.0 ], [ 122.043342289902171, 0.744861957556013, 0.0 ], [ 122.042922542136836, 0.743197890743845, 0.0 ], [ 122.042640267434905, 0.74213061043296, 0.0 ], [ 122.042487892605436, 0.741614317749865, 0.0 ], [ 122.042152163101335, 0.741007242105178, 0.0 ], [ 122.041701860870191, 0.7403894699243, 0.0 ], [ 122.041496078902725, 0.740114934787721, 0.0 ], [ 122.040931478237482, 0.739520884024029, 0.0 ], [ 122.040633880886801, 0.739189509037201, 0.0 ], [ 122.039954738071316, 0.738446810234565, 0.0 ], [ 122.03930625404314, 0.737473938951742, 0.0 ], [ 122.03890960176679, 0.736798298995582, 0.0 ], [ 122.038596923685049, 0.73607603368873, 0.0 ], [ 122.038673037804941, 0.734707628886193, 0.0 ], [ 122.038909595471551, 0.734200254779642, 0.0 ], [ 122.039168922173275, 0.733589209527467, 0.0 ], [ 122.040389693372148, 0.732029176287722, 0.0 ], [ 122.041259567101648, 0.731195786254295, 0.0 ], [ 122.041801110948654, 0.730605861580029, 0.0 ], [ 122.042297000712921, 0.729452953221558, 0.0 ], [ 122.042373316281015, 0.728440874196261, 0.0 ], [ 122.042342975853686, 0.727165024919012, 0.0 ], [ 122.04209866603118, 0.725821637456762, 0.0 ], [ 122.042060447542895, 0.724614832728969, 0.0 ], [ 122.042533606942825, 0.723370115282522, 0.0 ], [ 122.04287700406654, 0.72224120173499, 0.0 ], [ 122.042854137904598, 0.720126122227187, 0.0 ], [ 122.042541279059009, 0.718909647989045, 0.0 ], [ 122.042419201489537, 0.718531102662494, 0.0 ], [ 122.04230469711085, 0.718198495604509, 0.0 ], [ 122.04228169425194, 0.718083648584082, 0.0 ], [ 122.042220894686821, 0.71741733909401, 0.0 ], [ 122.042678642405136, 0.716000318741221, 0.0 ], [ 122.043334553934045, 0.715030340577387, 0.0 ], [ 122.044135819285174, 0.714588171814538, 0.0 ], [ 122.044570597419565, 0.714240413878313, 0.0 ], [ 122.045081823322334, 0.713581786396959, 0.0 ], [ 122.04534109246751, 0.711855743706495, 0.0 ], [ 122.045333505786886, 0.710510709585525, 0.0 ], [ 122.04495977453108, 0.708961286547031, 0.0 ], [ 122.044791958342401, 0.708410574111821, 0.0 ], [ 122.044158613501295, 0.707529585661452, 0.0 ], [ 122.043800112264151, 0.707026183860319, 0.0 ], [ 122.042953306144796, 0.706342043512302, 0.0 ], [ 122.04250297513525, 0.705850637767673, 0.0 ], [ 122.041808908070621, 0.705291972627835, 0.0 ], [ 122.041122150695486, 0.704698750139636, 0.0 ], [ 122.040290508944196, 0.704014472195373, 0.0 ], [ 122.040084449985585, 0.703716900025712, 0.0 ], [ 122.039497123452662, 0.703019598999103, 0.0 ], [ 122.038787591646383, 0.702564465609905, 0.0 ], [ 122.037887377489739, 0.702145052392415, 0.0 ], [ 122.036903211621478, 0.701668802022608, 0.0 ], [ 122.036636183125893, 0.701532632976169, 0.0 ], [ 122.036132464763313, 0.701202490060586, 0.0 ], [ 122.035659356624777, 0.700872283293145, 0.0 ], [ 122.035224722381969, 0.700530281917215, 0.0 ], [ 122.034705856738441, 0.700119853826057, 0.0 ], [ 122.034087880411448, 0.699629686447993, 0.0 ], [ 122.033416539214585, 0.699185727134947, 0.0 ], [ 122.032813669698953, 0.69897132516588, 0.0 ], [ 122.032592381621129, 0.698995731866451, 0.0 ], [ 122.032386542996406, 0.698997102433223, 0.0 ], [ 122.032020275214251, 0.698033910553368, 0.0 ], [ 122.032203245878392, 0.697250974284484, 0.0 ], [ 122.032645954234496, 0.696558269692753, 0.0 ], [ 122.032851839623859, 0.696327002737655, 0.0 ], [ 122.033233340122607, 0.695577252350991, 0.0 ], [ 122.033561446073804, 0.695023323041015, 0.0 ], [ 122.033813137531524, 0.694630792357502, 0.0 ], [ 122.034049741063498, 0.693858962715792, 0.0 ], [ 122.034263317454915, 0.693087410065134, 0.0 ], [ 122.034804995300959, 0.691784754696227, 0.0 ], [ 122.035140793153602, 0.690678949228322, 0.0 ], [ 122.034980488102491, 0.689082083355456, 0.0 ], [ 122.034797362754986, 0.687853202070547, 0.0 ], [ 122.03473635724518, 0.686796008555594, 0.0 ], [ 122.034629444043603, 0.686405807116257, 0.0 ], [ 122.034606558096598, 0.685704737030983, 0.0 ], [ 122.034591256132373, 0.684992148429257, 0.0 ], [ 122.034514943262124, 0.684647748561433, 0.0 ], [ 122.034911867133673, 0.683989872913342, 0.0 ], [ 122.035148389726743, 0.683608858048527, 0.0 ], [ 122.035651744763157, 0.682938847848229, 0.0 ], [ 122.036117194275334, 0.682246003861601, 0.0 ], [ 122.036346084322332, 0.682118062712371, 0.0 ], [ 122.036559843276066, 0.681829198677901, 0.0 ], [ 122.036758204038193, 0.681299057334898, 0.0 ], [ 122.03697160596117, 0.679975696874839, 0.0 ], [ 122.036971637437418, 0.679814776687619, 0.0 ], [ 122.037170224828657, 0.679560468202771, 0.0 ], [ 122.037414317015219, 0.679236980270152, 0.0 ], [ 122.037475318028342, 0.678914728006079, 0.0 ], [ 122.037543880541335, 0.67869587079568, 0.0 ], [ 122.037429418430619, 0.678133299000931, 0.0 ], [ 122.03666659909625, 0.677345153858803, 0.0 ], [ 122.035613798769418, 0.676041539812581, 0.0 ], [ 122.03561384643352, 0.675800124008434, 0.0 ], [ 122.0351482997945, 0.674147862596568, 0.0 ], [ 122.034812513633142, 0.672368205024591, 0.0 ], [ 122.034659985019758, 0.671173677841201, 0.0 ], [ 122.034255719982482, 0.669187503555805, 0.0 ], [ 122.034118253214388, 0.668510227732825, 0.0 ], [ 122.033920087605225, 0.668051738973156, 0.0 ], [ 122.033393554342183, 0.666641164960717, 0.0 ], [ 122.032920614376764, 0.665448765573222, 0.0 ], [ 122.032767927482624, 0.665058909473552, 0.0 ], [ 122.03255435019183, 0.664428049459102, 0.0 ], [ 122.031943846331657, 0.663052584079375, 0.0 ], [ 122.031692136887528, 0.662123057420354, 0.0 ], [ 122.031936256053655, 0.661650169615706, 0.0 ], [ 122.032157611580715, 0.661269291447768, 0.0 ], [ 122.03259239870826, 0.660818065612849, 0.0 ], [ 122.032775518659818, 0.660667500219362, 0.0 ], [ 122.033835999196896, 0.66001667795386, 0.0 ], [ 122.034682799020928, 0.659263762852928, 0.0 ], [ 122.035567892876472, 0.657970426258929, 0.0 ], [ 122.036284987081558, 0.657057483997496, 0.0 ], [ 122.036895320070684, 0.656409681655327, 0.0 ], [ 122.037704090264157, 0.654806431495407, 0.0 ], [ 122.038200199462949, 0.653803055209349, 0.0 ], [ 122.038932464331424, 0.652843965137366, 0.0 ], [ 122.039947210745964, 0.651975105843165, 0.0 ], [ 122.041236576833199, 0.651196335233921, 0.0 ], [ 122.042747300246234, 0.650013714174884, 0.0 ], [ 122.043632331149112, 0.649030762391449, 0.0 ], [ 122.044654489775738, 0.647563944779188, 0.0 ], [ 122.044822479533579, 0.647229485117888, 0.0 ], [ 122.044921532660524, 0.646125251664857, 0.0 ], [ 122.045051140253349, 0.645308164541296, 0.0 ], [ 122.045371658624575, 0.643213854875783, 0.0 ], [ 122.044593630855346, 0.641115240155647, 0.0 ], [ 122.043334675342521, 0.639962481983884, 0.0 ], [ 122.042335346904935, 0.639486246902647, 0.0 ], [ 122.042098646246117, 0.639349946555105, 0.0 ], [ 122.041740082955684, 0.63915687380665, 0.0 ], [ 122.040374341944997, 0.638418659023658, 0.0 ], [ 122.039275922608979, 0.637759223951066, 0.0 ], [ 122.038581570459343, 0.637223469939245, 0.0 ], [ 122.037757482113776, 0.636688610752793, 0.0 ], [ 122.037131942488514, 0.636083470449149, 0.0 ], [ 122.036246951155675, 0.635376584448392, 0.0 ], [ 122.034835537176477, 0.634121397094782, 0.0 ], [ 122.034202390186081, 0.633654277541522, 0.0 ], [ 122.033744476093219, 0.633163021983689, 0.0 ], [ 122.033637788621562, 0.633048725348333, 0.0 ], [ 122.03346233988691, 0.632727983045926, 0.0 ], [ 122.033263862212976, 0.632419533576316, 0.0 ], [ 122.033118979635475, 0.632328551864551, 0.0 ], [ 122.032989263224536, 0.63222591224135, 0.0 ], [ 122.032424669753794, 0.631574352531876, 0.0 ], [ 122.032294889491169, 0.63029926498042, 0.0 ], [ 122.032180470548056, 0.629472241247723, 0.0 ], [ 122.032005072175338, 0.628875666986354, 0.0 ], [ 122.031547140995258, 0.628476356314182, 0.0 ], [ 122.030731033233351, 0.627320718513262, 0.0 ], [ 122.030379944208477, 0.626196333951538, 0.0 ], [ 122.029968049323074, 0.625888764018904, 0.0 ], [ 122.029067653503219, 0.624975022260203, 0.0 ], [ 122.028205433004217, 0.624141570173568, 0.0 ], [ 122.027671455153396, 0.623455318217418, 0.0 ], [ 122.027320653012197, 0.622296517500968, 0.0 ], [ 122.027251902541011, 0.622032616847461, 0.0 ], [ 122.027145001929981, 0.621550473220393, 0.0 ], [ 122.026969674603805, 0.62056308508132, 0.0 ], [ 122.026893437276698, 0.619781794571787, 0.0 ], [ 122.026992615409426, 0.619493754316318, 0.0 ], [ 122.02710698129259, 0.619079144377758, 0.0 ], [ 122.027160385732572, 0.618802897831409, 0.0 ], [ 122.027160461275699, 0.618389044222693, 0.0 ], [ 122.027167837514952, 0.6179751204668, 0.0 ], [ 122.027259650200236, 0.616503044518728, 0.0 ], [ 122.027350943077408, 0.616341504698541, 0.0 ], [ 122.027923347159941, 0.615728462052205, 0.0 ], [ 122.028266507761913, 0.61568018464702, 0.0 ], [ 122.029479542992675, 0.614511071404892, 0.0 ], [ 122.029441525053201, 0.613557206393826, 0.0 ], [ 122.029495023922095, 0.612752122521369, 0.0 ], [ 122.029830488126066, 0.611772741945619, 0.0 ], [ 122.029823040840341, 0.611025526747726, 0.0 ], [ 122.029823100195713, 0.610692167856568, 0.0 ], [ 122.029738984807636, 0.609979992043667, 0.0 ], [ 122.029891603353263, 0.609208778437357, 0.0 ], [ 122.030059387166233, 0.608425976167508, 0.0 ], [ 122.030090020772633, 0.60828781872007, 0.0 ], [ 122.030463891423167, 0.60766448962835, 0.0 ], [ 122.030997889958513, 0.606672352169672, 0.0 ], [ 122.031249566127755, 0.606279815191017, 0.0 ], [ 122.031501572348176, 0.6056114462534, 0.0 ], [ 122.031592973143916, 0.604840573490177, 0.0 ], [ 122.031661785668206, 0.604759666883163, 0.0 ], [ 122.031860138336455, 0.604195033842396, 0.0 ], [ 122.031699919620294, 0.60349485858258, 0.0 ], [ 122.031280167358275, 0.603152731301586, 0.0 ], [ 122.031142915528193, 0.602785778236052, 0.0 ], [ 122.030751548567494, 0.602314467842139, 0.0 ], [ 122.031651436270423, 0.601351794871112, 0.0 ], [ 122.032172817317473, 0.600240642933718, 0.0 ], [ 122.032449000911328, 0.599407258296329, 0.0 ], [ 122.032909076974448, 0.598790021212041, 0.0 ], [ 122.033399658940084, 0.598759223929095, 0.0 ], [ 122.033890213926043, 0.598882775487501, 0.0 ], [ 122.034350165882657, 0.598975437132791, 0.0 ], [ 122.035055319789208, 0.598759518007456, 0.0 ], [ 122.035239450578842, 0.597617491445516, 0.0 ], [ 122.035515590105916, 0.597031033657673, 0.0 ], [ 122.036588908464722, 0.596691714959378, 0.0 ], [ 122.037048941360325, 0.596321332778897, 0.0 ], [ 122.037693013314765, 0.595333734198471, 0.0 ], [ 122.038459439829808, 0.594793651749752, 0.0 ], [ 122.038643827825439, 0.593775087713259, 0.0 ], [ 122.038950347350053, 0.592880009584666, 0.0 ], [ 122.039594395922038, 0.592015837556774, 0.0 ], [ 122.039656021064715, 0.591275028229736, 0.0 ], [ 122.039135021330068, 0.590194573750517, 0.0 ], [ 122.038429714538779, 0.589669711427847, 0.0 ], [ 122.038368550748217, 0.589361040724982, 0.0 ], [ 122.038920443993192, 0.588774663876128, 0.0 ], [ 122.03953384367037, 0.588141972842075, 0.0 ], [ 122.039717911507438, 0.587339452936612, 0.0 ], [ 122.039626386605207, 0.585580020217895, 0.0 ], [ 122.039350601410973, 0.584098333215292, 0.0 ], [ 122.03922814342819, 0.58258582374882, 0.0 ], [ 122.039044390353837, 0.581536312242674, 0.0 ], [ 122.039289938542908, 0.580826382936132, 0.0 ], [ 122.039780545689453, 0.580641270086816, 0.0 ], [ 122.040332395766995, 0.580301820986877, 0.0 ], [ 122.040731198322163, 0.57999322852507, 0.0 ], [ 122.041191012682617, 0.579237044388607, 0.0 ], [ 122.04122203659459, 0.578434532577114, 0.0 ], [ 122.040885263877044, 0.575563810324668, 0.0 ], [ 122.040823967886098, 0.57435997156106, 0.0 ], [ 122.040333464161534, 0.573927728615357, 0.0 ], [ 122.039720236254851, 0.573557233120363, 0.0 ], [ 122.039475151216806, 0.573186798779206, 0.0 ], [ 122.039413792273464, 0.572353352987891, 0.0 ], [ 122.039843238327379, 0.571828684918633, 0.0 ], [ 122.040242049875971, 0.571458360294778, 0.0 ], [ 122.040671209945586, 0.570964539870582, 0.0 ], [ 122.040732799115432, 0.57040892613041, 0.0 ], [ 122.040794023160558, 0.570362646119386, 0.0 ], [ 122.040180871696293, 0.569529142771445, 0.0 ], [ 122.039751569533678, 0.569189527296947, 0.0 ], [ 122.039721042946809, 0.568695630430253, 0.0 ], [ 122.039966588437693, 0.567985735297975, 0.0 ], [ 122.040763995697375, 0.566843771688612, 0.0 ], [ 122.041346482079078, 0.566319128800456, 0.0 ], [ 122.04159208692532, 0.565238804722882, 0.0 ], [ 122.041622867121049, 0.56418932918965, 0.0 ], [ 122.041837531692138, 0.563417695600003, 0.0 ], [ 122.042267026309702, 0.562584329848308, 0.0 ], [ 122.042604388982426, 0.561905332722938, 0.0 ], [ 122.042482044314255, 0.561365129765105, 0.0 ], [ 122.042390008597167, 0.560932955167929, 0.0 ], [ 122.041960736112145, 0.560408143207284, 0.0 ], [ 122.041500830021064, 0.560037675591145, 0.0 ], [ 122.041378467366386, 0.559605494698827, 0.0 ], [ 122.041439778645824, 0.559019032414402, 0.0 ], [ 122.041685311546232, 0.558370868544804, 0.0 ], [ 122.042819932191222, 0.55744503719997, 0.0 ], [ 122.042789098036081, 0.557105488275349, 0.0 ], [ 122.042421257339697, 0.556981963696605, 0.0 ], [ 122.041838617173894, 0.556734939720309, 0.0 ], [ 122.041624109084736, 0.556549673086985, 0.0 ], [ 122.041011050250631, 0.55512969936065, 0.0 ], [ 122.040735329807632, 0.554913574290631, 0.0 ], [ 122.040459308991103, 0.554820913544622, 0.0 ], [ 122.040305902639403, 0.555345664351429, 0.0 ], [ 122.040275135034136, 0.556333407722702, 0.0 ], [ 122.03999902518467, 0.556796370609484, 0.0 ], [ 122.039508455809496, 0.55676540695198, 0.0 ], [ 122.039109751280463, 0.55648752903548, 0.0 ], [ 122.038527632721326, 0.554758865720588, 0.0 ], [ 122.038068020708351, 0.55256721523718, 0.0 ], [ 122.037608084939592, 0.552381944107276, 0.0 ], [ 122.037209612435532, 0.552412762973935, 0.0 ], [ 122.036381422282176, 0.552937367191157, 0.0 ], [ 122.035982955173978, 0.552937302440019, 0.0 ], [ 122.035584246148275, 0.552690309040597, 0.0 ], [ 122.035553685387072, 0.552397050918722, 0.0 ], [ 122.035063246413628, 0.551563570953144, 0.0 ], [ 122.034726015041741, 0.551440016696895, 0.0 ], [ 122.03432725745256, 0.551501719181262, 0.0 ], [ 122.033622142216942, 0.551532452612351, 0.0 ], [ 122.033438241653812, 0.551347226448522, 0.0 ], [ 122.033438321693438, 0.550853334977778, 0.0 ], [ 122.033714461220498, 0.5502051774035, 0.0 ], [ 122.034051805906898, 0.549618760984431, 0.0 ], [ 122.034051885047248, 0.549124870413058, 0.0 ], [ 122.033837131443278, 0.548723559648705, 0.0 ], [ 122.033070790363794, 0.548816050422766, 0.0 ], [ 122.032273570163184, 0.548846804538287, 0.0 ], [ 122.031813640689478, 0.548630649790498, 0.0 ], [ 122.031598971621889, 0.547704600809799, 0.0 ], [ 122.031537868985168, 0.546994621141232, 0.0 ], [ 122.031292516848424, 0.54653157461753, 0.0 ], [ 122.030679512873022, 0.546531474792759, 0.0 ], [ 122.030372895322287, 0.546377112461664, 0.0 ], [ 122.03040356310278, 0.546006691610427, 0.0 ], [ 122.030802162411277, 0.545173357334976, 0.0 ], [ 122.031170380823042, 0.544679527018159, 0.0 ], [ 122.031139837148871, 0.544278246830769, 0.0 ], [ 122.030771757232813, 0.54390779540248, 0.0 ], [ 122.029545492975032, 0.543753249609695, 0.0 ], [ 122.028932238088686, 0.543567955097428, 0.0 ], [ 122.028748356411256, 0.543274707767453, 0.0 ], [ 122.028993575448325, 0.542811705310457, 0.0 ], [ 122.029882923097006, 0.542626653615156, 0.0 ], [ 122.030557492859998, 0.542194639097308, 0.0 ], [ 122.03061877266309, 0.541793374198311, 0.0 ], [ 122.030273179395039, 0.541284550384739, 0.0 ], [ 122.030220399084428, 0.541206839068779, 0.0 ], [ 122.029576551061268, 0.540928924280086, 0.0 ], [ 122.029055090873882, 0.540928840643077, 0.0 ], [ 122.0283805912579, 0.540928731825145, 0.0 ], [ 122.028073993492413, 0.540650870995689, 0.0 ], [ 122.027828956118384, 0.539971746166694, 0.0 ], [ 122.027798461007677, 0.539261806967621, 0.0 ], [ 122.027553128656081, 0.538675297918382, 0.0 ], [ 122.026786548356853, 0.538520827668636, 0.0 ], [ 122.025498770472339, 0.53848977228033, 0.0 ], [ 122.024517720754972, 0.537918550806297, 0.0 ], [ 122.022739511990821, 0.537023136331287, 0.0 ], [ 122.02166635640927, 0.536467342726636, 0.0 ], [ 122.021635797446606, 0.536158679218372, 0.0 ], [ 122.02175858368193, 0.535695692949227, 0.0 ], [ 122.022954356426311, 0.535078532307258, 0.0 ], [ 122.023567693150994, 0.534739087703899, 0.0 ], [ 122.023690517157874, 0.53402917458512, 0.0 ], [ 122.023782618525473, 0.532269745463702, 0.0 ], [ 122.024181538891995, 0.531158601620189, 0.0 ], [ 122.025132229296261, 0.53014015989155, 0.0 ], [ 122.025622885905562, 0.529584616298377, 0.0 ], [ 122.026665637208112, 0.528843964352647, 0.0 ], [ 122.026788175230507, 0.528164897979559, 0.0 ], [ 122.02648164941067, 0.527424031995265, 0.0 ], [ 122.02562335715038, 0.526559616251214, 0.0 ], [ 122.025010190397538, 0.525818738575649, 0.0 ], [ 122.025102376301433, 0.525294014748505, 0.0 ], [ 122.025439705699441, 0.524769294518661, 0.0 ], [ 122.025470390567065, 0.524275445316062, 0.0 ], [ 122.025010519549355, 0.52368890299193, 0.0 ], [ 122.02360005255629, 0.523534334716151, 0.0 ], [ 122.022404345462419, 0.523750225962453, 0.0 ], [ 122.021453719809287, 0.524367429771848, 0.0 ], [ 122.021250678975463, 0.524487115144838, 0.0 ], [ 122.02057455608329, 0.52410888008441, 0.0 ], [ 122.02019913769945, 0.523985287157229, 0.0 ], [ 122.020227340438254, 0.523194263285313, 0.0 ], [ 122.020166249492803, 0.522391706507745, 0.0 ], [ 122.018393552673416, 0.522187716889126, 0.0 ], [ 122.016441822421697, 0.519399485849119, 0.0 ], [ 122.016928552591025, 0.518787439651573, 0.0 ], [ 122.015834199089866, 0.517318112031643, 0.0 ], [ 122.016685940688632, 0.513278161423818, 0.0 ], [ 122.015835211726511, 0.510707033016926, 0.0 ], [ 122.014619304960576, 0.508992882960983, 0.0 ], [ 122.014984293007473, 0.507523818842363, 0.0 ], [ 122.016079222074694, 0.505197866305122, 0.0 ], [ 122.016322784560614, 0.502626906071528, 0.0 ], [ 122.015228555165876, 0.500300620785081, 0.0 ], [ 122.015218168190955, 0.500278922905854, 0.0 ], [ 122.014294048229686, 0.498339096419657, 0.0 ], [ 122.014208429554159, 0.498159330422725, 0.0 ], [ 122.014201692345324, 0.498145195097281, 0.0 ], [ 122.012358389177621, 0.495052155055235, 0.0 ], [ 122.010311272558027, 0.491617214245581, 0.0 ], [ 122.00948275243698, 0.490718927049664, 0.0 ], [ 122.007570955290618, 0.491296027230996, 0.0 ], [ 122.00629637804775, 0.491360006135481, 0.0 ], [ 122.005924298199844, 0.4914776766108, 0.0 ], [ 122.00406585125603, 0.49206536039386, 0.0 ], [ 122.002600067182101, 0.492000970384092, 0.0 ], [ 121.998012506038776, 0.48686795863742, 0.0 ], [ 121.997832194949609, 0.485205532928327, 0.0 ], [ 121.998204542411543, 0.481350721149391, 0.0 ], [ 121.996739015778601, 0.479554184168877, 0.0 ], [ 121.997631450632881, 0.477308915054779, 0.0 ], [ 121.996936074478896, 0.476484000099413, 0.0 ], [ 121.996936022804405, 0.476483938820608, 0.0 ], [ 121.996873416937689, 0.476553987832533, 0.0 ], [ 121.996731846643357, 0.476712388891735, 0.0 ], [ 121.995722496465518, 0.477728068017429, 0.0 ], [ 121.994804968268099, 0.478743795247398, 0.0 ], [ 121.992603197034413, 0.480682790690005, 0.0 ], [ 121.992052540287986, 0.482622064637299, 0.0 ], [ 121.990859769927638, 0.484007109882016, 0.0 ], [ 121.989300045671399, 0.485022736611222, 0.0 ], [ 121.987556971589441, 0.485945967355165, 0.0 ], [ 121.985997371482682, 0.486130430364299, 0.0 ], [ 121.983520729720254, 0.485945357119748, 0.0 ], [ 121.981319022009529, 0.485575626729266, 0.0 ], [ 121.979522996745914, 0.485717649688881, 0.0 ], [ 121.973908350659542, 0.485943646711044, 0.0 ], [ 121.97399931771885, 0.486025320592213, 0.0 ], [ 121.974190236200585, 0.48619704421509, 0.0 ], [ 121.97419304384394, 0.486199447447726, 0.0 ], [ 121.980835164089768, 0.491415861465265, 0.0 ], [ 121.978430375797359, 0.498793520730993, 0.0 ], [ 121.974366122377148, 0.500186333574363, 0.0 ], [ 121.969965111625314, 0.500292846943688, 0.0 ], [ 121.967225055922356, 0.500309126902402, 0.0 ], [ 121.967037200173451, 0.500310227858884, 0.0 ], [ 121.965315660047168, 0.500006248370015, 0.0 ], [ 121.962618273099679, 0.500130906479805, 0.0 ], [ 121.960773020693424, 0.499076563867122, 0.0 ], [ 121.958446115680218, 0.493157058524333, 0.0 ], [ 121.958435449474337, 0.493130202118701, 0.0 ], [ 121.955401636347943, 0.491692325738961, 0.0 ], [ 121.953195340571284, 0.492062183734924, 0.0 ], [ 121.953225361876903, 0.492217309593572, 0.0 ], [ 121.953002928040846, 0.492480485627959, 0.0 ], [ 121.952860841211333, 0.492496858644413, 0.0 ], [ 121.950197416139474, 0.492804311330745, 0.0 ], [ 121.949937093665767, 0.492945186275521, 0.0 ], [ 121.948838939550654, 0.494418377688115, 0.0 ], [ 121.946094787207429, 0.495615055026137, 0.0 ], [ 121.944677839916636, 0.495858321430313, 0.0 ], [ 121.944234161571373, 0.495965456610507, 0.0 ], [ 121.942637205259643, 0.496322471994519, 0.0 ], [ 121.940127311596612, 0.497078624297246, 0.0 ], [ 121.939242189057794, 0.497375542113092, 0.0 ], [ 121.93921157867166, 0.497396914801955, 0.0 ], [ 121.939169189097939, 0.497328570158499, 0.0 ], [ 121.938461692187019, 0.496616032644263, 0.0 ], [ 121.938139949583615, 0.496292065282792, 0.0 ], [ 121.937115983664981, 0.495643857243015, 0.0 ], [ 121.937116100980376, 0.494907442158814, 0.0 ], [ 121.937642980400568, 0.494259484561725, 0.0 ], [ 121.937613913074415, 0.493405222671521, 0.0 ], [ 121.937291987668615, 0.492462576478063, 0.0 ], [ 121.937028969001062, 0.491902864443121, 0.0 ], [ 121.937037120606846, 0.491771808770495, 0.0 ], [ 121.937087523878006, 0.490960279459722, 0.0 ], [ 121.936941330696271, 0.490312213624681, 0.0 ], [ 121.936209960395857, 0.489634585070879, 0.0 ], [ 121.935273599024484, 0.48901582731216, 0.0 ], [ 121.935098193558687, 0.488426695862402, 0.0 ], [ 121.935098346410371, 0.487454632809951, 0.0 ], [ 121.935478992876995, 0.486394257603821, 0.0 ], [ 121.935742505072696, 0.485598946026071, 0.0 ], [ 121.936678719578438, 0.485363445783919, 0.0 ], [ 121.938171161551736, 0.485334247845097, 0.0 ], [ 121.939048993740812, 0.484951426396245, 0.0 ], [ 121.939663488401209, 0.484244576946162, 0.0 ], [ 121.940044096917205, 0.483419848315795, 0.0 ], [ 121.940102621433994, 0.482654007648113, 0.0 ], [ 121.940131979244129, 0.481652478212284, 0.0 ], [ 121.939927321215208, 0.481372593320399, 0.0 ], [ 121.939965560126439, 0.48104560962277, 0.0 ], [ 121.939834719082128, 0.48097756937218, 0.0 ], [ 121.939834714704119, 0.480977506427331, 0.0 ], [ 121.939834438906416, 0.480973541143408, 0.0 ], [ 121.939775756575429, 0.480945652687596, 0.0 ], [ 121.939546990890108, 0.480400469281709, 0.0 ], [ 121.938915272341163, 0.479912783660134, 0.0 ], [ 121.938625219478993, 0.47984401189514, 0.0 ], [ 121.937587203284124, 0.479256017807232, 0.0 ], [ 121.936906055237714, 0.478831326996713, 0.0 ], [ 121.936387192859939, 0.478504680688312, 0.0 ], [ 121.936160143820985, 0.47775349567634, 0.0 ], [ 121.936160219130358, 0.47726361246128, 0.0 ], [ 121.936322289047297, 0.476937037082629, 0.0 ], [ 121.936517177068581, 0.476839119012888, 0.0 ], [ 121.937165847836525, 0.476643252378332, 0.0 ], [ 121.937490514071925, 0.476218753654338, 0.0 ], [ 121.937685161295875, 0.475859533621951, 0.0 ], [ 121.93766249095178, 0.475380745756774, 0.0 ], [ 121.936260978364729, 0.475738255258599, 0.0 ], [ 121.935251436277738, 0.476246249726246, 0.0 ], [ 121.934887764022491, 0.476510462860639, 0.0 ], [ 121.934100313383752, 0.477140467314223, 0.0 ], [ 121.933110720508907, 0.477567158205021, 0.0 ], [ 121.930808893843633, 0.478461193864747, 0.0 ], [ 121.930754984039197, 0.478441185881388, 0.0 ], [ 121.928516065478064, 0.479278410905097, 0.0 ], [ 121.928221774569536, 0.479384651688201, 0.0 ], [ 121.927266171630265, 0.479729828131896, 0.0 ], [ 121.926503233860771, 0.479825323644016, 0.0 ], [ 121.926285597433491, 0.479950480448403, 0.0 ], [ 121.926146041823316, 0.479950458390492, 0.0 ], [ 121.926101406927799, 0.479875647572507, 0.0 ], [ 121.926092702086862, 0.479876706240327, 0.0 ], [ 121.92604609725025, 0.479829915605671, 0.0 ], [ 121.926019428278067, 0.479787297628258, 0.0 ], [ 121.924269846596303, 0.48300358074738, 0.0 ], [ 121.923770742575982, 0.483827119308815, 0.0 ], [ 121.923610928526514, 0.484088253043006, 0.0 ], [ 121.9235957659197, 0.484085883190426, 0.0 ], [ 121.923411515892013, 0.484389520704846, 0.0 ], [ 121.92267284167724, 0.485534425268179, 0.0 ], [ 121.92214313994846, 0.486295945450026, 0.0 ], [ 121.923618502979394, 0.487681022613211, 0.0 ], [ 121.92391667265963, 0.487906223760719, 0.0 ], [ 121.924140158549079, 0.48808137887371, 0.0 ], [ 121.924343993273908, 0.488227909672227, 0.0 ], [ 121.924361119880089, 0.488240244267084, 0.0 ], [ 121.924697347525893, 0.491045561806418, 0.0 ], [ 121.92636780475587, 0.492805823045765, 0.0 ], [ 121.926393072167485, 0.492832540253056, 0.0 ], [ 121.926431535393434, 0.492869400689004, 0.0 ], [ 121.926447257584272, 0.492884491199356, 0.0 ], [ 121.926599687284423, 0.493151965037101, 0.0 ], [ 121.926707416942236, 0.49375239147154, 0.0 ], [ 121.926711064725382, 0.493768434064216, 0.0 ], [ 121.926914215560117, 0.494677666915093, 0.0 ], [ 121.92691421549199, 0.494678090932803, 0.0 ], [ 121.926972292166127, 0.494978304885345, 0.0 ], [ 121.921354961525751, 0.500152159941196, 0.0 ], [ 121.92022823683655, 0.501189824966035, 0.0 ], [ 121.916559633132096, 0.504606820809288, 0.0 ], [ 121.916251003369638, 0.504817187061172, 0.0 ], [ 121.913579043807488, 0.507740552143358, 0.0 ], [ 121.913579023675339, 0.507740574169828, 0.0 ], [ 121.915274435842079, 0.507947709907457, 0.0 ], [ 121.916436536637406, 0.508636155070645, 0.0 ], [ 121.91782900937541, 0.510297792363116, 0.0 ], [ 121.920730798744728, 0.515107905230953, 0.0 ], [ 121.921180780786585, 0.515913331210109, 0.0 ], [ 121.922414577630477, 0.517731832540695, 0.0 ], [ 121.922695321118141, 0.518050352691039, 0.0 ], [ 121.922702339725433, 0.518058198207365, 0.0 ], [ 121.92273294076935, 0.518092902172133, 0.0 ], [ 121.923295550734011, 0.518731532880449, 0.0 ], [ 121.924469850211494, 0.520364801105914, 0.0 ], [ 121.92820461027226, 0.521137966125389, 0.0 ], [ 121.928486222166327, 0.521309846596045, 0.0 ], [ 121.928580560274327, 0.521367424581802, 0.0 ], [ 121.931612023749054, 0.523226732407904, 0.0 ], [ 121.933834542561698, 0.523227113720397, 0.0 ], [ 121.935760414607088, 0.523973220953548, 0.0 ], [ 121.937686039338928, 0.5278516641168, 0.0 ], [ 121.937758468936536, 0.527988593989663, 0.0 ], [ 121.937772497460841, 0.528015103305117, 0.0 ], [ 121.937781761377138, 0.528032666164994, 0.0 ], [ 121.938385285599111, 0.529172321214792, 0.0 ], [ 121.938870912300359, 0.53008920520468, 0.0 ], [ 121.940351977871359, 0.534265876143296, 0.0 ], [ 121.940351722464015, 0.535757470077351, 0.0 ], [ 121.940202997982752, 0.53844226469482, 0.0 ], [ 121.939017354302365, 0.540679429866068, 0.0 ], [ 121.938868650505441, 0.543215074622898, 0.0 ], [ 121.938127431087509, 0.545899761321804, 0.0 ], [ 121.938127090244507, 0.547838836313845, 0.0 ], [ 121.937682004081026, 0.551120205192683, 0.0 ], [ 121.937088916491149, 0.552909989130716, 0.0 ], [ 121.936404968598069, 0.557173622710953, 0.0 ], [ 121.936405810363482, 0.557177898087806, 0.0 ], [ 121.936980487932033, 0.557848942508458, 0.0 ], [ 121.937046691523264, 0.55821099606768, 0.0 ], [ 121.937232119135189, 0.559221148745185, 0.0 ], [ 121.93735425695931, 0.560842796335885, 0.0 ], [ 121.937354289334849, 0.562215027753625, 0.0 ], [ 121.937415149154603, 0.562626478373866, 0.0 ], [ 121.93791117471639, 0.564996589421378, 0.0 ], [ 121.938033241494139, 0.566992505163037, 0.0 ], [ 121.938162887757898, 0.56898845687761, 0.0 ], [ 121.938284996803617, 0.57073487370876, 0.0 ], [ 121.937789107938812, 0.572231815910866, 0.0 ], [ 121.936911821097851, 0.574102989391827, 0.0 ], [ 121.935912383842236, 0.575974173664599, 0.0 ], [ 121.934790820453671, 0.577720566214017, 0.0 ], [ 121.933295274898725, 0.579217563274818, 0.0 ], [ 121.931922134266415, 0.580839208167498, 0.0 ], [ 121.930678559858165, 0.581837180427529, 0.0 ], [ 121.9296791639714, 0.583458857695822, 0.0 ], [ 121.930174822609985, 0.584706308182019, 0.0 ], [ 121.931677833437064, 0.585330008693789, 0.0 ], [ 121.933295388213324, 0.58607846405672, 0.0 ], [ 121.934790748508021, 0.587076430920712, 0.0 ], [ 121.935667993980104, 0.588448653345201, 0.0 ], [ 121.935912265131691, 0.590070324318263, 0.0 ], [ 121.935301848505645, 0.591299013148232, 0.0 ], [ 121.934928119947941, 0.592671453208675, 0.0 ], [ 121.934805941654318, 0.594293512688919, 0.0 ], [ 121.934928155920858, 0.595416337826231, 0.0 ], [ 121.935050017653111, 0.596913642455136, 0.0 ], [ 121.935797834497379, 0.598161322268469, 0.0 ], [ 121.936797129660178, 0.60003278263319, 0.0 ], [ 121.93767453341286, 0.602029165122912, 0.0 ], [ 121.938666343518364, 0.603401626767068, 0.0 ], [ 121.939795674351217, 0.605148383541847, 0.0 ], [ 121.94154274948599, 0.607019925744838, 0.0 ], [ 121.942786330189477, 0.607518958639579, 0.0 ], [ 121.943663622426385, 0.60864186561516, 0.0 ], [ 121.944281771423249, 0.611012470390575, 0.0 ], [ 121.944411332251278, 0.611885836187413, 0.0 ], [ 121.944533591483975, 0.612759270332778, 0.0 ], [ 121.945036877272486, 0.613757372095173, 0.0 ], [ 121.94640279365106, 0.614755503535162, 0.0 ], [ 121.947531760258471, 0.615504123474002, 0.0 ], [ 121.948775528020846, 0.616502302578085, 0.0 ], [ 121.949400915660746, 0.617749966203566, 0.0 ], [ 121.949523027404567, 0.619371940248152, 0.0 ], [ 121.949279067418317, 0.62049491017631, 0.0 ], [ 121.949027204190088, 0.62323982716939, 0.0 ], [ 121.948401480203856, 0.625111327104237, 0.0 ], [ 121.948027786719621, 0.626234270052732, 0.0 ], [ 121.947478346825136, 0.627161703090033, 0.0 ], [ 121.947348646602137, 0.628409356822983, 0.0 ], [ 121.947226707528102, 0.630156083920079, 0.0 ], [ 121.947974290548743, 0.63115423784315, 0.0 ], [ 121.949469783943101, 0.631528599523649, 0.0 ], [ 121.950720927944843, 0.632152446624827, 0.0 ], [ 121.951346387530393, 0.633025774650191, 0.0 ], [ 121.951842475145554, 0.634897291672169, 0.0 ], [ 121.95309377472995, 0.636145016451488, 0.0 ], [ 121.954588915590222, 0.636893648980878, 0.0 ], [ 121.956336247031714, 0.63751745831067, 0.0 ], [ 121.957335485537072, 0.638266130410185, 0.0 ], [ 121.95845715684429, 0.639014687396537, 0.0 ], [ 121.959204693100119, 0.640262382498262, 0.0 ], [ 121.959578525979168, 0.641260536421333, 0.0 ], [ 121.9603262708778, 0.644254990995856, 0.0 ], [ 121.960740107399374, 0.645997665747915, 0.0 ], [ 121.966235727623513, 0.650447075877052, 0.0 ], [ 121.971300527629396, 0.655256402776176, 0.0 ], [ 121.973470578196284, 0.660939405738263, 0.0 ], [ 121.976219614084371, 0.665456893645748, 0.0 ], [ 121.981140026139769, 0.66924629763279, 0.0 ], [ 121.983600195295367, 0.672015271490193, 0.0 ], [ 121.983187423571096, 0.677329561413513, 0.0 ], [ 121.983880340402735, 0.677927724776887, 0.0 ], [ 121.980159355037046, 0.680423664466127, 0.0 ], [ 121.978918400353933, 0.684667885281014, 0.0 ], [ 121.975693227410744, 0.688911743669189, 0.0 ], [ 121.970483298413015, 0.695651877193741, 0.0 ], [ 121.968496685258401, 0.706637170425343, 0.0 ], [ 121.969735588587938, 0.71188063514163, 0.0 ], [ 121.970726362674441, 0.717873084022118, 0.0 ], [ 121.970229214758632, 0.723365839006211, 0.0 ], [ 121.970833536679223, 0.724241979211575, 0.0 ], [ 121.970833580746103, 0.724242042164151, 0.0 ], [ 121.970833605927027, 0.724242079935626, 0.0 ], [ 121.970881637817314, 0.724185624995259, 0.0 ], [ 121.972009964107585, 0.724093728673063, 0.0 ], [ 121.972558806852163, 0.72473851109172, 0.0 ], [ 121.972375571787353, 0.725383126236538, 0.0 ], [ 121.971612839687126, 0.726825690932324, 0.0 ], [ 121.971429634299994, 0.728575381295497, 0.0 ], [ 121.971520963150084, 0.729526981813704, 0.0 ], [ 121.972328736894681, 0.730079670059362, 0.0 ], [ 121.973609315706383, 0.731000873492986, 0.0 ], [ 121.974249662668953, 0.731829845157188, 0.0 ], [ 121.974249467516074, 0.732689341609686, 0.0 ], [ 121.973517072245954, 0.734070570744398, 0.0 ], [ 121.972785083469347, 0.734899226746526, 0.0 ], [ 121.971565166626419, 0.736403025379877, 0.0 ], [ 121.971198774737772, 0.737323848400288, 0.0 ], [ 121.971168348874969, 0.737753659579114, 0.0 ], [ 121.971229186211559, 0.738183421295195, 0.0 ], [ 121.971473128211315, 0.738551813276027, 0.0 ], [ 121.972738227892236, 0.7396265129936, 0.0 ], [ 121.973348056361743, 0.740056402413396, 0.0 ], [ 121.973713695517759, 0.741192235344572, 0.0 ], [ 121.973926689148584, 0.74303410261856, 0.0 ], [ 121.974841127881845, 0.744998889227437, 0.0 ], [ 121.975023991526697, 0.745981253753695, 0.0 ], [ 121.974779793220137, 0.746717937890588, 0.0 ], [ 121.974505188835764, 0.747792278778662, 0.0 ], [ 121.974276054173131, 0.748958643692647, 0.0 ], [ 121.9746723287343, 0.749971729059355, 0.0 ], [ 121.975098923038189, 0.751015564944195, 0.0 ], [ 121.975129281451927, 0.752089977778007, 0.0 ], [ 121.974915396593033, 0.754085171364087, 0.0 ], [ 121.974884593914226, 0.754913988344911, 0.0 ], [ 121.974607659386464, 0.757524707605421, 0.0 ], [ 121.974588844670279, 0.75752470310884, 0.0 ], [ 121.9744851501423, 0.757836901852053, 0.0 ], [ 121.974381737102121, 0.758149028649439, 0.0 ], [ 121.973915705728629, 0.758825306224979, 0.0 ], [ 121.973398053270571, 0.759293516655761, 0.0 ], [ 121.973139080901774, 0.759553593392086, 0.0 ], [ 121.9730353495016, 0.7600218317019, 0.0 ], [ 121.973035250576203, 0.76043808110449, 0.0 ], [ 121.973190455571995, 0.760802355089778, 0.0 ], [ 121.973759837932448, 0.7612707543782, 0.0 ], [ 121.974070309078044, 0.761739092512785, 0.0 ], [ 121.974277158540673, 0.762207405466268, 0.0 ], [ 121.974380656117134, 0.762727778373433, 0.0 ], [ 121.974380508628357, 0.76335208233023, 0.0 ], [ 121.974225044627659, 0.764080517885572, 0.0 ], [ 121.973500001315159, 0.765172981011845, 0.0 ], [ 121.972827093499291, 0.765484971112266, 0.0 ], [ 121.971791958555045, 0.765692845801995, 0.0 ], [ 121.971067174247267, 0.765692671333555, 0.0 ], [ 121.970497987039593, 0.765588506460206, 0.0 ], [ 121.97008382226548, 0.765432295123007, 0.0 ], [ 121.96992858129677, 0.765224132650148, 0.0 ], [ 121.969928717094362, 0.764651772634499, 0.0 ], [ 121.969928841200868, 0.764131495954716, 0.0 ], [ 121.969773711748118, 0.763455070890399, 0.0 ], [ 121.969515205228021, 0.76293466201041, 0.0 ], [ 121.969049420268789, 0.762570384427823, 0.0 ], [ 121.968324918348031, 0.762570209959294, 0.0 ], [ 121.96770370626038, 0.762778184473882, 0.0 ], [ 121.96749640264008, 0.763038272002107, 0.0 ], [ 121.967082320603595, 0.76371455947009, 0.0 ], [ 121.966926781959316, 0.76475514430581, 0.0 ], [ 121.966823061350951, 0.765171367628019, 0.0 ], [ 121.966616001446965, 0.765587566668672, 0.0 ], [ 121.966512306019695, 0.765899692566778, 0.0 ], [ 121.96614997996592, 0.766211826558675, 0.0 ], [ 121.96594289488084, 0.766732051977063, 0.0 ], [ 121.965735821487115, 0.767200264206495, 0.0 ], [ 121.965580456411914, 0.767512447661227, 0.0 ], [ 121.965062508976303, 0.768032597536487, 0.0 ], [ 121.9646485375564, 0.768240620614362, 0.0 ], [ 121.964234260366965, 0.768552741116517, 0.0 ], [ 121.964027212154079, 0.768916855022476, 0.0 ], [ 121.964027099738843, 0.769385117614023, 0.0 ], [ 121.964233946503541, 0.769853500714683, 0.0 ], [ 121.964389137110217, 0.77026971684238, 0.0 ], [ 121.964906809353337, 0.770894215952049, 0.0 ], [ 121.965268922267825, 0.771466664101288, 0.0 ], [ 121.965320491191534, 0.771882925195148, 0.0 ], [ 121.965113405207177, 0.772403150613447, 0.0 ], [ 121.964699064165885, 0.772975408106484, 0.0 ], [ 121.964415918920324, 0.773321482511883, 0.0 ], [ 121.964415868558291, 0.773529606313809, 0.0 ], [ 121.964467692889428, 0.774049965731142, 0.0 ], [ 121.965036716420485, 0.774830518796614, 0.0 ], [ 121.96539882843561, 0.775402966945941, 0.0 ], [ 121.965502285542499, 0.776079379419707, 0.0 ], [ 121.96550220910008, 0.776391530498914, 0.0 ], [ 121.965243158490239, 0.776963826662706, 0.0 ], [ 121.964880792866325, 0.777431999322013, 0.0 ], [ 121.964725425992555, 0.777744182776745, 0.0 ], [ 121.964776943655053, 0.778368568571812, 0.0 ], [ 121.964828754496438, 0.778940870131554, 0.0 ], [ 121.964828652873024, 0.779357118634864, 0.0 ], [ 121.964673298589815, 0.779617217854182, 0.0 ], [ 121.964569640034739, 0.779773303286317, 0.0 ], [ 121.964517830092618, 0.780345649812224, 0.0 ], [ 121.964517778831222, 0.780553773614149, 0.0 ], [ 121.964258828945518, 0.780709750228352, 0.0 ], [ 121.963896576636117, 0.780709660296112, 0.0 ], [ 121.963637677112345, 0.780657582356019, 0.0 ], [ 121.96353442684952, 0.780293321860563, 0.0 ], [ 121.963430895098881, 0.779929131512284, 0.0 ], [ 121.963172352605952, 0.779564832345984, 0.0 ], [ 121.962758201321577, 0.779356606021357, 0.0 ], [ 121.962499289207329, 0.77935654127013, 0.0 ], [ 121.961671126932941, 0.779512446837786, 0.0 ], [ 121.961308875522917, 0.779512356905547, 0.0 ], [ 121.960894953565671, 0.779512254382934, 0.0 ], [ 121.959807917847868, 0.779511983686935, 0.0 ], [ 121.959393716201475, 0.779511881164234, 0.0 ], [ 121.958617492472257, 0.779719811612027, 0.0 ], [ 121.958358542586467, 0.779875857473859, 0.0 ], [ 121.958254844461266, 0.780187982472595, 0.0 ], [ 121.958254729348013, 0.780656243265491, 0.0 ], [ 121.958461843211325, 0.781176640454388, 0.0 ], [ 121.958513359075155, 0.781800954303717, 0.0 ], [ 121.958357940040713, 0.782321260661094, 0.0 ], [ 121.958150876539435, 0.782737456104358, 0.0 ], [ 121.958150722755335, 0.783361828409594, 0.0 ], [ 121.958098694277993, 0.7836739650996, 0.0 ], [ 121.957891720708858, 0.783725927027072, 0.0 ], [ 121.957684760629576, 0.783725874866396, 0.0 ], [ 121.957322585661956, 0.783413633855127, 0.0 ], [ 121.957115434027088, 0.783049347279378, 0.0 ], [ 121.956908602550783, 0.782529022036309, 0.0 ], [ 121.956753465903518, 0.781904611959509, 0.0 ], [ 121.956701911368924, 0.781436337676781, 0.0 ], [ 121.956546762131026, 0.780863940788849, 0.0 ], [ 121.956339917164883, 0.780395628734647, 0.0 ], [ 121.956081108472716, 0.779979316379479, 0.0 ], [ 121.955925919664608, 0.779563030104695, 0.0 ], [ 121.955926035677138, 0.779094769311798, 0.0 ], [ 121.955822542597346, 0.778574399102565, 0.0 ], [ 121.955615658960454, 0.77826219676214, 0.0 ], [ 121.9554087627331, 0.778002008509952, 0.0 ], [ 121.955098207950684, 0.777897833743983, 0.0 ], [ 121.95452871587284, 0.777897692550526, 0.0 ], [ 121.953027724023528, 0.778053428146323, 0.0 ], [ 121.95266547351288, 0.778053337314803, 0.0 ], [ 121.952251246685464, 0.778157330417643, 0.0 ], [ 121.951681882311505, 0.778781487784945, 0.0 ], [ 121.951215727730784, 0.779926085508568, 0.0 ], [ 121.950853387287893, 0.780290157146383, 0.0 ], [ 121.950491085515836, 0.780498190116789, 0.0 ], [ 121.949973237904914, 0.780602157139336, 0.0 ], [ 121.949610948723418, 0.780758176021594, 0.0 ], [ 121.949403911302426, 0.781070273141386, 0.0 ], [ 121.949352124742774, 0.781538520444362, 0.0 ], [ 121.949507220920538, 0.782319039335659, 0.0 ], [ 121.949610379452565, 0.78304746140108, 0.0 ], [ 121.949610197789525, 0.783775928432577, 0.0 ], [ 121.949610081776996, 0.784244188326193, 0.0 ], [ 121.949610003535938, 0.784556337606572, 0.0 ], [ 121.949454674433724, 0.784712408649506, 0.0 ], [ 121.949013748533943, 0.78490176360078, 0.0 ], [ 121.948444511863613, 0.785005716234126, 0.0 ], [ 121.947409096330915, 0.785213577434111, 0.0 ], [ 121.946580975425377, 0.785213366992669, 0.0 ], [ 121.945959827189512, 0.785161126275317, 0.0 ], [ 121.945545920520743, 0.785109007865818, 0.0 ], [ 121.944769469263065, 0.785108810914296, 0.0 ], [ 121.94435522894581, 0.785264815407353, 0.0 ], [ 121.943734257876486, 0.785628889743099, 0.0 ], [ 121.943423625752288, 0.785836933505406, 0.0 ], [ 121.943061029002678, 0.786096976966836, 0.0 ], [ 121.942750651386632, 0.786409047106966, 0.0 ], [ 121.942543292008423, 0.786877253041167, 0.0 ], [ 121.942284531879551, 0.787397529720861, 0.0 ], [ 121.942129215367814, 0.787501515629189, 0.0 ], [ 121.941404473328006, 0.78734529170144, 0.0 ], [ 121.940990593639, 0.787189075867749, 0.0 ], [ 121.940628062539901, 0.78718898323749, 0.0 ], [ 121.940421063789671, 0.787345039891311, 0.0 ], [ 121.940162354922194, 0.787657122621903, 0.0 ], [ 121.940110285975351, 0.788125367227037, 0.0 ], [ 121.940109706811967, 0.790414716458292, 0.0 ], [ 121.939850852254352, 0.791299153808759, 0.0 ], [ 121.939488149384573, 0.791975441276831, 0.0 ], [ 121.939022374317872, 0.792703714954106, 0.0 ], [ 121.938401094781085, 0.793171883116743, 0.0 ], [ 121.937520957089276, 0.793431791679859, 0.0 ], [ 121.936848126615104, 0.79343161721133, 0.0 ], [ 121.936123627392362, 0.793431430152429, 0.0 ], [ 121.935606046880125, 0.793587334820715, 0.0 ], [ 121.935036503541056, 0.793795309335303, 0.0 ], [ 121.934674120830024, 0.794315556337403, 0.0 ], [ 121.934467027650967, 0.794835772762541, 0.0 ], [ 121.93441484988611, 0.795720261374226, 0.0 ], [ 121.934725176240846, 0.796708940939732, 0.0 ], [ 121.934931935771417, 0.79748947062284, 0.0 ], [ 121.935019941626464, 0.798150255577772, 0.0 ], [ 121.935019794137688, 0.798722539151102, 0.0 ], [ 121.934864369707299, 0.799242839213247, 0.0 ], [ 121.934502052646764, 0.799502879976659, 0.0 ], [ 121.934087838409894, 0.799554784347593, 0.0 ], [ 121.93346691860188, 0.799710731284024, 0.0 ], [ 121.931810181264254, 0.800542785824136, 0.0 ], [ 121.930930189262682, 0.801322960275134, 0.0 ], [ 121.930464183969477, 0.801843177599552, 0.0 ], [ 121.930464035581238, 0.802415460273513, 0.0 ], [ 121.930256818295874, 0.803404003142054, 0.0 ], [ 121.929997813551466, 0.803768165611389, 0.0 ], [ 121.929635455122153, 0.804184313390647, 0.0 ], [ 121.929169529868574, 0.804392313086159, 0.0 ], [ 121.92865194935635, 0.804548214157234, 0.0 ], [ 121.927979078412676, 0.804704145805272, 0.0 ], [ 121.927927059827852, 0.804964266608392, 0.0 ], [ 121.92803053042465, 0.805536646409192, 0.0 ], [ 121.928237327726606, 0.806161066378523, 0.0 ], [ 121.928289087306695, 0.806889471356813, 0.0 ], [ 121.928133647587728, 0.807461782809086, 0.0 ], [ 121.927564061081142, 0.807825791494414, 0.0 ], [ 121.927201743121344, 0.808085900606263, 0.0 ], [ 121.927046384341452, 0.808345993530439, 0.0 ], [ 121.926890985092072, 0.808762196168215, 0.0 ], [ 121.92714973173112, 0.809386630526747, 0.0 ], [ 121.927667162955913, 0.809803011230352, 0.0 ], [ 121.928132910143759, 0.810271391633081, 0.0 ], [ 121.928546748463987, 0.810583649731482, 0.0 ], [ 121.928805591330516, 0.810843853272151, 0.0 ], [ 121.929012331975201, 0.811676396144216, 0.0 ], [ 121.929005152687381, 0.812281819734321, 0.0 ], [ 121.928797959683735, 0.813166336225039, 0.0 ], [ 121.928642545145863, 0.813634551152491, 0.0 ], [ 121.928176537154741, 0.81415469563189, 0.0 ], [ 121.928087499777263, 0.814225906648085, 0.0 ], [ 121.927720148311934, 0.814401350886244, 0.0 ], [ 121.92727865493994, 0.814598471483156, 0.0 ], [ 121.926869736810545, 0.814795671220496, 0.0 ], [ 121.92654251399361, 0.815075010535286, 0.0 ], [ 121.926493613358161, 0.815222909438988, 0.0 ], [ 121.926444361987265, 0.815633839351752, 0.0 ], [ 121.926476875176647, 0.81586401812717, 0.0 ], [ 121.926509665357088, 0.816110593341905, 0.0 ], [ 121.92660760422406, 0.816357185643683, 0.0 ], [ 121.926770977761862, 0.816587329345468, 0.0 ], [ 121.927016322704006, 0.816916220404833, 0.0 ], [ 121.927523066385774, 0.817393022958361, 0.0 ], [ 121.927858541381738, 0.817764269387248, 0.0 ], [ 121.927880143096914, 0.817843071580819, 0.0 ], [ 121.928018936364992, 0.818635314034059, 0.0 ], [ 121.928071763440329, 0.819565764296763, 0.0 ], [ 121.928174853623915, 0.820502374915337, 0.0 ], [ 121.928202577923301, 0.82079071464503, 0.0 ], [ 121.928227451372123, 0.821237423185499, 0.0 ], [ 121.928257823275686, 0.822127655767017, 0.0 ], [ 121.92837958248515, 0.822557430073649, 0.0 ], [ 121.929172266505617, 0.822772479554627, 0.0 ], [ 121.930087178282179, 0.82271138591115, 0.0 ], [ 121.930910521089899, 0.822742278522197, 0.0 ], [ 121.93173386389752, 0.822773171133244, 0.0 ], [ 121.931977704273848, 0.823479297206946, 0.0 ], [ 121.932373804366392, 0.823970487114182, 0.0 ], [ 121.932724363690809, 0.824645901340597, 0.0 ], [ 121.933120793834547, 0.824952997330568, 0.0 ], [ 121.933517305816551, 0.82495310434985, 0.0 ], [ 121.93409665266509, 0.82486117745069, 0.0 ], [ 121.934889567811169, 0.824216742170262, 0.0 ], [ 121.935896190649856, 0.823541693068579, 0.0 ], [ 121.936292397761676, 0.823633882569856, 0.0 ], [ 121.936505761013819, 0.823848846615176, 0.0 ], [ 121.936444701544602, 0.824309243736225, 0.0 ], [ 121.935804351884101, 0.824646731414828, 0.0 ], [ 121.935011229894059, 0.825014919249538, 0.0 ], [ 121.934553905756303, 0.825598032458811, 0.0 ], [ 121.934584119379195, 0.82602778338308, 0.0 ], [ 121.935254801373048, 0.826733954422858, 0.0 ], [ 121.936108517882985, 0.827655082313354, 0.0 ], [ 121.936077761968804, 0.828207640157279, 0.0 ], [ 121.935498232557947, 0.828974885954751, 0.0 ], [ 121.934979706858229, 0.82949657097278, 0.0 ], [ 121.934979518000503, 0.830202561248798, 0.0 ], [ 121.935040224935534, 0.831062133244424, 0.0 ], [ 121.935009393478339, 0.831890868386979, 0.0 ], [ 121.93500916325192, 0.832750424194754, 0.0 ], [ 121.934734714450272, 0.833088009000198, 0.0 ], [ 121.934383834967292, 0.833609738984213, 0.0 ], [ 121.934322773699606, 0.834070135205893, 0.0 ], [ 121.934322600130358, 0.834714783625694, 0.0 ], [ 121.93477988559718, 0.835328816425589, 0.0 ], [ 121.93511537048559, 0.83566656760559, 0.0 ], [ 121.935694686757344, 0.835697466511868, 0.0 ], [ 121.936731487245922, 0.835605596269966, 0.0 ], [ 121.936883854880605, 0.836035451515586, 0.0 ], [ 121.937005548439743, 0.836710804588074, 0.0 ], [ 121.937065782331302, 0.839320018383586, 0.0 ], [ 121.937187805042186, 0.839811136345085, 0.0 ], [ 121.937553660035505, 0.839995472180037, 0.0 ], [ 121.938163594624911, 0.839995639453965, 0.0 ], [ 121.938712427477057, 0.839565975763916, 0.0 ], [ 121.93944431193232, 0.839289927068458, 0.0 ], [ 121.940024051784533, 0.838798930515354, 0.0 ], [ 121.940451066971292, 0.838154467355893, 0.0 ], [ 121.940634292143486, 0.837663361984857, 0.0 ], [ 121.941243971325562, 0.837571444978229, 0.0 ], [ 121.941579474200381, 0.837847784154837, 0.0 ], [ 121.94157931771835, 0.838431022369805, 0.0 ], [ 121.941304826648562, 0.838922103459109, 0.0 ], [ 121.941060672408895, 0.839382451117414, 0.0 ], [ 121.941060524020742, 0.839935017954678, 0.0 ], [ 121.941243303129227, 0.840057821277033, 0.0 ], [ 121.941578921117284, 0.839904418522534, 0.0 ], [ 121.9420058796467, 0.839474790805487, 0.0 ], [ 121.942829228749559, 0.839505757160923, 0.0 ], [ 121.943195010897867, 0.839966270294416, 0.0 ], [ 121.943926706495489, 0.840396213673626, 0.0 ], [ 121.94401802185574, 0.841255725414695, 0.0 ], [ 121.943956869756349, 0.842053854829876, 0.0 ], [ 121.943895849857441, 0.842360828511994, 0.0 ], [ 121.942447092430257, 0.843465497236932, 0.0 ], [ 121.941379662831864, 0.84361870034189, 0.0 ], [ 121.94067816287081, 0.843679849743255, 0.0 ], [ 121.940037749358453, 0.844232241212621, 0.0 ], [ 121.939305671548965, 0.845214279284904, 0.0 ], [ 121.93848194742877, 0.846564694049538, 0.0 ], [ 121.93744505071281, 0.846994221042534, 0.0 ], [ 121.936591068003551, 0.847055327276473, 0.0 ], [ 121.935615243347087, 0.846993715623627, 0.0 ], [ 121.935249270542585, 0.847239121719694, 0.0 ], [ 121.934974668856128, 0.848129271563573, 0.0 ], [ 121.934974442227016, 0.848958085846467, 0.0 ], [ 121.934852475274212, 0.849295712020685, 0.0 ], [ 121.93430334204848, 0.849786713969651, 0.0 ], [ 121.933571523243728, 0.849817181201411, 0.0 ], [ 121.932443214940037, 0.849755455334593, 0.0 ], [ 121.931193049400605, 0.849632354336575, 0.0 ], [ 121.930491559332069, 0.849662829662216, 0.0 ], [ 121.930034006766462, 0.850031102033126, 0.0 ], [ 121.92982050951548, 0.850307290123657, 0.0 ], [ 121.929972815996408, 0.850951980811514, 0.0 ], [ 121.930247021980989, 0.85150455214527, 0.0 ], [ 121.93105486767152, 0.852763332290367, 0.0 ], [ 121.931634118292678, 0.853039741614063, 0.0 ], [ 121.932365894829189, 0.853162769766973, 0.0 ], [ 121.932793044014815, 0.8530708068949, 0.0 ], [ 121.933433426950117, 0.85264124302971, 0.0 ], [ 121.933951918475742, 0.852272986846474, 0.0 ], [ 121.934744557529967, 0.852672279532233, 0.0 ], [ 121.934896686844354, 0.853961549392083, 0.0 ], [ 121.934987979721512, 0.854882471337896, 0.0 ], [ 121.935445305657836, 0.85534308249751, 0.0 ], [ 121.936024709163718, 0.8550669258834, 0.0 ], [ 121.936848237231771, 0.854453247416335, 0.0 ], [ 121.937305732240588, 0.85429988063475, 0.0 ], [ 121.938007148564807, 0.854545652754827, 0.0 ], [ 121.938067487677003, 0.856725125518602, 0.0 ], [ 121.93785384563499, 0.857523138921338, 0.0 ], [ 121.937670615966127, 0.858014242493725, 0.0 ], [ 121.936786267648614, 0.858198161043271, 0.0 ], [ 121.93611540129379, 0.858167302606487, 0.0 ], [ 121.935535953721114, 0.858596882659528, 0.0 ], [ 121.934925871642932, 0.859118536201224, 0.0 ], [ 121.934193948516821, 0.859517402608416, 0.0 ], [ 121.933217994358088, 0.859916199767711, 0.0 ], [ 121.932577302955224, 0.860437844316246, 0.0 ], [ 121.932546889682882, 0.860744824293684, 0.0 ], [ 121.932927721086003, 0.861604416074373, 0.0 ], [ 121.933659474240244, 0.861819458360662, 0.0 ], [ 121.934604972858409, 0.861881136563384, 0.0 ], [ 121.936343043981083, 0.861574706971106, 0.0 ], [ 121.937593546766124, 0.861513645703242, 0.0 ], [ 121.937959360390764, 0.861851408574425, 0.0 ], [ 121.938446870272386, 0.862833784791776, 0.0 ], [ 121.93856887409757, 0.863386385803215, 0.0 ], [ 121.938233176069701, 0.863816034204694, 0.0 ], [ 121.937470777618046, 0.863723736784853, 0.0 ], [ 121.936738963309949, 0.863723530840081, 0.0 ], [ 121.935946118310881, 0.864060967257378, 0.0 ], [ 121.93573261926106, 0.86433715534782, 0.0 ], [ 121.935793445805842, 0.864736244786827, 0.0 ], [ 121.936311786245298, 0.864920555440766, 0.0 ], [ 121.936708268549708, 0.865043491862787, 0.0 ], [ 121.937196050925891, 0.865043629459121, 0.0 ], [ 121.937470342346131, 0.865289283768016, 0.0 ], [ 121.937988401297687, 0.866486575467311, 0.0 ], [ 121.938262725992914, 0.867622386814774, 0.0 ], [ 121.937805177024785, 0.867959917660803, 0.0 ], [ 121.937286725069455, 0.86817467756, 0.0 ], [ 121.936646210833061, 0.868051672789453, 0.0 ], [ 121.936158436550841, 0.868020863815415, 0.0 ], [ 121.935548342781473, 0.868573257083431, 0.0 ], [ 121.935365444062995, 0.868880123746267, 0.0 ], [ 121.935182169427975, 0.869524720904673, 0.0 ], [ 121.935090518620669, 0.869893025651284, 0.0 ], [ 121.934282412126862, 0.870568115222374, 0.0 ], [ 121.933702732529113, 0.870813526714391, 0.0 ], [ 121.933458774341602, 0.87155018836829, 0.0 ], [ 121.933458507242904, 0.872501755611514, 0.0 ], [ 121.933244509069496, 0.873545414329894, 0.0 ], [ 121.93275654413091, 0.874189852308253, 0.0 ], [ 121.932146422482589, 0.874834326259614, 0.0 ], [ 121.931475485081222, 0.875048970146279, 0.0 ], [ 121.930804625021537, 0.874987435835032, 0.0 ], [ 121.930072801720286, 0.875017896771472, 0.0 ], [ 121.929371315248886, 0.87501769532337, 0.0 ], [ 121.928670041017583, 0.875263069943104, 0.0 ], [ 121.928243126555046, 0.875508523703176, 0.0 ], [ 121.927876859672182, 0.875784665928263, 0.0 ], [ 121.927236557675769, 0.87590730467471, 0.0 ], [ 121.926535168331299, 0.875569443777495, 0.0 ], [ 121.925803512303816, 0.875016668297616, 0.0 ], [ 121.925163315528039, 0.87477090786872, 0.0 ], [ 121.924431502119319, 0.874770696527997, 0.0 ], [ 121.923851822521584, 0.875016105321995, 0.0 ], [ 121.923242086682336, 0.875292176500623, 0.0 ], [ 121.922753884322816, 0.87578318744284, 0.0 ], [ 121.922387784713791, 0.876458398422501, 0.0 ], [ 121.922509458487781, 0.87716449122122, 0.0 ], [ 121.922631341803665, 0.878116089940777, 0.0 ], [ 121.922600583191652, 0.8786379035618, 0.0 ], [ 121.92232614428255, 0.8789140709679, 0.0 ], [ 121.922112150605727, 0.878951471073135, 0.0 ], [ 121.921624623637058, 0.879036690828565, 0.0 ], [ 121.921289361780381, 0.878913769694937, 0.0 ], [ 121.921014730416331, 0.878883019176806, 0.0 ], [ 121.92069313825472, 0.879074793304317, 0.0 ], [ 121.9206927659353, 0.88036980893265, 0.0 ], [ 121.922216811005441, 0.883152081964171, 0.0 ], [ 121.922740321647211, 0.884878900769541, 0.0 ], [ 121.923978728551077, 0.886845780100857, 0.0 ], [ 121.927694058080533, 0.890444085351331, 0.0 ], [ 121.934316543196474, 0.892748223933397, 0.0 ], [ 121.939557251490825, 0.894620307528208, 0.0 ], [ 121.940224092480179, 0.895004238894374, 0.0 ], [ 121.957854782855208, 0.90748982250413, 0.0 ], [ 121.957854815230718, 0.90748982520215, 0.0 ], [ 121.958355510072579, 0.90753243957649, 0.0 ], [ 121.958359130743105, 0.907532512421509, 0.0 ], [ 121.959038172834539, 0.9075016144146, 0.0 ], [ 121.95990787749146, 0.907529144460488, 0.0 ], [ 121.960281647418014, 0.907554128525793, 0.0 ], [ 121.961098008788795, 0.907535354279192, 0.0 ] ] ] ] } },
{ "type": "Feature", "properties": { "KEC_NO": "041", "KECAMATAN": "TALUDITI" }, "geometry": { "type": "MultiPolygon", "coordinates": [ [ [ [ 121.858520735581024, 0.99070153939798, 0.0 ], [ 121.859100654398432, 0.990636161384399, 0.0 ], [ 121.859581395982303, 0.990708197078964, 0.0 ], [ 121.860145861749317, 0.9906656384626, 0.0 ], [ 121.860657228845639, 0.99069175027771, 0.0 ], [ 121.861298039858326, 0.990764759937983, 0.0 ], [ 121.861908267626745, 0.990756915151918, 0.0 ], [ 121.862213547885503, 0.990678367466584, 0.0 ], [ 121.862640767218295, 0.990416548743526, 0.0 ], [ 121.863411377379407, 0.989489721849272, 0.0 ], [ 121.864235323632144, 0.988620860756421, 0.0 ], [ 121.864326890802516, 0.988563863524865, 0.0 ], [ 121.864517607327315, 0.988450083100405, 0.0 ], [ 121.864807466011925, 0.988302416221769, 0.0 ], [ 121.865333849987536, 0.987937667394449, 0.0 ], [ 121.865684965992159, 0.987675256917457, 0.0 ], [ 121.866142541040773, 0.987333098160307, 0.0 ], [ 121.866348738494906, 0.987115935272546, 0.0 ], [ 121.867302387668659, 0.986351281321189, 0.0 ], [ 121.86747764754567, 0.986271839709767, 0.0 ], [ 121.867973620946955, 0.986148340312125, 0.0 ], [ 121.868385620153617, 0.986047426487894, 0.0 ], [ 121.868873996082385, 0.985969929210588, 0.0 ], [ 121.869583440654267, 0.985709829991359, 0.0 ], [ 121.86989634536522, 0.985504717119427, 0.0 ], [ 121.870781427529579, 0.984877698109469, 0.0 ], [ 121.871033082115005, 0.984764290903532, 0.0 ], [ 121.871406944671747, 0.984502098961863, 0.0 ], [ 121.8717119758184, 0.984331397748166, 0.0 ], [ 121.872200412900909, 0.984069879398612, 0.0 ], [ 121.872825907560085, 0.983763251056162, 0.0 ], [ 121.873138770002882, 0.983684704270109, 0.0 ], [ 121.873642317494145, 0.983584314750656, 0.0 ], [ 121.874466303317178, 0.983428347129704, 0.0 ], [ 121.875145376884788, 0.983294519917903, 0.0 ], [ 121.875603174065844, 0.983124929366878, 0.0 ], [ 121.876037962992115, 0.982897596046354, 0.0 ], [ 121.876419412229566, 0.982623885588145, 0.0 ], [ 121.877548446286113, 0.981400363363187, 0.0 ], [ 121.877594281132701, 0.981216712811532, 0.0 ], [ 121.878082530256947, 0.980679161954283, 0.0 ], [ 121.878517407316735, 0.980187316441254, 0.0 ], [ 121.879112572340404, 0.979880533415338, 0.0 ], [ 121.8793720932957, 0.979755537545861, 0.0 ], [ 121.880089093072144, 0.979575998694519, 0.0 ], [ 121.880775726340786, 0.979511285279981, 0.0 ], [ 121.881370826613306, 0.979399900649307, 0.0 ], [ 121.882110823852614, 0.979312378629364, 0.0 ], [ 121.882576446034591, 0.979257767299239, 0.0 ], [ 121.883171299893021, 0.979042922863664, 0.0 ], [ 121.883758863846865, 0.978793589428343, 0.0 ], [ 121.884392229372494, 0.978463921354793, 0.0 ], [ 121.884895538543461, 0.978237031399968, 0.0 ], [ 121.885780591929503, 0.97769042436993, 0.0 ], [ 121.886665589557396, 0.977316388244036, 0.0 ], [ 121.887627019665359, 0.976791995367447, 0.0 ], [ 121.887794980644884, 0.976702231337727, 0.0 ], [ 121.888283129944369, 0.9764638174705, 0.0 ], [ 121.888778899199522, 0.976110427080394, 0.0 ], [ 121.889526682768988, 0.975402011332819, 0.0 ], [ 121.890358215702349, 0.974498507456038, 0.0 ], [ 121.890983870440763, 0.973697332037142, 0.0 ], [ 121.891479800674617, 0.972849331618101, 0.0 ], [ 121.892128276608815, 0.971818349743029, 0.0 ], [ 121.892799786878328, 0.970764477424284, 0.0 ], [ 121.893226843433695, 0.970134536517024, 0.0 ], [ 121.893944104013514, 0.969149933578377, 0.0 ], [ 121.89480626155985, 0.968189263397549, 0.0 ], [ 121.895325111914886, 0.967663375847598, 0.0 ], [ 121.896133834444271, 0.966943809406233, 0.0 ], [ 121.896843389632835, 0.966338692484862, 0.0 ], [ 121.897613885580057, 0.965722289072106, 0.0 ], [ 121.898102088838939, 0.965311297106135, 0.0 ], [ 121.89822430580341, 0.965128092618199, 0.0 ], [ 121.898468444754684, 0.964807478019507, 0.0 ], [ 121.898910880616228, 0.964373150445423, 0.0 ], [ 121.899711879768034, 0.964090594255688, 0.0 ], [ 121.900329992791995, 0.964025355637092, 0.0 ], [ 121.900520652659452, 0.964084073271669, 0.0 ], [ 121.901001406833956, 0.964132990994164, 0.0 ], [ 121.901230277095905, 0.96413440742638, 0.0 ], [ 121.901390360913666, 0.964089372976433, 0.0 ], [ 121.901588662320506, 0.963964070438043, 0.0 ], [ 121.901840630769371, 0.963747057737167, 0.0 ], [ 121.902153234207361, 0.963599532052077, 0.0 ], [ 121.902306086576786, 0.963335845437223, 0.0 ], [ 121.902542369050821, 0.962992329603045, 0.0 ], [ 121.902786507102903, 0.96267178425216, 0.0 ], [ 121.902977321653637, 0.962247408575693, 0.0 ], [ 121.903313136593397, 0.961524998477996, 0.0 ], [ 121.903412317423971, 0.961367932784922, 0.0 ], [ 121.903671653118934, 0.960940681975879, 0.0 ], [ 121.903763231081214, 0.960849195744488, 0.0 ], [ 121.90406071421792, 0.960563506316818, 0.0 ], [ 121.904381202012274, 0.960347009826749, 0.0 ], [ 121.904747468895138, 0.960119220549886, 0.0 ], [ 121.905166843441862, 0.959788271841803, 0.0 ], [ 121.905708737125224, 0.959205003049872, 0.0 ], [ 121.906135777492906, 0.958609613195653, 0.0 ], [ 121.906120664386052, 0.95844855361336, 0.0 ], [ 121.906494512553678, 0.957335283772602, 0.0 ], [ 121.906532565566778, 0.956886971741015, 0.0 ], [ 121.906700486076716, 0.956036948746801, 0.0 ], [ 121.907036086078364, 0.955096027677653, 0.0 ], [ 121.907326022104755, 0.954695286184152, 0.0 ], [ 121.907753309785903, 0.954203354336096, 0.0 ], [ 121.908218828545799, 0.95358514868205, 0.0 ], [ 121.908539143670353, 0.95302364438246, 0.0 ], [ 121.90884426564844, 0.952553933882542, 0.0 ], [ 121.909202819945534, 0.951843116945143, 0.0 ], [ 121.909614768790348, 0.951006102643985, 0.0 ], [ 121.909874375181133, 0.950605067971492, 0.0 ], [ 121.910309075074551, 0.949756752789747, 0.0 ], [ 121.910980553867745, 0.948760319269697, 0.0 ], [ 121.911384818904921, 0.948245199302482, 0.0 ], [ 121.912193666440089, 0.947100120441595, 0.0 ], [ 121.912544542325776, 0.946688159905688, 0.0 ], [ 121.912979423882234, 0.946151565027735, 0.0 ], [ 121.913109214037476, 0.945990055784511, 0.0 ], [ 121.913704243263624, 0.94520016236042, 0.0 ], [ 121.914329884512313, 0.944398970753672, 0.0 ], [ 121.915001282366418, 0.943655458963936, 0.0 ], [ 121.915481958299878, 0.943048843772169, 0.0 ], [ 121.91612268117899, 0.941603647660231, 0.0 ], [ 121.916275320409127, 0.941110070952193, 0.0 ], [ 121.916519642822095, 0.940180069451228, 0.0 ], [ 121.916672000564432, 0.939686562890367, 0.0 ], [ 121.916687334904267, 0.939134570719906, 0.0 ], [ 121.916748407863309, 0.938697924693725, 0.0 ], [ 121.916755901014398, 0.938076885275878, 0.0 ], [ 121.917076529102914, 0.936480425896517, 0.0 ], [ 121.917305403861533, 0.935550277806056, 0.0 ], [ 121.917320603303054, 0.935435374128372, 0.0 ], [ 121.917671607791817, 0.934597981212652, 0.0 ], [ 121.917938543657229, 0.934093627029435, 0.0 ], [ 121.918106306785859, 0.933726622702506, 0.0 ], [ 121.91881595820189, 0.932764822073854, 0.0 ], [ 121.91925082446987, 0.932261437359853, 0.0 ], [ 121.919540776683931, 0.931791646820228, 0.0 ], [ 121.91993752159037, 0.931058080632789, 0.0 ], [ 121.920410413891688, 0.930175424839356, 0.0 ], [ 121.920814796740132, 0.92925790772667, 0.0 ], [ 121.921005621183582, 0.928776001520708, 0.0 ], [ 121.921463296056785, 0.928065774538593, 0.0 ], [ 121.921860187552724, 0.927769155650297, 0.0 ], [ 121.922546610380095, 0.92746273145388, 0.0 ], [ 121.923065618116439, 0.927304732264504, 0.0 ], [ 121.923706443518171, 0.927343090147685, 0.0 ], [ 121.92428634165114, 0.927346518363263, 0.0 ], [ 121.924621910176555, 0.927394534965069, 0.0 ], [ 121.925132978698016, 0.927489599598834, 0.0 ], [ 121.92566708784986, 0.927538736755844, 0.0 ], [ 121.926231804527717, 0.927599544414841, 0.0 ], [ 121.926651346348294, 0.927624971845846, 0.0 ], [ 121.927101473211721, 0.927731184475559, 0.0 ], [ 121.927612545330476, 0.927814659546326, 0.0 ], [ 121.92801689580331, 0.927932023769111, 0.0 ], [ 121.92842908027032, 0.928141402125364, 0.0 ], [ 121.928741847385012, 0.928373363357009, 0.0 ], [ 121.929222533211004, 0.928652160380609, 0.0 ], [ 121.929771769858718, 0.928827870818098, 0.0 ], [ 121.930092140741166, 0.9289907209505, 0.0 ], [ 121.930641627400448, 0.929269962239169, 0.0 ], [ 121.931053556460029, 0.929398847676514, 0.0 ], [ 121.931625569337356, 0.929482694167331, 0.0 ], [ 121.932159691079747, 0.929497344123069, 0.0 ], [ 121.932640483925098, 0.929419613022135, 0.0 ], [ 121.933029447897326, 0.929341429562251, 0.0 ], [ 121.933365080274598, 0.929182383562059, 0.0 ], [ 121.933617026240469, 0.929022887900847, 0.0 ], [ 121.933998426015165, 0.928887105562852, 0.0 ], [ 121.93462415090076, 0.928718254254539, 0.0 ], [ 121.934753611904185, 0.928714900682718, 0.0 ], [ 121.934990348535734, 0.928708824863049, 0.0 ], [ 121.935615758658713, 0.928655022922635, 0.0 ], [ 121.936371180170099, 0.928636382674978, 0.0 ], [ 121.937217927833558, 0.928422721747272, 0.0 ], [ 121.937355267797216, 0.928366086043146, 0.0 ], [ 121.937691177165718, 0.928218488412406, 0.0 ], [ 121.938309112123846, 0.927808083703611, 0.0 ], [ 121.938698151639215, 0.927476901171724, 0.0 ], [ 121.938972879230732, 0.927202502732109, 0.0 ], [ 121.939529673780754, 0.926527209014897, 0.0 ], [ 121.939804404070202, 0.92624136220583, 0.0 ], [ 121.940369006534098, 0.925750094057535, 0.0 ], [ 121.940727496979335, 0.925211698736943, 0.0 ], [ 121.940994649581427, 0.924914187721119, 0.0 ], [ 121.941284564923293, 0.924559371006354, 0.0 ], [ 121.941810998361547, 0.923987386007967, 0.0 ], [ 121.942215259801515, 0.923460734933661, 0.0 ], [ 121.942589256357195, 0.922715420902546, 0.0 ], [ 121.942947770184901, 0.922096530864307, 0.0 ], [ 121.942970564401094, 0.921935622368179, 0.0 ], [ 121.943237566816379, 0.921189711187269, 0.0 ], [ 121.943428465903509, 0.920443353043269, 0.0 ], [ 121.943794527740877, 0.919939515970229, 0.0 ], [ 121.944374529295928, 0.919597787988317, 0.0 ], [ 121.944771092539327, 0.919462078495429, 0.0 ], [ 121.945472917155712, 0.919305117123707, 0.0 ], [ 121.945854584029007, 0.919215196611959, 0.0 ], [ 121.946640374746039, 0.919058684001887, 0.0 ], [ 121.947342281200775, 0.9186256856258, 0.0 ], [ 121.947449047812682, 0.918442258106138, 0.0 ], [ 121.947746604693947, 0.917880449835744, 0.0 ], [ 121.947921972489695, 0.917421500623154, 0.0 ], [ 121.948234790865712, 0.916526416199241, 0.0 ], [ 121.948265444257089, 0.916377028917674, 0.0 ], [ 121.948486724241022, 0.915446865538642, 0.0 ], [ 121.948654606979488, 0.914654421637299, 0.0 ], [ 121.948799381638423, 0.914137867251456, 0.0 ], [ 121.949112351999773, 0.91367959342981, 0.0 ], [ 121.949463173926219, 0.9134285350948, 0.0 ], [ 121.949806664579384, 0.913281006711779, 0.0 ], [ 121.950607686214184, 0.912894535660173, 0.0 ], [ 121.951088258725662, 0.912609735662011, 0.0 ], [ 121.951584325656299, 0.91215250415451, 0.0 ], [ 121.951820594640594, 0.911820353952146, 0.0 ], [ 121.952095373493421, 0.911361927245684, 0.0 ], [ 121.952453870233981, 0.910789039327957, 0.0 ], [ 121.952850641220707, 0.90992881802177, 0.0 ], [ 121.95301859050906, 0.909872330705789, 0.0 ], [ 121.953422884324638, 0.909219103653251, 0.0 ], [ 121.953567868525539, 0.908943885931217, 0.0 ], [ 121.953987524560006, 0.908578290841903, 0.0 ], [ 121.954567256318427, 0.908190480699859, 0.0 ], [ 121.955093621408167, 0.907836929331145, 0.0 ], [ 121.955475303569955, 0.907689552034289, 0.0 ], [ 121.955749965511046, 0.90763351977519, 0.0 ], [ 121.956070384956774, 0.907635309426106, 0.0 ], [ 121.956528140769052, 0.907591696804237, 0.0 ], [ 121.957169000345047, 0.907526230657156, 0.0 ], [ 121.957573389488729, 0.907516877708074, 0.0 ], [ 121.957902232884081, 0.907523404088044, 0.0 ], [ 121.957854815230718, 0.90748982520215, 0.0 ], [ 121.940224092480179, 0.895004238894374, 0.0 ], [ 121.939557251490825, 0.894620307528208, 0.0 ], [ 121.934316543196474, 0.892748223933397, 0.0 ], [ 121.927694058080533, 0.890444085351331, 0.0 ], [ 121.923978728551077, 0.886845780100857, 0.0 ], [ 121.922740321647211, 0.884878900769541, 0.0 ], [ 121.922216811005441, 0.883152081964171, 0.0 ], [ 121.9206927659353, 0.88036980893265, 0.0 ], [ 121.92069313825472, 0.879074793304317, 0.0 ], [ 121.921014730416331, 0.878883019176806, 0.0 ], [ 121.921289361780381, 0.878913769694937, 0.0 ], [ 121.921624623637058, 0.879036690828565, 0.0 ], [ 121.922112150605727, 0.878951471073135, 0.0 ], [ 121.92232614428255, 0.8789140709679, 0.0 ], [ 121.922600583191652, 0.8786379035618, 0.0 ], [ 121.922631341803665, 0.878116089940777, 0.0 ], [ 121.922509458487781, 0.87716449122122, 0.0 ], [ 121.922387784713791, 0.876458398422501, 0.0 ], [ 121.922753884322816, 0.87578318744284, 0.0 ], [ 121.923242086682336, 0.875292176500623, 0.0 ], [ 121.923851822521584, 0.875016105321995, 0.0 ], [ 121.924431502119319, 0.874770696527997, 0.0 ], [ 121.925163315528039, 0.87477090786872, 0.0 ], [ 121.925803512303816, 0.875016668297616, 0.0 ], [ 121.926535168331299, 0.875569443777495, 0.0 ], [ 121.927236557675769, 0.87590730467471, 0.0 ], [ 121.927876859672182, 0.875784665928263, 0.0 ], [ 121.928243126555046, 0.875508523703176, 0.0 ], [ 121.928670041017583, 0.875263069943104, 0.0 ], [ 121.929371315248886, 0.87501769532337, 0.0 ], [ 121.930072801720286, 0.875017896771472, 0.0 ], [ 121.930804625021537, 0.874987435835032, 0.0 ], [ 121.931475485081222, 0.875048970146279, 0.0 ], [ 121.932146422482589, 0.874834326259614, 0.0 ], [ 121.93275654413091, 0.874189852308253, 0.0 ], [ 121.933244509069496, 0.873545414329894, 0.0 ], [ 121.933458507242904, 0.872501755611514, 0.0 ], [ 121.933458774341602, 0.87155018836829, 0.0 ], [ 121.933702732529113, 0.870813526714391, 0.0 ], [ 121.934282412126862, 0.870568115222374, 0.0 ], [ 121.935090518620669, 0.869893025651284, 0.0 ], [ 121.935182169427975, 0.869524720904673, 0.0 ], [ 121.935365444062995, 0.868880123746267, 0.0 ], [ 121.935548342781473, 0.868573257083431, 0.0 ], [ 121.936158436550841, 0.868020863815415, 0.0 ], [ 121.936646210833061, 0.868051672789453, 0.0 ], [ 121.937286725069455, 0.86817467756, 0.0 ], [ 121.937805177024785, 0.867959917660803, 0.0 ], [ 121.938262725992914, 0.867622386814774, 0.0 ], [ 121.937988401297687, 0.866486575467311, 0.0 ], [ 121.937470342346131, 0.865289283768016, 0.0 ], [ 121.937196050925891, 0.865043629459121, 0.0 ], [ 121.936708268549708, 0.865043491862787, 0.0 ], [ 121.936311786245298, 0.864920555440766, 0.0 ], [ 121.935793445805842, 0.864736244786827, 0.0 ], [ 121.93573261926106, 0.86433715534782, 0.0 ], [ 121.935946118310881, 0.864060967257378, 0.0 ], [ 121.936738963309949, 0.863723530840081, 0.0 ], [ 121.937470777618046, 0.863723736784853, 0.0 ], [ 121.938233176069701, 0.863816034204694, 0.0 ], [ 121.93856887409757, 0.863386385803215, 0.0 ], [ 121.938446870272386, 0.862833784791776, 0.0 ], [ 121.937959360390764, 0.861851408574425, 0.0 ], [ 121.937593546766124, 0.861513645703242, 0.0 ], [ 121.936343043981083, 0.861574706971106, 0.0 ], [ 121.934604972858409, 0.861881136563384, 0.0 ], [ 121.933659474240244, 0.861819458360662, 0.0 ], [ 121.932927721086003, 0.861604416074373, 0.0 ], [ 121.932546889682882, 0.860744824293684, 0.0 ], [ 121.932577302955224, 0.860437844316246, 0.0 ], [ 121.933217994358088, 0.859916199767711, 0.0 ], [ 121.934193948516821, 0.859517402608416, 0.0 ], [ 121.934925871642932, 0.859118536201224, 0.0 ], [ 121.935535953721114, 0.858596882659528, 0.0 ], [ 121.93611540129379, 0.858167302606487, 0.0 ], [ 121.936786267648614, 0.858198161043271, 0.0 ], [ 121.937670615966127, 0.858014242493725, 0.0 ], [ 121.93785384563499, 0.857523138921338, 0.0 ], [ 121.938067487677003, 0.856725125518602, 0.0 ], [ 121.938007148564807, 0.854545652754827, 0.0 ], [ 121.937305732240588, 0.85429988063475, 0.0 ], [ 121.936848237231771, 0.854453247416335, 0.0 ], [ 121.936024709163718, 0.8550669258834, 0.0 ], [ 121.935445305657836, 0.85534308249751, 0.0 ], [ 121.934987979721512, 0.854882471337896, 0.0 ], [ 121.934896686844354, 0.853961549392083, 0.0 ], [ 121.934744557529967, 0.852672279532233, 0.0 ], [ 121.933951918475742, 0.852272986846474, 0.0 ], [ 121.933433426950117, 0.85264124302971, 0.0 ], [ 121.932793044014815, 0.8530708068949, 0.0 ], [ 121.932365894829189, 0.853162769766973, 0.0 ], [ 121.931634118292678, 0.853039741614063, 0.0 ], [ 121.93105486767152, 0.852763332290367, 0.0 ], [ 121.930247021980989, 0.85150455214527, 0.0 ], [ 121.929972815996408, 0.850951980811514, 0.0 ], [ 121.92982050951548, 0.850307290123657, 0.0 ], [ 121.930034006766462, 0.850031102033126, 0.0 ], [ 121.930491559332069, 0.849662829662216, 0.0 ], [ 121.931193049400605, 0.849632354336575, 0.0 ], [ 121.932443214940037, 0.849755455334593, 0.0 ], [ 121.933571523243728, 0.849817181201411, 0.0 ], [ 121.93430334204848, 0.849786713969651, 0.0 ], [ 121.934852475274212, 0.849295712020685, 0.0 ], [ 121.934974442227016, 0.848958085846467, 0.0 ], [ 121.934974668856128, 0.848129271563573, 0.0 ], [ 121.935249270542585, 0.847239121719694, 0.0 ], [ 121.935615243347087, 0.846993715623627, 0.0 ], [ 121.936591068003551, 0.847055327276473, 0.0 ], [ 121.93744505071281, 0.846994221042534, 0.0 ], [ 121.93848194742877, 0.846564694049538, 0.0 ], [ 121.939305671548965, 0.845214279284904, 0.0 ], [ 121.940037749358453, 0.844232241212621, 0.0 ], [ 121.94067816287081, 0.843679849743255, 0.0 ], [ 121.941379662831864, 0.84361870034189, 0.0 ], [ 121.942447092430257, 0.843465497236932, 0.0 ], [ 121.943895849857441, 0.842360828511994, 0.0 ], [ 121.943956869756349, 0.842053854829876, 0.0 ], [ 121.94401802185574, 0.841255725414695, 0.0 ], [ 121.943926706495489, 0.840396213673626, 0.0 ], [ 121.943195010897867, 0.839966270294416, 0.0 ], [ 121.942829228749559, 0.839505757160923, 0.0 ], [ 121.9420058796467, 0.839474790805487, 0.0 ], [ 121.941578921117284, 0.839904418522534, 0.0 ], [ 121.941243303129227, 0.840057821277033, 0.0 ], [ 121.941060524020742, 0.839935017954678, 0.0 ], [ 121.941060672408895, 0.839382451117414, 0.0 ], [ 121.941304826648562, 0.838922103459109, 0.0 ], [ 121.94157931771835, 0.838431022369805, 0.0 ], [ 121.941579474200381, 0.837847784154837, 0.0 ], [ 121.941243971325562, 0.837571444978229, 0.0 ], [ 121.940634292143486, 0.837663361984857, 0.0 ], [ 121.940451066971292, 0.838154467355893, 0.0 ], [ 121.940024051784533, 0.838798930515354, 0.0 ], [ 121.93944431193232, 0.839289927068458, 0.0 ], [ 121.938712427477057, 0.839565975763916, 0.0 ], [ 121.938163594624911, 0.839995639453965, 0.0 ], [ 121.937553660035505, 0.839995472180037, 0.0 ], [ 121.937187805042186, 0.839811136345085, 0.0 ], [ 121.937065782331302, 0.839320018383586, 0.0 ], [ 121.937005548439743, 0.836710804588074, 0.0 ], [ 121.936883854880605, 0.836035451515586, 0.0 ], [ 121.936731487245922, 0.835605596269966, 0.0 ], [ 121.935694686757344, 0.835697466511868, 0.0 ], [ 121.93511537048559, 0.83566656760559, 0.0 ], [ 121.93477988559718, 0.835328816425589, 0.0 ], [ 121.934322600130358, 0.834714783625694, 0.0 ], [ 121.934322773699606, 0.834070135205893, 0.0 ], [ 121.934383834967292, 0.833609738984213, 0.0 ], [ 121.934734714450272, 0.833088009000198, 0.0 ], [ 121.93500916325192, 0.832750424194754, 0.0 ], [ 121.935009393478339, 0.831890868386979, 0.0 ], [ 121.935040224935534, 0.831062133244424, 0.0 ], [ 121.934979518000503, 0.830202561248798, 0.0 ], [ 121.934979706858229, 0.82949657097278, 0.0 ], [ 121.935498232557947, 0.828974885954751, 0.0 ], [ 121.936077761968804, 0.828207640157279, 0.0 ], [ 121.936108517882985, 0.827655082313354, 0.0 ], [ 121.935254801373048, 0.826733954422858, 0.0 ], [ 121.934584119379195, 0.82602778338308, 0.0 ], [ 121.934553905756303, 0.825598032458811, 0.0 ], [ 121.935011229894059, 0.825014919249538, 0.0 ], [ 121.935804351884101, 0.824646731414828, 0.0 ], [ 121.936444701544602, 0.824309243736225, 0.0 ], [ 121.936505761013819, 0.823848846615176, 0.0 ], [ 121.936292397761676, 0.823633882569856, 0.0 ], [ 121.935896190649856, 0.823541693068579, 0.0 ], [ 121.934889567811169, 0.824216742170262, 0.0 ], [ 121.93409665266509, 0.82486117745069, 0.0 ], [ 121.933517305816551, 0.82495310434985, 0.0 ], [ 121.933120793834547, 0.824952997330568, 0.0 ], [ 121.932724363690809, 0.824645901340597, 0.0 ], [ 121.932373804366392, 0.823970487114182, 0.0 ], [ 121.931977704273848, 0.823479297206946, 0.0 ], [ 121.93173386389752, 0.822773171133244, 0.0 ], [ 121.930910521089899, 0.822742278522197, 0.0 ], [ 121.930087178282179, 0.82271138591115, 0.0 ], [ 121.929172266505617, 0.822772479554627, 0.0 ], [ 121.92837958248515, 0.822557430073649, 0.0 ], [ 121.928257823275686, 0.822127655767017, 0.0 ], [ 121.928227451372123, 0.821237423185499, 0.0 ], [ 121.928202577923301, 0.82079071464503, 0.0 ], [ 121.928174853623915, 0.820502374915337, 0.0 ], [ 121.928071763440329, 0.819565764296763, 0.0 ], [ 121.928018936364992, 0.818635314034059, 0.0 ], [ 121.927880143096914, 0.817843071580819, 0.0 ], [ 121.927858541381738, 0.817764269387248, 0.0 ], [ 121.927523066385774, 0.817393022958361, 0.0 ], [ 121.927016322704006, 0.816916220404833, 0.0 ], [ 121.926770977761862, 0.816587329345468, 0.0 ], [ 121.92660760422406, 0.816357185643683, 0.0 ], [ 121.926509665357088, 0.816110593341905, 0.0 ], [ 121.926476875176647, 0.81586401812717, 0.0 ], [ 121.926444361987265, 0.815633839351752, 0.0 ], [ 121.926493613358161, 0.815222909438988, 0.0 ], [ 121.92654251399361, 0.815075010535286, 0.0 ], [ 121.926869736810545, 0.814795671220496, 0.0 ], [ 121.92727865493994, 0.814598471483156, 0.0 ], [ 121.927720148311934, 0.814401350886244, 0.0 ], [ 121.928087499777263, 0.814225906648085, 0.0 ], [ 121.928176537154741, 0.81415469563189, 0.0 ], [ 121.928642545145863, 0.813634551152491, 0.0 ], [ 121.928797959683735, 0.813166336225039, 0.0 ], [ 121.929005152687381, 0.812281819734321, 0.0 ], [ 121.929012331975201, 0.811676396144216, 0.0 ], [ 121.928805591330516, 0.810843853272151, 0.0 ], [ 121.928546748463987, 0.810583649731482, 0.0 ], [ 121.928132910143759, 0.810271391633081, 0.0 ], [ 121.927667162955913, 0.809803011230352, 0.0 ], [ 121.92714973173112, 0.809386630526747, 0.0 ], [ 121.926890985092072, 0.808762196168215, 0.0 ], [ 121.927046384341452, 0.808345993530439, 0.0 ], [ 121.927201743121344, 0.808085900606263, 0.0 ], [ 121.927564061081142, 0.807825791494414, 0.0 ], [ 121.928133647587728, 0.807461782809086, 0.0 ], [ 121.928289087306695, 0.806889471356813, 0.0 ], [ 121.928237327726606, 0.806161066378523, 0.0 ], [ 121.92803053042465, 0.805536646409192, 0.0 ], [ 121.927927059827852, 0.804964266608392, 0.0 ], [ 121.927979078412676, 0.804704145805272, 0.0 ], [ 121.92865194935635, 0.804548214157234, 0.0 ], [ 121.929169529868574, 0.804392313086159, 0.0 ], [ 121.929635455122153, 0.804184313390647, 0.0 ], [ 121.929997813551466, 0.803768165611389, 0.0 ], [ 121.930256818295874, 0.803404003142054, 0.0 ], [ 121.930464035581238, 0.802415460273513, 0.0 ], [ 121.930464183969477, 0.801843177599552, 0.0 ], [ 121.930930189262682, 0.801322960275134, 0.0 ], [ 121.931810181264254, 0.800542785824136, 0.0 ], [ 121.93346691860188, 0.799710731284024, 0.0 ], [ 121.934087838409894, 0.799554784347593, 0.0 ], [ 121.934502052646764, 0.799502879976659, 0.0 ], [ 121.934864369707299, 0.799242839213247, 0.0 ], [ 121.935019794137688, 0.798722539151102, 0.0 ], [ 121.935019941626464, 0.798150255577772, 0.0 ], [ 121.934931935771417, 0.79748947062284, 0.0 ], [ 121.934725176240846, 0.796708940939732, 0.0 ], [ 121.93441484988611, 0.795720261374226, 0.0 ], [ 121.934467027650967, 0.794835772762541, 0.0 ], [ 121.934674120830024, 0.794315556337403, 0.0 ], [ 121.935036503541056, 0.793795309335303, 0.0 ], [ 121.935606046880125, 0.793587334820715, 0.0 ], [ 121.936123627392362, 0.793431430152429, 0.0 ], [ 121.936848126615104, 0.79343161721133, 0.0 ], [ 121.937520957089276, 0.793431791679859, 0.0 ], [ 121.938401094781085, 0.793171883116743, 0.0 ], [ 121.939022374317872, 0.792703714954106, 0.0 ], [ 121.939488149384573, 0.791975441276831, 0.0 ], [ 121.939850852254352, 0.791299153808759, 0.0 ], [ 121.940109706811967, 0.790414716458292, 0.0 ], [ 121.940110285975351, 0.788125367227037, 0.0 ], [ 121.940162354922194, 0.787657122621903, 0.0 ], [ 121.940421063789671, 0.787345039891311, 0.0 ], [ 121.940628062539901, 0.78718898323749, 0.0 ], [ 121.940990593639, 0.787189075867749, 0.0 ], [ 121.941404473328006, 0.78734529170144, 0.0 ], [ 121.942129215367814, 0.787501515629189, 0.0 ], [ 121.942284531879551, 0.787397529720861, 0.0 ], [ 121.942543292008423, 0.786877253041167, 0.0 ], [ 121.942750651386632, 0.786409047106966, 0.0 ], [ 121.943061029002678, 0.786096976966836, 0.0 ], [ 121.943423625752288, 0.785836933505406, 0.0 ], [ 121.943734257876486, 0.785628889743099, 0.0 ], [ 121.94435522894581, 0.785264815407353, 0.0 ], [ 121.944769469263065, 0.785108810914296, 0.0 ], [ 121.945545920520743, 0.785109007865818, 0.0 ], [ 121.945959827189512, 0.785161126275317, 0.0 ], [ 121.946580975425377, 0.785213366992669, 0.0 ], [ 121.947409096330915, 0.785213577434111, 0.0 ], [ 121.948444511863613, 0.785005716234126, 0.0 ], [ 121.949013748533943, 0.78490176360078, 0.0 ], [ 121.949454674433724, 0.784712408649506, 0.0 ], [ 121.949610003535938, 0.784556337606572, 0.0 ], [ 121.949610081776996, 0.784244188326193, 0.0 ], [ 121.949610197789525, 0.783775928432577, 0.0 ], [ 121.949610379452565, 0.78304746140108, 0.0 ], [ 121.949507220920538, 0.782319039335659, 0.0 ], [ 121.949352124742774, 0.781538520444362, 0.0 ], [ 121.949403911302426, 0.781070273141386, 0.0 ], [ 121.949610948723418, 0.780758176021594, 0.0 ], [ 121.949973237904914, 0.780602157139336, 0.0 ], [ 121.950491085515836, 0.780498190116789, 0.0 ], [ 121.950853387287893, 0.780290157146383, 0.0 ], [ 121.951215727730784, 0.779926085508568, 0.0 ], [ 121.951681882311505, 0.778781487784945, 0.0 ], [ 121.952251246685464, 0.778157330417643, 0.0 ], [ 121.95266547351288, 0.778053337314803, 0.0 ], [ 121.953027724023528, 0.778053428146323, 0.0 ], [ 121.95452871587284, 0.777897692550526, 0.0 ], [ 121.955098207950684, 0.777897833743983, 0.0 ], [ 121.9554087627331, 0.778002008509952, 0.0 ], [ 121.955615658960454, 0.77826219676214, 0.0 ], [ 121.955822542597346, 0.778574399102565, 0.0 ], [ 121.955926035677138, 0.779094769311798, 0.0 ], [ 121.955925919664608, 0.779563030104695, 0.0 ], [ 121.956081108472716, 0.779979316379479, 0.0 ], [ 121.956339917164883, 0.780395628734647, 0.0 ], [ 121.956546762131026, 0.780863940788849, 0.0 ], [ 121.956701911368924, 0.781436337676781, 0.0 ], [ 121.956753465903518, 0.781904611959509, 0.0 ], [ 121.956908602550783, 0.782529022036309, 0.0 ], [ 121.957115434027088, 0.783049347279378, 0.0 ], [ 121.957322585661956, 0.783413633855127, 0.0 ], [ 121.957684760629576, 0.783725874866396, 0.0 ], [ 121.957891720708858, 0.783725927027072, 0.0 ], [ 121.958098694277993, 0.7836739650996, 0.0 ], [ 121.958150722755335, 0.783361828409594, 0.0 ], [ 121.958150876539435, 0.782737456104358, 0.0 ], [ 121.958357940040713, 0.782321260661094, 0.0 ], [ 121.958513359075155, 0.781800954303717, 0.0 ], [ 121.958461843211325, 0.781176640454388, 0.0 ], [ 121.958254729348013, 0.780656243265491, 0.0 ], [ 121.958254844461266, 0.780187982472595, 0.0 ], [ 121.958358542586467, 0.779875857473859, 0.0 ], [ 121.958617492472257, 0.779719811612027, 0.0 ], [ 121.959393716201475, 0.779511881164234, 0.0 ], [ 121.959807917847868, 0.779511983686935, 0.0 ], [ 121.960894953565671, 0.779512254382934, 0.0 ], [ 121.961308875522917, 0.779512356905547, 0.0 ], [ 121.961671126932941, 0.779512446837786, 0.0 ], [ 121.962499289207329, 0.77935654127013, 0.0 ], [ 121.962758201321577, 0.779356606021357, 0.0 ], [ 121.963172352605952, 0.779564832345984, 0.0 ], [ 121.963430895098881, 0.779929131512284, 0.0 ], [ 121.96353442684952, 0.780293321860563, 0.0 ], [ 121.963637677112345, 0.780657582356019, 0.0 ], [ 121.963896576636117, 0.780709660296112, 0.0 ], [ 121.964258828945518, 0.780709750228352, 0.0 ], [ 121.964517778831222, 0.780553773614149, 0.0 ], [ 121.964517830092618, 0.780345649812224, 0.0 ], [ 121.964569640034739, 0.779773303286317, 0.0 ], [ 121.964673298589815, 0.779617217854182, 0.0 ], [ 121.964828652873024, 0.779357118634864, 0.0 ], [ 121.964828754496438, 0.778940870131554, 0.0 ], [ 121.964776943655053, 0.778368568571812, 0.0 ], [ 121.964725425992555, 0.777744182776745, 0.0 ], [ 121.964880792866325, 0.777431999322013, 0.0 ], [ 121.965243158490239, 0.776963826662706, 0.0 ], [ 121.96550220910008, 0.776391530498914, 0.0 ], [ 121.965502285542499, 0.776079379419707, 0.0 ], [ 121.96539882843561, 0.775402966945941, 0.0 ], [ 121.965036716420485, 0.774830518796614, 0.0 ], [ 121.964467692889428, 0.774049965731142, 0.0 ], [ 121.964415868558291, 0.773529606313809, 0.0 ], [ 121.964415918920324, 0.773321482511883, 0.0 ], [ 121.964699064165885, 0.772975408106484, 0.0 ], [ 121.965113405207177, 0.772403150613447, 0.0 ], [ 121.965320491191534, 0.771882925195148, 0.0 ], [ 121.965268922267825, 0.771466664101288, 0.0 ], [ 121.964906809353337, 0.770894215952049, 0.0 ], [ 121.964389137110217, 0.77026971684238, 0.0 ], [ 121.964233946503541, 0.769853500714683, 0.0 ], [ 121.964027099738843, 0.769385117614023, 0.0 ], [ 121.964027212154079, 0.768916855022476, 0.0 ], [ 121.964234260366965, 0.768552741116517, 0.0 ], [ 121.9646485375564, 0.768240620614362, 0.0 ], [ 121.965062508976303, 0.768032597536487, 0.0 ], [ 121.965580456411914, 0.767512447661227, 0.0 ], [ 121.965735821487115, 0.767200264206495, 0.0 ], [ 121.96594289488084, 0.766732051977063, 0.0 ], [ 121.96614997996592, 0.766211826558675, 0.0 ], [ 121.966512306019695, 0.765899692566778, 0.0 ], [ 121.966616001446965, 0.765587566668672, 0.0 ], [ 121.966823061350951, 0.765171367628019, 0.0 ], [ 121.966926781959316, 0.76475514430581, 0.0 ], [ 121.967082320603595, 0.76371455947009, 0.0 ], [ 121.96749640264008, 0.763038272002107, 0.0 ], [ 121.96770370626038, 0.762778184473882, 0.0 ], [ 121.968324918348031, 0.762570209959294, 0.0 ], [ 121.969049420268789, 0.762570384427823, 0.0 ], [ 121.969515205228021, 0.76293466201041, 0.0 ], [ 121.969773711748118, 0.763455070890399, 0.0 ], [ 121.969928841200868, 0.764131495954716, 0.0 ], [ 121.969928717094362, 0.764651772634499, 0.0 ], [ 121.96992858129677, 0.765224132650148, 0.0 ], [ 121.97008382226548, 0.765432295123007, 0.0 ], [ 121.970497987039593, 0.765588506460206, 0.0 ], [ 121.971067174247267, 0.765692671333555, 0.0 ], [ 121.971791958555045, 0.765692845801995, 0.0 ], [ 121.972827093499291, 0.765484971112266, 0.0 ], [ 121.973500001315159, 0.765172981011845, 0.0 ], [ 121.974225044627659, 0.764080517885572, 0.0 ], [ 121.974380508628357, 0.76335208233023, 0.0 ], [ 121.974380656117134, 0.762727778373433, 0.0 ], [ 121.974277158540673, 0.762207405466268, 0.0 ], [ 121.974070309078044, 0.761739092512785, 0.0 ], [ 121.973759837932448, 0.7612707543782, 0.0 ], [ 121.973190455571995, 0.760802355089778, 0.0 ], [ 121.973035250576203, 0.76043808110449, 0.0 ], [ 121.9730353495016, 0.7600218317019, 0.0 ], [ 121.973139080901774, 0.759553593392086, 0.0 ], [ 121.973398053270571, 0.759293516655761, 0.0 ], [ 121.973915705728629, 0.758825306224979, 0.0 ], [ 121.974381737102121, 0.758149028649439, 0.0 ], [ 121.9744851501423, 0.757836901852053, 0.0 ], [ 121.974588844670279, 0.75752470310884, 0.0 ], [ 121.974607659386464, 0.757524707605421, 0.0 ], [ 121.974884593914226, 0.754913988344911, 0.0 ], [ 121.974915396593033, 0.754085171364087, 0.0 ], [ 121.975129281451927, 0.752089977778007, 0.0 ], [ 121.975098923038189, 0.751015564944195, 0.0 ], [ 121.9746723287343, 0.749971729059355, 0.0 ], [ 121.974276054173131, 0.748958643692647, 0.0 ], [ 121.974505188835764, 0.747792278778662, 0.0 ], [ 121.974779793220137, 0.746717937890588, 0.0 ], [ 121.975023991526697, 0.745981253753695, 0.0 ], [ 121.974841127881845, 0.744998889227437, 0.0 ], [ 121.973926689148584, 0.74303410261856, 0.0 ], [ 121.973713695517759, 0.741192235344572, 0.0 ], [ 121.973348056361743, 0.740056402413396, 0.0 ], [ 121.972738227892236, 0.7396265129936, 0.0 ], [ 121.971473128211315, 0.738551813276027, 0.0 ], [ 121.971229186211559, 0.738183421295195, 0.0 ], [ 121.971168348874969, 0.737753659579114, 0.0 ], [ 121.971198774737772, 0.737323848400288, 0.0 ], [ 121.971565166626419, 0.736403025379877, 0.0 ], [ 121.972785083469347, 0.734899226746526, 0.0 ], [ 121.973517072245954, 0.734070570744398, 0.0 ], [ 121.974249467516074, 0.732689341609686, 0.0 ], [ 121.974249662668953, 0.731829845157188, 0.0 ], [ 121.973609315706383, 0.731000873492986, 0.0 ], [ 121.972328736894681, 0.730079670059362, 0.0 ], [ 121.971520963150084, 0.729526981813704, 0.0 ], [ 121.971429634299994, 0.728575381295497, 0.0 ], [ 121.971612839687126, 0.726825690932324, 0.0 ], [ 121.972375571787353, 0.725383126236538, 0.0 ], [ 121.972558806852163, 0.72473851109172, 0.0 ], [ 121.972009964107585, 0.724093728673063, 0.0 ], [ 121.970881637817314, 0.724185624995259, 0.0 ], [ 121.970833580746103, 0.724242042164151, 0.0 ], [ 121.970149646342776, 0.725044952375268, 0.0 ], [ 121.969509268803336, 0.72559730787181, 0.0 ], [ 121.967832073688186, 0.725167175635048, 0.0 ], [ 121.966520988973883, 0.725044120502387, 0.0 ], [ 121.96551444707427, 0.725535048706964, 0.0 ], [ 121.964874188245389, 0.7255655716967, 0.0 ], [ 121.963837541540812, 0.725074174045952, 0.0 ], [ 121.96237383018692, 0.724367839329636, 0.0 ], [ 121.961245612714762, 0.723999174854244, 0.0 ], [ 121.960468038203757, 0.724029736514735, 0.0 ], [ 121.960010862454325, 0.724090973150319, 0.0 ], [ 121.9594920777498, 0.724643424874242, 0.0 ], [ 121.958729850169362, 0.725103664613984, 0.0 ], [ 121.958119878707762, 0.725318431707782, 0.0 ], [ 121.957052633470425, 0.72479635548464, 0.0 ], [ 121.955070949499898, 0.723568001202439, 0.0 ], [ 121.954217150252333, 0.722923220582432, 0.0 ], [ 121.953943029703311, 0.721910170289268, 0.0 ], [ 121.953577203488209, 0.721603094983729, 0.0 ], [ 121.952936722526701, 0.72138803830815, 0.0 ], [ 121.952448954539733, 0.721387924993637, 0.0 ], [ 121.95189991394416, 0.721633376955059, 0.0 ], [ 121.951869536644722, 0.721848277148611, 0.0 ], [ 121.952113216941825, 0.722124583949517, 0.0 ], [ 121.952814528045323, 0.722800070121669, 0.0 ], [ 121.953515775296978, 0.723751806437471, 0.0 ], [ 121.953789951604136, 0.724519348111867, 0.0 ], [ 121.953789846383415, 0.724979764118609, 0.0 ], [ 121.953484808042248, 0.725317355219283, 0.0 ], [ 121.952966472998838, 0.725133067947707, 0.0 ], [ 121.952265042285404, 0.724979409785779, 0.0 ], [ 121.951838337364862, 0.724426740425903, 0.0 ], [ 121.95095429661545, 0.723413548939193, 0.0 ], [ 121.949811039781011, 0.722523123003453, 0.0 ], [ 121.9495061858009, 0.722062565803076, 0.0 ], [ 121.9483780582609, 0.721325638849217, 0.0 ], [ 121.947432921170176, 0.721018427746082, 0.0 ], [ 121.946548628610543, 0.721110305182497, 0.0 ], [ 121.945542078617152, 0.721662639095326, 0.0 ], [ 121.944932102658868, 0.721908074868986, 0.0 ], [ 121.944444412912873, 0.721570299407252, 0.0 ], [ 121.943682276163955, 0.720434314490718, 0.0 ], [ 121.94295051401636, 0.72031138975988, 0.0 ], [ 121.942035543783817, 0.720710178825205, 0.0 ], [ 121.940846130145474, 0.721508045638446, 0.0 ], [ 121.939870266818261, 0.721722653552285, 0.0 ], [ 121.939138498375527, 0.721630398400501, 0.0 ], [ 121.938589587282422, 0.721323350973994, 0.0 ], [ 121.938559359270499, 0.720893600049725, 0.0 ], [ 121.938742457638341, 0.719635084305307, 0.0 ], [ 121.938513963293033, 0.719266629371899, 0.0 ], [ 121.938117503471616, 0.719082370878636, 0.0 ], [ 121.936044015808989, 0.71905121386691, 0.0 ], [ 121.933909622461329, 0.718897218459195, 0.0 ], [ 121.931653120967127, 0.718559027510794, 0.0 ], [ 121.930585810978656, 0.718374611636223, 0.0 ], [ 121.929610114925367, 0.717883227475306, 0.0 ], [ 121.929122493527885, 0.717269205467223, 0.0 ], [ 121.929031078342859, 0.716716618844985, 0.0 ], [ 121.929305592795004, 0.716010694219475, 0.0 ], [ 121.929671698699266, 0.715089883789614, 0.0 ], [ 121.929397448647805, 0.71466007800665, 0.0 ], [ 121.92826930402066, 0.714045835664771, 0.0 ], [ 121.926577002094064, 0.71349294327299, 0.0 ], [ 121.926394224784161, 0.713370076998058, 0.0 ], [ 121.925510024854802, 0.713093621808917, 0.0 ], [ 121.924930803911238, 0.712725156083697, 0.0 ], [ 121.92426015429308, 0.711865516639003, 0.0 ], [ 121.92310165305085, 0.710176880348916, 0.0 ], [ 121.922522482469404, 0.70959358008074, 0.0 ], [ 121.921790798562967, 0.709163597131405, 0.0 ], [ 121.920571022014315, 0.708948475704689, 0.0 ], [ 121.918985333814902, 0.708825280277851, 0.0 ], [ 121.917277811762261, 0.708548631734489, 0.0 ], [ 121.915906039898161, 0.707473923923123, 0.0 ], [ 121.91491508504798, 0.706215212126464, 0.0 ], [ 121.914183573811329, 0.705048572919269, 0.0 ], [ 121.913391412297074, 0.702654042580634, 0.0 ], [ 121.912903810684568, 0.700750806470678, 0.0 ], [ 121.912508067622952, 0.698694027312045, 0.0 ], [ 121.912675926979063, 0.697742505934266, 0.0 ], [ 121.913011448739667, 0.696698940745337, 0.0 ], [ 121.913652310114387, 0.695194964945526, 0.0 ], [ 121.914170986000798, 0.693844453953422, 0.0 ], [ 121.914140447722758, 0.693537459586872, 0.0 ], [ 121.913744308060004, 0.693199710205609, 0.0 ], [ 121.913408738635312, 0.693230303342344, 0.0 ], [ 121.913103742562285, 0.693414467406876, 0.0 ], [ 121.912340857577334, 0.695593729729209, 0.0 ], [ 121.912218924798694, 0.695869947497334, 0.0 ], [ 121.911944520963047, 0.696115459713402, 0.0 ], [ 121.911578610211834, 0.696207456759649, 0.0 ], [ 121.910755366329525, 0.695869607553616, 0.0 ], [ 121.910175960125713, 0.695102076671121, 0.0 ], [ 121.909718921972512, 0.694610819314638, 0.0 ], [ 121.909810436982227, 0.693505787263708, 0.0 ], [ 121.910420514563839, 0.692769202951497, 0.0 ], [ 121.911915007012823, 0.691326836106691, 0.0 ], [ 121.912586095500188, 0.690252606734569, 0.0 ], [ 121.913272457173633, 0.688687299870354, 0.0 ], [ 121.913150726742387, 0.688073297647333, 0.0 ], [ 121.912510609107045, 0.687551329342932, 0.0 ], [ 121.911717678672403, 0.687274901133454, 0.0 ], [ 121.910985894041914, 0.687305404338038, 0.0 ], [ 121.910193133579213, 0.687520127365131, 0.0 ], [ 121.908668231455081, 0.68810300854925, 0.0 ], [ 121.907997423556168, 0.687949361179134, 0.0 ], [ 121.907906076719669, 0.687089862028615, 0.0 ], [ 121.908058894914831, 0.685585775612311, 0.0 ], [ 121.908913113246371, 0.684296683818201, 0.0 ], [ 121.90946224557274, 0.683590824843198, 0.0 ], [ 121.909706163290849, 0.682792814138482, 0.0 ], [ 121.909371076801989, 0.68193318818353, 0.0 ], [ 121.908303836061322, 0.681503206133564, 0.0 ], [ 121.907053799125038, 0.681042511336942, 0.0 ], [ 121.906169754778333, 0.680121420318551, 0.0 ], [ 121.905255005779026, 0.679630062238016, 0.0 ], [ 121.904980660399374, 0.67962999928544, 0.0 ], [ 121.903730227761315, 0.679691125304531, 0.0 ], [ 121.903211863939674, 0.679691006593978, 0.0 ], [ 121.902358345280632, 0.679138250899162, 0.0 ], [ 121.901626779185378, 0.678217195853685, 0.0 ], [ 121.899397077487606, 0.671270284812335, 0.0 ], [ 121.899944707946105, 0.669720851881221, 0.0 ], [ 121.902876882671535, 0.66324067098658, 0.0 ], [ 121.902868181730938, 0.663219397523944, 0.0 ], [ 121.903502503235771, 0.661999650652882, 0.0 ], [ 121.908519845118889, 0.645302778501681, 0.0 ], [ 121.906235452950568, 0.641656748929113, 0.0 ], [ 121.905880879952051, 0.641282621072418, 0.0 ], [ 121.902039812612401, 0.637230623146694, 0.0 ], [ 121.896810782914002, 0.631714500178963, 0.0 ], [ 121.887517629731093, 0.62544836602119, 0.0 ], [ 121.876718997981243, 0.617266680437493, 0.0 ], [ 121.867901391898172, 0.611978183069998, 0.0 ], [ 121.859520195319632, 0.605253469320947, 0.0 ], [ 121.859507281055215, 0.605243007507843, 0.0 ], [ 121.859426987785952, 0.60517832916676, 0.0 ], [ 121.859268324896902, 0.605242957145817, 0.0 ], [ 121.858983012285051, 0.605359145055421, 0.0 ], [ 121.85238695644486, 0.599506663058173, 0.0 ], [ 121.847473195775123, 0.596154138921027, 0.0 ], [ 121.839706244236581, 0.590407089841376, 0.0 ], [ 121.828609609541815, 0.586414913018389, 0.0 ], [ 121.819176669339896, 0.586652301658512, 0.0 ], [ 121.81537196158979, 0.586651492268712, 0.0 ], [ 121.814153634748237, 0.586552617207507, 0.0 ], [ 121.81409074336014, 0.586525467574743, 0.0 ], [ 121.81267531121, 0.586386163491718, 0.0 ], [ 121.811863847546974, 0.586299105521996, 0.0 ], [ 121.811553279274719, 0.586368540377195, 0.0 ], [ 121.810828232364912, 0.586594271105882, 0.0 ], [ 121.809758074223623, 0.586924197284881, 0.0 ], [ 121.80911924531668, 0.587080480567818, 0.0 ], [ 121.808817068618183, 0.587300684063256, 0.0 ], [ 121.808792007211181, 0.587640197015142, 0.0 ], [ 121.807607523656216, 0.588174359226938, 0.0 ], [ 121.806668153018308, 0.588790794116027, 0.0 ], [ 121.805866742876333, 0.588965980248739, 0.0 ], [ 121.805868979490242, 0.589012126260728, 0.0 ], [ 121.805702175938208, 0.589079011537956, 0.0 ], [ 121.803100548823409, 0.589625903653106, 0.0 ], [ 121.801185510011166, 0.589899356005956, 0.0 ], [ 121.797557804124992, 0.590821718665628, 0.0 ], [ 121.796172953420566, 0.590836574566227, 0.0 ], [ 121.794804631355674, 0.59102410749106, 0.0 ], [ 121.793716256547341, 0.59121170067045, 0.0 ], [ 121.793571909965635, 0.591311308679047, 0.0 ], [ 121.793060852236081, 0.591421047550371, 0.0 ], [ 121.792660133225567, 0.591580594472889, 0.0 ], [ 121.792167579046705, 0.591820363618493, 0.0 ], [ 121.79182441934401, 0.591991617915281, 0.0 ], [ 121.791549485807892, 0.592186102599372, 0.0 ], [ 121.791330995520866, 0.592357738208653, 0.0 ], [ 121.791146719041109, 0.592725020426092, 0.0 ], [ 121.790815993364845, 0.592528389959605, 0.0 ], [ 121.79058802422368, 0.592389586798995, 0.0 ], [ 121.790439793470142, 0.592274049998513, 0.0 ], [ 121.790234873053237, 0.592020383629714, 0.0 ], [ 121.790099349719966, 0.591571447468579, 0.0 ], [ 121.790088464326146, 0.591272385122314, 0.0 ], [ 121.790101153759991, 0.591019509257533, 0.0 ], [ 121.790090546256678, 0.590731930354264, 0.0 ], [ 121.789977473598597, 0.590340627245415, 0.0 ], [ 121.789806802062586, 0.590121489446486, 0.0 ], [ 121.789498505477695, 0.590085876294148, 0.0 ], [ 121.789074478738115, 0.590256937236715, 0.0 ], [ 121.788800397759218, 0.590405382028818, 0.0 ], [ 121.788571250506138, 0.590519598624466, 0.0 ], [ 121.788376073344153, 0.590656860347165, 0.0 ], [ 121.788009598717863, 0.5908740430199, 0.0 ], [ 121.787722877767763, 0.591045487073609, 0.0 ], [ 121.787390388520961, 0.591216814215505, 0.0 ], [ 121.787173889332962, 0.591273476000013, 0.0 ], [ 121.78633823120947, 0.591431478786601, 0.0 ], [ 121.786041755313278, 0.591269411064425, 0.0 ], [ 121.785767734588944, 0.591142010407734, 0.0 ], [ 121.785561945426963, 0.591014802205984, 0.0 ], [ 121.785276986248761, 0.590829735222202, 0.0 ], [ 121.784945700294884, 0.590633033709346, 0.0 ], [ 121.784637426193086, 0.590494036295146, 0.0 ], [ 121.784454915082421, 0.590493360904291, 0.0 ], [ 121.784214268198483, 0.590550017292761, 0.0 ], [ 121.784042692843855, 0.590618348679887, 0.0 ], [ 121.783848372735761, 0.590686604523975, 0.0 ], [ 121.783676804575549, 0.590720486481393, 0.0 ], [ 121.783356128823016, 0.590799844455984, 0.0 ], [ 121.782909344739423, 0.591039797962471, 0.0 ], [ 121.782428595061575, 0.591233529014738, 0.0 ], [ 121.782142167290559, 0.591347449733463, 0.0 ], [ 121.781844515980566, 0.591426883251005, 0.0 ], [ 121.781387387895052, 0.591459713001745, 0.0 ], [ 121.780941501334922, 0.591446682724798, 0.0 ], [ 121.780575059983704, 0.59151433512377, 0.0 ], [ 121.780175189933217, 0.591650914261014, 0.0 ], [ 121.779762677213498, 0.59182186998286, 0.0 ], [ 121.779487754469187, 0.591970419096314, 0.0 ], [ 121.7791443051849, 0.59218771148644, 0.0 ], [ 121.778926106278135, 0.592313413323823, 0.0 ], [ 121.778651181735171, 0.592473339760273, 0.0 ], [ 121.778456851734376, 0.592587633697609, 0.0 ], [ 121.778330194817158, 0.592690707693348, 0.0 ], [ 121.778238628546049, 0.592828344433398, 0.0 ], [ 121.77815770665056, 0.593080956796869, 0.0 ], [ 121.778076789251728, 0.593310744367174, 0.0 ], [ 121.778120769696173, 0.593782378516953, 0.0 ], [ 121.777936492317124, 0.594149658036462, 0.0 ], [ 121.777776413895225, 0.594287068147219, 0.0 ], [ 121.777501491150844, 0.594435546214304, 0.0 ], [ 121.777238091419662, 0.594538023959527, 0.0 ], [ 121.777008946864598, 0.594640791286442, 0.0 ], [ 121.776768290088128, 0.594743485768249, 0.0 ], [ 121.776562458658105, 0.594811632794405, 0.0 ], [ 121.776309988387453, 0.595006331517149, 0.0 ], [ 121.77611477884976, 0.595292978722765, 0.0 ], [ 121.775919849900689, 0.595579768021297, 0.0 ], [ 121.775689827607295, 0.595843512192866, 0.0 ], [ 121.775494630660077, 0.596072708009325, 0.0 ], [ 121.775287916095763, 0.596324939060215, 0.0 ], [ 121.775036283093954, 0.596542533622495, 0.0 ], [ 121.774680460937148, 0.59684023889182, 0.0 ], [ 121.774439498391317, 0.597057765105573, 0.0 ], [ 121.774267923036504, 0.59712620171342, 0.0 ], [ 121.774050568593253, 0.597240419208349, 0.0 ], [ 121.773947226599631, 0.59729756482814, 0.0 ], [ 121.773627383619086, 0.597422924923067, 0.0 ], [ 121.773145498097463, 0.597674174813649, 0.0 ], [ 121.772608351935247, 0.597683734606873, 0.0 ], [ 121.77225344169095, 0.597670935455711, 0.0 ], [ 121.771785371554344, 0.597669275307248, 0.0 ], [ 121.771167063377419, 0.597747574779665, 0.0 ], [ 121.77070963761642, 0.597860890254713, 0.0 ], [ 121.770412292975237, 0.597825349048113, 0.0 ], [ 121.768881230495239, 0.59754389542717, 0.0 ], [ 121.768652959181836, 0.597508581749055, 0.0 ], [ 121.767706518973498, 0.597112570689466, 0.0 ], [ 121.767900953295566, 0.602802750241364, 0.0 ], [ 121.768191356969282, 0.608708130360318, 0.0 ], [ 121.771377090126919, 0.609015268594364, 0.0 ], [ 121.771480938022805, 0.611680096121896, 0.0 ], [ 121.771776220486345, 0.612142812584197, 0.0 ], [ 121.772069799762974, 0.613918639140047, 0.0 ], [ 121.772363310380285, 0.615990414108607, 0.0 ], [ 121.772877467472313, 0.618284201920831, 0.0 ], [ 121.773465061980204, 0.619912124287163, 0.0 ], [ 121.774052621866105, 0.621688021412341, 0.0 ], [ 121.774199337190964, 0.622279952227371, 0.0 ], [ 121.77412598328651, 0.622575883318914, 0.0 ], [ 121.77397871377002, 0.623167815983043, 0.0 ], [ 121.773464191027017, 0.623685604706496, 0.0 ], [ 121.772582220164111, 0.623759384730719, 0.0 ], [ 121.771994336902125, 0.623389311639881, 0.0 ], [ 121.771332904655367, 0.622945234394594, 0.0 ], [ 121.770745021751949, 0.622575090850956, 0.0 ], [ 121.77052430583565, 0.622649026003978, 0.0 ], [ 121.770230235844082, 0.623018962391102, 0.0 ], [ 121.770156606840658, 0.624498684133838, 0.0 ], [ 121.769935511869619, 0.626200402464975, 0.0 ], [ 121.770008663647758, 0.6279761771441, 0.0 ], [ 121.769787985775523, 0.629085999638006, 0.0 ], [ 121.769199964788072, 0.629307820808326, 0.0 ], [ 121.768318011545006, 0.629307611225131, 0.0 ], [ 121.767582910339939, 0.629307436424513, 0.0 ], [ 121.767141724052351, 0.62960327892994, 0.0 ], [ 121.766700644493696, 0.630638989863312, 0.0 ], [ 121.766259283629836, 0.631674771007899, 0.0 ], [ 121.765818238033972, 0.632562507517624, 0.0 ], [ 121.765230094548855, 0.633302305447562, 0.0 ], [ 121.764862438944135, 0.63374613806924, 0.0 ], [ 121.764200816603932, 0.634115913106407, 0.0 ], [ 121.763612848314324, 0.634115771762049, 0.0 ], [ 121.76287780043026, 0.633893634728748, 0.0 ], [ 121.762510636374387, 0.63344962599559, 0.0 ], [ 121.762143244197617, 0.632783657128159, 0.0 ], [ 121.761702163134657, 0.632635507055949, 0.0 ], [ 121.761187796797316, 0.632487410050535, 0.0 ], [ 121.760893707719589, 0.632931330178747, 0.0 ], [ 121.760893532009305, 0.633671197038614, 0.0 ], [ 121.761187322336482, 0.634485121459098, 0.0 ], [ 121.761113632902905, 0.635003081232126, 0.0 ], [ 121.760231540314152, 0.635594761697904, 0.0 ], [ 121.759055534645043, 0.635890423907108, 0.0 ], [ 121.758173548316009, 0.636038183604386, 0.0 ], [ 121.757438378192205, 0.636333951831273, 0.0 ], [ 121.756409416799755, 0.636999651939111, 0.0 ], [ 121.755968176981384, 0.637517450572326, 0.0 ], [ 121.75596791037465, 0.638627248759808, 0.0 ], [ 121.756408812513186, 0.63951526558406, 0.0 ], [ 121.756455132461596, 0.639556192087402, 0.0 ], [ 121.757584497953118, 0.640551364545531, 0.0 ], [ 121.758023299400207, 0.640835475615313, 0.0 ], [ 121.758264700809562, 0.641148228677961, 0.0 ], [ 121.759199308424414, 0.64169745603924, 0.0 ], [ 121.760679148571725, 0.64248199122157, 0.0 ], [ 121.761535922456986, 0.643266445321559, 0.0 ], [ 121.761847369483917, 0.64420757305295, 0.0 ], [ 121.761924977156639, 0.644913398455875, 0.0 ], [ 121.761691058396906, 0.646168076612001, 0.0 ], [ 121.761301415999, 0.646952155178341, 0.0 ], [ 121.760911792342995, 0.647657865542443, 0.0 ], [ 121.760054657197202, 0.64836346041706, 0.0 ], [ 121.759119673116373, 0.648206423356638, 0.0 ], [ 121.758107192140784, 0.648049296440627, 0.0 ], [ 121.757250305911967, 0.647735401535181, 0.0 ], [ 121.756782890833506, 0.647343164360973, 0.0 ], [ 121.756393649167222, 0.64648045706444, 0.0 ], [ 121.755692905440895, 0.644911868509927, 0.0 ], [ 121.754524556495923, 0.643735216558232, 0.0 ], [ 121.753745692460882, 0.643578218856459, 0.0 ], [ 121.753044530385367, 0.643734852413073, 0.0 ], [ 121.752265304316893, 0.645067829809891, 0.0 ], [ 121.751485509037877, 0.647577169037498, 0.0 ], [ 121.751018011296296, 0.648674906794015, 0.0 ], [ 121.750394357097349, 0.649929481809978, 0.0 ], [ 121.749615223669352, 0.650870334909941, 0.0 ], [ 121.748835867113883, 0.651575943197828, 0.0 ], [ 121.748056519600865, 0.653379474042585, 0.0 ], [ 121.747666854995217, 0.654241984575358, 0.0 ], [ 121.747199189802515, 0.654869231265058, 0.0 ], [ 121.746576085687806, 0.655025880128894, 0.0 ], [ 121.7458748840467, 0.65533938546836, 0.0 ], [ 121.744784270925109, 0.655495986687464, 0.0 ], [ 121.744083049981398, 0.655887929526093, 0.0 ], [ 121.743537606666706, 0.6565151550378, 0.0 ], [ 121.743069823297688, 0.657612886983765, 0.0 ], [ 121.742524261552845, 0.65871066939203, 0.0 ], [ 121.742134693078739, 0.659181127989709, 0.0 ], [ 121.741744863439592, 0.659573077654522, 0.0 ], [ 121.741511131106904, 0.660043575620887, 0.0 ], [ 121.741433096836303, 0.661063037990166, 0.0 ], [ 121.741744251709548, 0.662004161716849, 0.0 ], [ 121.74174397472143, 0.663102011372922, 0.0 ], [ 121.74151022176585, 0.663650947029408, 0.0 ], [ 121.74143230512685, 0.664199851864948, 0.0 ], [ 121.741042715454853, 0.664748676678366, 0.0 ], [ 121.740730963102038, 0.665062277971566, 0.0 ], [ 121.740419230585971, 0.665297511852296, 0.0 ], [ 121.739951661668783, 0.665532634913761, 0.0 ], [ 121.739094903099272, 0.665846095606719, 0.0 ], [ 121.738549255749575, 0.666159636131817, 0.0 ], [ 121.73800388919463, 0.666473176535769, 0.0 ], [ 121.737971594668295, 0.666489350441006, 0.0 ], [ 121.737637098749332, 0.666801955776046, 0.0 ], [ 121.737161831331022, 0.667497315659586, 0.0 ], [ 121.736729638111399, 0.668844639383996, 0.0 ], [ 121.736643281085165, 0.669453111155098, 0.0 ], [ 121.736254461469372, 0.670278869074296, 0.0 ], [ 121.735908904907077, 0.671017720351878, 0.0 ], [ 121.735390394967197, 0.671713067547967, 0.0 ], [ 121.735044938581837, 0.672060647880661, 0.0 ], [ 121.734699538071069, 0.672191004838955, 0.0 ], [ 121.733879092364845, 0.672147331983401, 0.0 ], [ 121.733361031004989, 0.672190655505415, 0.0 ], [ 121.733058894117846, 0.672234035359791, 0.0 ], [ 121.732799650263189, 0.672538178922303, 0.0 ], [ 121.73236757710221, 0.673407382250994, 0.0 ], [ 121.732194612756246, 0.674494017572362, 0.0 ], [ 121.73193533476703, 0.67492860763159, 0.0 ], [ 121.731460446872433, 0.67523276474593, 0.0 ], [ 121.731244409763775, 0.675667365934744, 0.0 ], [ 121.730985075096001, 0.676319249265526, 0.0 ], [ 121.730898636545987, 0.677232001006382, 0.0 ], [ 121.730725851368092, 0.67762315459448, 0.0 ], [ 121.730380045309815, 0.678231626677776, 0.0 ], [ 121.729948375265749, 0.678622711674341, 0.0 ], [ 121.728523125635078, 0.679622025725139, 0.0 ], [ 121.72752979270885, 0.68036070099489, 0.0 ], [ 121.727011594790767, 0.680925596564945, 0.0 ], [ 121.726795545045377, 0.681403654959682, 0.0 ], [ 121.726666057150396, 0.681577455102759, 0.0 ], [ 121.726790098812756, 0.681827428363162, 0.0 ], [ 121.726855663440972, 0.682357288059813, 0.0 ], [ 121.727363714611982, 0.683008737998873, 0.0 ], [ 121.728010754964387, 0.683660154546688, 0.0 ], [ 121.728426427692185, 0.684311580259082, 0.0 ], [ 121.728518708295965, 0.684683794918088, 0.0 ], [ 121.728287449599861, 0.685334977334699, 0.0 ], [ 121.727957518558881, 0.685362589619691, 0.0 ], [ 121.733306761318289, 0.693934367129616, 0.0 ], [ 121.734629267083818, 0.696053745410845, 0.0 ], [ 121.735410824395217, 0.697688643129739, 0.0 ], [ 121.73727506143959, 0.698415651576072, 0.0 ], [ 121.737876282977666, 0.699263438114821, 0.0 ], [ 121.738597924503836, 0.699203073658631, 0.0 ], [ 121.738838398278432, 0.699808594705979, 0.0 ], [ 121.739379515323634, 0.700716854674903, 0.0 ], [ 121.740221108360856, 0.701504147554148, 0.0 ], [ 121.739679493752845, 0.703501977908898, 0.0 ], [ 121.739678908006027, 0.705681492841074, 0.0 ], [ 121.739678434831802, 0.707437230853829, 0.0 ], [ 121.739745360181161, 0.710191975915401, 0.0 ], [ 121.739443215273667, 0.715413810634872, 0.0 ], [ 121.739216217329314, 0.719954456227371, 0.0 ], [ 121.740493559479063, 0.722906340627398, 0.0 ], [ 121.742823573523339, 0.724874654847633, 0.0 ], [ 121.744176242269504, 0.726539969294863, 0.0 ], [ 121.745453752148549, 0.728886403663624, 0.0 ], [ 121.745453290860027, 0.730551340927059, 0.0 ], [ 121.745415223583223, 0.732140585401035, 0.0 ], [ 121.746467143879698, 0.733881501836046, 0.0 ], [ 121.747218765298584, 0.735092558914134, 0.0 ], [ 121.74729244594532, 0.739709054756625, 0.0 ], [ 121.746991484595881, 0.740541403035992, 0.0 ], [ 121.746163701190412, 0.743568384771657, 0.0 ], [ 121.745862631336394, 0.744779143078959, 0.0 ], [ 121.74631358542122, 0.7457631408941, 0.0 ], [ 121.748342809268038, 0.747958437234546, 0.0 ], [ 121.75147193233758, 0.753004400702765, 0.0 ], [ 121.750950939142768, 0.756386565420834, 0.0 ], [ 121.751189976312475, 0.759040675193771, 0.0 ], [ 121.749751340774054, 0.761452974518421, 0.0 ], [ 121.747593380027595, 0.763623809311591, 0.0 ], [ 121.746394885486382, 0.763864707886634, 0.0 ], [ 121.74615480888059, 0.76579485129689, 0.0 ], [ 121.747352672943634, 0.767725347996455, 0.0 ], [ 121.749749175200378, 0.768932448310026, 0.0 ], [ 121.750946478895145, 0.771828091946007, 0.0 ], [ 121.751185501447466, 0.774482132275915, 0.0 ], [ 121.750226658133215, 0.775205670242522, 0.0 ], [ 121.747349988542496, 0.77689370823955, 0.0 ], [ 121.744233592304184, 0.778340418597993, 0.0 ], [ 121.740878181398614, 0.778098161715528, 0.0 ], [ 121.737522200838583, 0.779786039307355, 0.0 ], [ 121.736563069387444, 0.781474636262951, 0.0 ], [ 121.734644955874444, 0.783404260203228, 0.0 ], [ 121.73464408565836, 0.786299532356276, 0.0 ], [ 121.73488300980496, 0.789194807236031, 0.0 ], [ 121.735601403422805, 0.790642663857292, 0.0 ], [ 121.736319931498414, 0.792573090446362, 0.0 ], [ 121.737038678748931, 0.793779628624706, 0.0 ], [ 121.737277242645206, 0.796916226578341, 0.0 ], [ 121.736796895728659, 0.800293922291244, 0.0 ], [ 121.73679548915247, 0.804878083075548, 0.0 ], [ 121.735836037709817, 0.807531737366433, 0.0 ], [ 121.73343842690241, 0.809943688085761, 0.0 ], [ 121.729842382352814, 0.812355324470042, 0.0 ], [ 121.729602185607291, 0.814526627559546, 0.0 ], [ 121.727923453260388, 0.81766260738008, 0.0 ], [ 121.722889375176223, 0.820315009088572, 0.0 ], [ 121.72192977319186, 0.822486143841887, 0.0 ], [ 121.721689794651354, 0.823933695106875, 0.0 ], [ 121.723845626311913, 0.827794713556544, 0.0 ], [ 121.723845008495715, 0.829724839339745, 0.0 ], [ 121.726241412117929, 0.831173247955456, 0.0 ], [ 121.728637509559988, 0.833586722485018, 0.0 ], [ 121.730314723324128, 0.835276220028484, 0.0 ], [ 121.732711164376838, 0.835759496535297, 0.0 ], [ 121.734148862517557, 0.837448847878024, 0.0 ], [ 121.739420712063975, 0.841310904023133, 0.0 ], [ 121.739841210862508, 0.841734464140779, 0.0 ], [ 121.741816545794222, 0.843724462669586, 0.0 ], [ 121.746129770835708, 0.847586220132727, 0.0 ], [ 121.749005217946348, 0.849999872324973, 0.0 ], [ 121.752670535091966, 0.851615481345406, 0.0 ], [ 121.753062920278182, 0.856507756595208, 0.0 ], [ 121.752573258855122, 0.862399442063415, 0.0 ], [ 121.750376514615013, 0.868535977192967, 0.0 ], [ 121.750027117771111, 0.871341192678381, 0.0 ], [ 121.749887470262976, 0.872463660270321, 0.0 ], [ 121.750371717248498, 0.883019909595654, 0.0 ], [ 121.749882072243423, 0.888666092539773, 0.0 ], [ 121.75061007707221, 0.898976937559874, 0.0 ], [ 121.751583327106104, 0.905605515805989, 0.0 ], [ 121.752557998478864, 0.908060759329503, 0.0 ], [ 121.755239959213611, 0.910516598194748, 0.0 ], [ 121.757677820378632, 0.913217846193719, 0.0 ], [ 121.759139744748822, 0.917146284036478, 0.0 ], [ 121.759382976113471, 0.91861931609956, 0.0 ], [ 121.760601412795509, 0.921811128727982, 0.0 ], [ 121.761331662147612, 0.926230229181195, 0.0 ], [ 121.761850708977661, 0.932378577843566, 0.0 ], [ 121.762016662931259, 0.932354117402338, 0.0 ], [ 121.76226850996116, 0.932459215257202, 0.0 ], [ 121.76261943345142, 0.932702922957267, 0.0 ], [ 121.76277973771009, 0.932807423105446, 0.0 ], [ 121.763077067456152, 0.932935785983373, 0.0 ], [ 121.763382460319335, 0.933294167548153, 0.0 ], [ 121.763672152178458, 0.933583432856126, 0.0 ], [ 121.763931533037123, 0.933826542967191, 0.0 ], [ 121.764168200722025, 0.933977568041504, 0.0 ], [ 121.764938609622263, 0.934338799654037, 0.0 ], [ 121.765327743476462, 0.934525211431429, 0.0 ], [ 121.765793224725215, 0.934804151304318, 0.0 ], [ 121.766159356687652, 0.934921444158147, 0.0 ], [ 121.766594286407539, 0.935039185331048, 0.0 ], [ 121.766991014435476, 0.935191185738864, 0.0 ], [ 121.767425960416404, 0.935262852993483, 0.0 ], [ 121.767868480231414, 0.935357630514071, 0.0 ], [ 121.768455844511919, 0.935602764747427, 0.0 ], [ 121.768852560906311, 0.935789249909051, 0.0 ], [ 121.7694935757238, 0.935988753169096, 0.0 ], [ 121.769951247591322, 0.936118091430975, 0.0 ], [ 121.770325230928776, 0.936269942448246, 0.0 ], [ 121.770927695469254, 0.936699236542031, 0.0 ], [ 121.771568723039834, 0.936864184319601, 0.0 ], [ 121.772034077300475, 0.936706128213709, 0.0 ], [ 121.772125640627252, 0.936649133356874, 0.0 ], [ 121.772514647233209, 0.936398619550731, 0.0 ], [ 121.772957240088019, 0.936286487827358, 0.0 ], [ 121.773224300237132, 0.936253581048989, 0.0 ], [ 121.773567712128497, 0.936301683970901, 0.0 ], [ 121.773865075575685, 0.936338040158739, 0.0 ], [ 121.774147532255256, 0.936443360777454, 0.0 ], [ 121.774483037741575, 0.93661788176889, 0.0 ], [ 121.774650900914182, 0.936791495774551, 0.0 ], [ 121.774788168053533, 0.936930331504219, 0.0 ], [ 121.775085736597191, 0.937185186079263, 0.0 ], [ 121.775337545469, 0.937405257049777, 0.0 ], [ 121.77562755226117, 0.937602587132362, 0.0 ], [ 121.776062440145637, 0.937846748941089, 0.0 ], [ 121.776565813351866, 0.938183436326172, 0.0 ], [ 121.777000701473824, 0.938427598197426, 0.0 ], [ 121.777252554569358, 0.938521177620748, 0.0 ], [ 121.777595939241522, 0.938649839468324, 0.0 ], [ 121.77789354823453, 0.938789650401643, 0.0 ], [ 121.778389404020558, 0.938942321584983, 0.0 ], [ 121.778656436937226, 0.938989973579866, 0.0 ], [ 121.779465077796388, 0.939248046756029, 0.0 ], [ 121.780083057871849, 0.939481885179942, 0.0 ], [ 121.780540764140113, 0.939519216247957, 0.0 ], [ 121.781136034909423, 0.93964945051586, 0.0 ], [ 121.781723483045155, 0.939664637955166, 0.0 ], [ 121.782097263593528, 0.93959798989645, 0.0 ], [ 121.782707473410611, 0.939567252318012, 0.0 ], [ 121.783165488825716, 0.939524094728954, 0.0 ], [ 121.78358500161076, 0.939572789267577, 0.0 ], [ 121.784088472443429, 0.93963345572992, 0.0 ], [ 121.784523441853793, 0.939647670623449, 0.0 ], [ 121.784981121133328, 0.939765489710824, 0.0 ], [ 121.785255708874843, 0.939893703241105, 0.0 ], [ 121.785690634812966, 0.940034410117034, 0.0 ], [ 121.786156101543455, 0.940370801791372, 0.0 ], [ 121.786438508425505, 0.940625580879332, 0.0 ], [ 121.78664427820317, 0.940810868490276, 0.0 ], [ 121.786964839524387, 0.9411693280214, 0.0 ], [ 121.787498800322538, 0.941575137891019, 0.0 ], [ 121.787842103381507, 0.941945336070331, 0.0 ], [ 121.788185422429365, 0.942269460056914, 0.0 ], [ 121.78875013358622, 0.943077936083929, 0.0 ], [ 121.789215577298947, 0.943483368989044, 0.0 ], [ 121.789535870220192, 0.943807273132639, 0.0 ], [ 121.789818285599466, 0.944039086146579, 0.0 ], [ 121.790489579373983, 0.944399789041332, 0.0 ], [ 121.791054193349467, 0.944679259255503, 0.0 ], [ 121.791290532256141, 0.944979743697009, 0.0 ], [ 121.791542347576112, 0.945188296965175, 0.0 ], [ 121.791725645203769, 0.945396402255953, 0.0 ], [ 121.792038360640063, 0.945708926788517, 0.0 ], [ 121.792724901078785, 0.946644645821619, 0.0 ], [ 121.79300729313502, 0.946945429309868, 0.0 ], [ 121.793335421586534, 0.947349966810522, 0.0 ], [ 121.79365570730431, 0.947696908690014, 0.0 ], [ 121.793953283178553, 0.947940316691857, 0.0 ], [ 121.794296663132272, 0.948091945389011, 0.0 ], [ 121.794998598961556, 0.948360793666696, 0.0 ], [ 121.795639330164406, 0.948594782044436, 0.0 ], [ 121.796120023072731, 0.948758825440725, 0.0 ], [ 121.797012670128467, 0.948913897114627, 0.0 ], [ 121.797768040501381, 0.948953169248794, 0.0 ], [ 121.798614999299588, 0.948866404564467, 0.0 ], [ 121.799255834733827, 0.948801474173448, 0.0 ], [ 121.800400133711975, 0.948831624299755, 0.0 ], [ 121.80076628826221, 0.948902913115228, 0.0 ], [ 121.801315789155979, 0.949044296255445, 0.0 ], [ 121.801826815018671, 0.94919697256917, 0.0 ], [ 121.802467841053584, 0.949396475352264, 0.0 ], [ 121.803009467776519, 0.949572411544457, 0.0 ], [ 121.803375587207199, 0.949747155895357, 0.0 ], [ 121.804054515464827, 0.949969921098619, 0.0 ], [ 121.804110134796531, 0.949994370652556, 0.0 ], [ 121.804664909600774, 0.950238242609584, 0.0 ], [ 121.805397477540765, 0.950449790130596, 0.0 ], [ 121.805885774329099, 0.950556313026345, 0.0 ], [ 121.806076414411578, 0.950649588908474, 0.0 ], [ 121.806183124366228, 0.950647364885108, 0.0 ], [ 121.806557150599588, 0.95069561890793, 0.0 ], [ 121.806923322154361, 0.950720973493917, 0.0 ], [ 121.807396209959094, 0.95072382344548, 0.0 ], [ 121.807899742161879, 0.95062344022117, 0.0 ], [ 121.808212583020961, 0.950579311388581, 0.0 ], [ 121.808784938540029, 0.950410405221573, 0.0 ], [ 121.809158735446346, 0.95030919911772, 0.0 ], [ 121.809494334548631, 0.950230805216483, 0.0 ], [ 121.810158198782261, 0.950165880461133, 0.0 ], [ 121.810768401369643, 0.950181143754695, 0.0 ], [ 121.810982091974864, 0.950205527972185, 0.0 ], [ 121.811363704888933, 0.950242265277028, 0.0 ], [ 121.811714685095964, 0.950348033641583, 0.0 ], [ 121.812218112078114, 0.950558087388602, 0.0 ], [ 121.812797880708629, 0.950883637466608, 0.0 ], [ 121.81318699756568, 0.951150609304933, 0.0 ], [ 121.813309076034528, 0.951369789371918, 0.0 ], [ 121.813614131462828, 0.951923639541734, 0.0 ], [ 121.813850811437192, 0.952879700697133, 0.0 ], [ 121.814064337466675, 0.953386878751443, 0.0 ], [ 121.81414063235033, 0.953640386839653, 0.0 ], [ 121.814560227230942, 0.95428699128484, 0.0 ], [ 121.8147435198523, 0.954518135032804, 0.0 ], [ 121.8150713802886, 0.954899637330202, 0.0 ], [ 121.815613224509207, 0.955270966496728, 0.0 ], [ 121.815941132609623, 0.955514457036903, 0.0 ], [ 121.816261731020546, 0.955780910865682, 0.0 ], [ 121.816681152331824, 0.956117006393801, 0.0 ], [ 121.817024493697573, 0.95639505787946, 0.0 ], [ 121.817451782278084, 0.956719849829061, 0.0 ], [ 121.817810306897584, 0.956940454422143, 0.0 ], [ 121.818153643766749, 0.9572300954708, 0.0 ], [ 121.818527581866519, 0.957542855390896, 0.0 ], [ 121.81880212779491, 0.957809010644821, 0.0 ], [ 121.819046333296157, 0.958109641408659, 0.0 ], [ 121.819298090404203, 0.958502141515209, 0.0 ], [ 121.819694964813181, 0.959079557519286, 0.0 ], [ 121.819908487245272, 0.959598326035964, 0.0 ], [ 121.820205941603746, 0.960209697742024, 0.0 ], [ 121.820450334163894, 0.960786211726221, 0.0 ], [ 121.82070961320143, 0.961351283636195, 0.0 ], [ 121.821075942137583, 0.961744460032791, 0.0 ], [ 121.821831092953062, 0.961634129407622, 0.0 ], [ 121.821968439212057, 0.961554464764296, 0.0 ], [ 121.822311642082099, 0.961418620373182, 0.0 ], [ 121.822609360841255, 0.961259511420413, 0.0 ], [ 121.822876454987338, 0.961146113207727, 0.0 ], [ 121.823417929586626, 0.960965464593082, 0.0 ], [ 121.823852931652112, 0.960910635626914, 0.0 ], [ 121.824249738611755, 0.960867101246103, 0.0 ], [ 121.824592901911757, 0.960846232478411, 0.0 ], [ 121.825073709146309, 0.960699694249038, 0.0 ], [ 121.826004479567587, 0.960268452248884, 0.0 ], [ 121.826233320151928, 0.96033884578131, 0.0 ], [ 121.826706248426078, 0.960238237726622, 0.0 ], [ 121.827049720193457, 0.960136807691496, 0.0 ], [ 121.827705759426081, 0.959979870601506, 0.0 ], [ 121.828255034744558, 0.959983240361177, 0.0 ], [ 121.828766375760665, 0.960055426242449, 0.0 ], [ 121.829704767036816, 0.960337217109179, 0.0 ], [ 121.830322736169222, 0.960651545446848, 0.0 ], [ 121.830551515599637, 0.96090588450866, 0.0 ], [ 121.83071938035161, 0.961090948794423, 0.0 ], [ 121.831093289673149, 0.961495788498494, 0.0 ], [ 121.831535636501741, 0.962142403735493, 0.0 ], [ 121.83188674171447, 0.962719522064086, 0.0 ], [ 121.832008775217233, 0.963076857779947, 0.0 ], [ 121.832199596962752, 0.963469055714165, 0.0 ], [ 121.832329177575929, 0.963929779289101, 0.0 ], [ 121.832412996187713, 0.964355789933018, 0.0 ], [ 121.832489510505965, 0.964793246248367, 0.0 ], [ 121.83256574693371, 0.965219254194353, 0.0 ], [ 121.832733431821381, 0.965933262825595, 0.0 ], [ 121.832847828281416, 0.966451434192476, 0.0 ], [ 121.832924377673308, 0.966785433400945, 0.0 ], [ 121.83302340382059, 0.967085026347218, 0.0 ], [ 121.83325238110173, 0.967580835172414, 0.0 ], [ 121.833458389698308, 0.967904138744062, 0.0 ], [ 121.83368716103476, 0.968181515738235, 0.0 ], [ 121.834091415280128, 0.968540574554959, 0.0 ], [ 121.834480521345284, 0.96885348286329, 0.0 ], [ 121.834823861811643, 0.969143054664138, 0.0 ], [ 121.83522080636763, 0.969525006622555, 0.0 ], [ 121.835655651051894, 0.969941599566164, 0.0 ], [ 121.835915030813553, 0.97021927063861, 0.0 ], [ 121.836174360213292, 0.970646331690732, 0.0 ], [ 121.836334561842222, 0.971072793794318, 0.0 ], [ 121.836456552177566, 0.971556553502965, 0.0 ], [ 121.8365405965192, 0.972143544588748, 0.0 ], [ 121.83663224193063, 0.972673086084023, 0.0 ], [ 121.836792447156867, 0.973088029671069, 0.0 ], [ 121.837028741322086, 0.973538050414584, 0.0 ], [ 121.837341735065891, 0.97388499356497, 0.0 ], [ 121.83786057552831, 0.974210102075838, 0.0 ], [ 121.838417337702808, 0.974501091208273, 0.0 ], [ 121.839058361854796, 0.974746458633406, 0.0 ], [ 121.839630585173467, 0.974991520289174, 0.0 ], [ 121.840301945256201, 0.975214142960938, 0.0 ], [ 121.84074445576141, 0.975389339885373, 0.0 ], [ 121.841042051313437, 0.975598193936848, 0.0 ], [ 121.841194500786486, 0.975702622311596, 0.0 ], [ 121.8414614798195, 0.975934292162987, 0.0 ], [ 121.84186577453427, 0.976178235062024, 0.0 ], [ 121.842499205710411, 0.976458156238306, 0.0 ], [ 121.843117200023812, 0.976714963939011, 0.0 ], [ 121.843666389906815, 0.976982842293887, 0.0 ], [ 121.843964030424914, 0.977065202205311, 0.0 ], [ 121.844589650089873, 0.977195588611072, 0.0 ], [ 121.844948251151777, 0.977209209742584, 0.0 ], [ 121.845459316975308, 0.977281397422507, 0.0 ], [ 121.846115538770164, 0.977434901800426, 0.0 ], [ 121.846303659851642, 0.97751870782166, 0.0 ], [ 121.846901432909277, 0.977784765948746, 0.0 ], [ 121.847359022346993, 0.978213098642148, 0.0 ], [ 121.847625982494037, 0.978502221681347, 0.0 ], [ 121.847946548529279, 0.978883654730937, 0.0 ], [ 121.848251665111576, 0.979276600901117, 0.0 ], [ 121.848472839874717, 0.979599839721538, 0.0 ], [ 121.848602761331151, 0.979888209128825, 0.0 ], [ 121.848617846558795, 0.980118236818254, 0.0 ], [ 121.848625541158057, 0.98061277130415, 0.0 ], [ 121.848243937237243, 0.981346450806102, 0.0 ], [ 121.848030368939703, 0.981770594457502, 0.0 ], [ 121.847717675569484, 0.982182689891724, 0.0 ], [ 121.847572694066415, 0.982411813762356, 0.0 ], [ 121.847389537242663, 0.982594567689902, 0.0 ], [ 121.847191188171806, 0.982857876589564, 0.0 ], [ 121.846954580143262, 0.983316497549617, 0.0 ], [ 121.846794371319632, 0.983729422158701, 0.0 ], [ 121.846550477883255, 0.984141965455291, 0.0 ], [ 121.846420775861588, 0.984854107093928, 0.0 ], [ 121.846405520662003, 0.985118469099726, 0.0 ], [ 121.846420553728976, 0.985498029760849, 0.0 ], [ 121.846458923303331, 0.985797319635599, 0.0 ], [ 121.846573118315263, 0.986085541554109, 0.0 ], [ 121.846779112522739, 0.986454780696304, 0.0 ], [ 121.846916635048814, 0.986685629466626, 0.0 ], [ 121.847183504364438, 0.987239261101118, 0.0 ], [ 121.847374327009234, 0.987631461733355, 0.0 ], [ 121.847549739770983, 0.987919987622758, 0.0 ], [ 121.847954166686222, 0.988600939874144, 0.0 ], [ 121.848236521427765, 0.989039743373991, 0.0 ], [ 121.84841948849477, 0.989408762182213, 0.0 ], [ 121.848610259878086, 0.989950495786233, 0.0 ], [ 121.84868657544618, 0.990146413090302, 0.0 ], [ 121.849098589042129, 0.990815990716713, 0.0 ], [ 121.849472482175742, 0.991278288105172, 0.0 ], [ 121.849914840695504, 0.991902012898586, 0.0 ], [ 121.850304005216557, 0.992053872416436, 0.0 ], [ 121.850601647533395, 0.992136234126599, 0.0 ], [ 121.850967789410475, 0.992276424941112, 0.0 ], [ 121.851707948527761, 0.992522537004996, 0.0 ], [ 121.852447862130063, 0.992665120016083, 0.0 ], [ 121.852646121268677, 0.992666319711625, 0.0 ], [ 121.853249095105667, 0.992520530617495, 0.0 ], [ 121.853859384927205, 0.99232881044931, 0.0 ], [ 121.854218024659957, 0.992238975373132, 0.0 ], [ 121.854820725102925, 0.992070219393008, 0.0 ], [ 121.855430984347663, 0.991970436915883, 0.0 ], [ 121.856003304793276, 0.991951061022726, 0.0 ], [ 121.856361639655773, 0.991930267798162, 0.0 ], [ 121.85739176537632, 0.991718057476846, 0.0 ], [ 121.857605252734871, 0.991535384488289, 0.0 ], [ 121.857979166552909, 0.991123733319225, 0.0 ], [ 121.858520735581024, 0.99070153939798, 0.0 ] ] ] ] } },
{ "type": "Feature", "properties": { "KEC_NO": "050", "KECAMATAN": "PAGUAT" }, "geometry": { "type": "MultiPolygon", "coordinates": [ [ [ [ 122.121137593794089, 0.405253880038207, 0.0 ], [ 122.121034274926942, 0.405077042852246, 0.0 ], [ 122.120700395189658, 0.405046687925141, 0.0 ], [ 122.12040778448555, 0.405113229922919, 0.0 ], [ 122.120275524279563, 0.405107420449573, 0.0 ], [ 122.119688630267603, 0.405127639748696, 0.0 ], [ 122.118929585508994, 0.405279434791721, 0.0 ], [ 122.117806619429928, 0.405370480543014, 0.0 ], [ 122.11735114453063, 0.405390714029456, 0.0 ], [ 122.117047571701178, 0.405552628993559, 0.0 ], [ 122.116906015306839, 0.405815696736615, 0.0 ], [ 122.116905965897914, 0.406271046728639, 0.0 ], [ 122.117037632944687, 0.406574604671865, 0.0 ], [ 122.117179126760021, 0.406888270162779, 0.0 ], [ 122.117381564550641, 0.407120984979796, 0.0 ], [ 122.117644656971549, 0.407363849135427, 0.0 ], [ 122.11789763717448, 0.407626924193076, 0.0 ], [ 122.118110179527704, 0.407910242994828, 0.0 ], [ 122.118565344783235, 0.408153092239453, 0.0 ], [ 122.119061256569452, 0.4081328634767, 0.0 ], [ 122.119334529794031, 0.407718004397787, 0.0 ], [ 122.119992264799336, 0.406989465901501, 0.0 ], [ 122.120650011693797, 0.406149615865762, 0.0 ], [ 122.121135616197421, 0.405360384797619, 0.0 ], [ 122.121137593794089, 0.405253880038207, 0.0 ] ] ], [ [ [ 122.10951945382952, 0.47574210783881, 0.0 ], [ 122.110607912356556, 0.475479378962022, 0.0 ], [ 122.111302332179264, 0.475685835697907, 0.0 ], [ 122.112353131246053, 0.475667066166201, 0.0 ], [ 122.11272858394716, 0.475610753231707, 0.0 ], [ 122.112953837951764, 0.475272927017238, 0.0 ], [ 122.113028869231002, 0.474841298319654, 0.0 ], [ 122.113329164763442, 0.473996752430432, 0.0 ], [ 122.113235171167162, 0.473377427268166, 0.0 ], [ 122.113216404906254, 0.473002077418032, 0.0 ], [ 122.113272888051, 0.472683029137082, 0.0 ], [ 122.113648080775874, 0.472457841005473, 0.0 ], [ 122.114023578522904, 0.472044942902742, 0.0 ], [ 122.114117405188907, 0.471763426650566, 0.0 ], [ 122.113741959744928, 0.471763449984523, 0.0 ], [ 122.112841123700406, 0.471707148369686, 0.0 ], [ 122.111846489764133, 0.471707126487723, 0.0 ], [ 122.111264632022412, 0.471838504923942, 0.0 ], [ 122.110176193230245, 0.4719511240505, 0.0 ], [ 122.109106567135797, 0.472082474631223, 0.0 ], [ 122.108412127935509, 0.472026163766718, 0.0 ], [ 122.107867930408389, 0.471913581349907, 0.0 ], [ 122.107342261724071, 0.471838494206915, 0.0 ], [ 122.10662929744872, 0.471725889956724, 0.0 ], [ 122.10617887670908, 0.471725902288371, 0.0 ], [ 122.105540542761247, 0.472120000549241, 0.0 ], [ 122.105244820622204, 0.472344774715187, 0.0 ], [ 122.105071518987828, 0.472664266629534, 0.0 ], [ 122.104771298975422, 0.472927026903606, 0.0 ], [ 122.104208253551263, 0.473077169451245, 0.0 ], [ 122.102950756407083, 0.473283584731136, 0.0 ], [ 122.102162506738253, 0.473396205713632, 0.0 ], [ 122.101360760934554, 0.473636708937368, 0.0 ], [ 122.101111655322228, 0.473846611272348, 0.0 ], [ 122.101167769048431, 0.474221964797232, 0.0 ], [ 122.101486987348139, 0.474709935265709, 0.0 ], [ 122.10161831221717, 0.475441845136641, 0.0 ], [ 122.101730818239787, 0.476211315979773, 0.0 ], [ 122.101843609360856, 0.476943224416119, 0.0 ], [ 122.101899710670679, 0.477412432260608, 0.0 ], [ 122.102256272235223, 0.477937899915419, 0.0 ], [ 122.102688105763448, 0.478350795010067, 0.0 ], [ 122.103269916786005, 0.478576001439394, 0.0 ], [ 122.103926735690251, 0.478557218398671, 0.0 ], [ 122.10445216036122, 0.47835078003529, 0.0 ], [ 122.105165216982968, 0.477750219785138, 0.0 ], [ 122.10587853297244, 0.477318569876787, 0.0 ], [ 122.106985844412236, 0.476755553409651, 0.0 ], [ 122.107642697607176, 0.476474040797674, 0.0 ], [ 122.108637396174061, 0.475967335063769, 0.0 ], [ 122.10951945382952, 0.47574210783881, 0.0 ] ] ], [ [ [ 122.133221651806721, 0.478299302316491, 0.0 ], [ 122.132949276665173, 0.478190252954862, 0.0 ], [ 122.132603867308404, 0.478262968125458, 0.0 ], [ 122.132422167110676, 0.478378603292499, 0.0 ], [ 122.132422140552009, 0.478590023509566, 0.0 ], [ 122.132385867234149, 0.478971622840722, 0.0 ], [ 122.132531294192177, 0.479244195343957, 0.0 ], [ 122.132803669308331, 0.479353244786233, 0.0 ], [ 122.133112568460902, 0.479316887416674, 0.0 ], [ 122.133403513849828, 0.479135185912609, 0.0 ], [ 122.133585243851286, 0.478789932070649, 0.0 ], [ 122.13356898492313, 0.47856490413312, 0.0 ], [ 122.133221651806721, 0.478299302316491, 0.0 ] ] ], [ [ [ 122.130768449923124, 0.478444649216962, 0.0 ], [ 122.130114471143557, 0.478172082540622, 0.0 ], [ 122.129895998496835, 0.478173220730253, 0.0 ], [ 122.129458491611089, 0.478175532296658, 0.0 ], [ 122.129311908647722, 0.478164488910009, 0.0 ], [ 122.129185260424876, 0.478173554274201, 0.0 ], [ 122.128369807459109, 0.477954043161092, 0.0 ], [ 122.127734070130103, 0.477772329450258, 0.0 ], [ 122.127315979309827, 0.477463396283832, 0.0 ], [ 122.127007144854929, 0.476990937196779, 0.0 ], [ 122.126897965483863, 0.476536667616338, 0.0 ], [ 122.127043474479123, 0.476155047492481, 0.0 ], [ 122.12720695086746, 0.475809791028707, 0.0 ], [ 122.126952557423635, 0.475628091827955, 0.0 ], [ 122.126643649812507, 0.475737102305666, 0.0 ], [ 122.126461921057441, 0.476082356379263, 0.0 ], [ 122.12633467130172, 0.476409453405972, 0.0 ], [ 122.126062273892657, 0.47648214232228, 0.0 ], [ 122.12584404857715, 0.476754703216579, 0.0 ], [ 122.125535115727274, 0.477063613856936, 0.0 ], [ 122.125407881922712, 0.477263534097476, 0.0 ], [ 122.125298880705415, 0.477626960319304, 0.0 ], [ 122.125135381099994, 0.478153918463801, 0.0 ], [ 122.125117321616841, 0.478844434172502, 0.0 ], [ 122.12509901162403, 0.479298723419789, 0.0 ], [ 122.125189948799431, 0.479662139092367, 0.0 ], [ 122.125135427278352, 0.480007409181597, 0.0 ], [ 122.125008177093122, 0.480334506834116, 0.0 ], [ 122.124808231523417, 0.48038900549117, 0.0 ], [ 122.124644777727852, 0.480552558606488, 0.0 ], [ 122.124626495274967, 0.480788783542811, 0.0 ], [ 122.124644705980444, 0.481115864622276, 0.0 ], [ 122.124735645281689, 0.481461152529698, 0.0 ], [ 122.124808348418711, 0.481679190900168, 0.0 ], [ 122.12513549482388, 0.481679197906919, 0.0 ], [ 122.12538992741203, 0.481551982665555, 0.0 ], [ 122.125844046114409, 0.48120672885628, 0.0 ], [ 122.126298438225803, 0.480916000325608, 0.0 ], [ 122.126934506566741, 0.48069794731858, 0.0 ], [ 122.127897437481664, 0.480516227040377, 0.0 ], [ 122.128896884876724, 0.480243660585459, 0.0 ], [ 122.129769117688923, 0.480025602047389, 0.0 ], [ 122.130659619992286, 0.4796803326147, 0.0 ], [ 122.131295693333669, 0.479425917290425, 0.0 ], [ 122.131404667146214, 0.479280555082288, 0.0 ], [ 122.131422657497552, 0.479135181252425, 0.0 ], [ 122.131368209495264, 0.478898946581134, 0.0 ], [ 122.13109556329259, 0.478717244796849, 0.0 ], [ 122.130768449923124, 0.478444649216962, 0.0 ] ] ], [ [ [ 122.122073882471526, 0.487539491947712, 0.0 ], [ 122.122091371363013, 0.486933042582764, 0.0 ], [ 122.121866186446084, 0.486725090714594, 0.0 ], [ 122.121536798065591, 0.486690452912279, 0.0 ], [ 122.121086363311306, 0.486777074867221, 0.0 ], [ 122.120809167096439, 0.487037011905782, 0.0 ], [ 122.120479772069615, 0.487054319318707, 0.0 ], [ 122.120375891612412, 0.486898363976466, 0.0 ], [ 122.120167831473339, 0.486725115749147, 0.0 ], [ 122.119769370104905, 0.486638452967929, 0.0 ], [ 122.119457420605514, 0.486378544501269, 0.0 ], [ 122.119336129807223, 0.48622258691851, 0.0 ], [ 122.119219600614343, 0.486164336502019, 0.0 ], [ 122.119041308443101, 0.485977487615967, 0.0 ], [ 122.118708856633987, 0.485744785780477, 0.0 ], [ 122.118357311464138, 0.485497840889985, 0.0 ], [ 122.117649688269779, 0.48531261873042, 0.0 ], [ 122.117370847231612, 0.485272793182582, 0.0 ], [ 122.117187472265286, 0.485304218297981, 0.0 ], [ 122.11678897533632, 0.485494844070837, 0.0 ], [ 122.116494360059349, 0.485824073418177, 0.0 ], [ 122.116442634305628, 0.48625726043963, 0.0 ], [ 122.11659842022658, 0.486759770703075, 0.0 ], [ 122.116927763048665, 0.487140956936231, 0.0 ], [ 122.117239685138244, 0.487608821861345, 0.0 ], [ 122.117742022022242, 0.487886070896896, 0.0 ], [ 122.118314019453095, 0.488024666760038, 0.0 ], [ 122.118487217130266, 0.488509864218427, 0.0 ], [ 122.118573916366671, 0.489064345306404, 0.0 ], [ 122.118764517561601, 0.489601526588261, 0.0 ], [ 122.119059056517926, 0.489861432099063, 0.0 ], [ 122.119405572547407, 0.489913423219894, 0.0 ], [ 122.120012139267089, 0.489826787160323, 0.0 ], [ 122.120670407225106, 0.489497534215681, 0.0 ], [ 122.120947616330824, 0.489133672420143, 0.0 ], [ 122.121051586899597, 0.488596494429876, 0.0 ], [ 122.121363631066458, 0.488128640658596, 0.0 ], [ 122.121814086193609, 0.487886077091319, 0.0 ], [ 122.122073882471526, 0.487539491947712, 0.0 ] ] ], [ [ [ 122.034045706704873, 0.52406861833643, 0.0 ], [ 122.034383220463866, 0.522342508196809, 0.0 ], [ 122.069207322964104, 0.523099825479027, 0.0 ], [ 122.081669270592243, 0.522199746220524, 0.0 ], [ 122.091335602847224, 0.52249357001604, 0.0 ], [ 122.092030048526325, 0.522514660916266, 0.0 ], [ 122.093088423750487, 0.522551565495037, 0.0 ], [ 122.09309965538327, 0.522553333562152, 0.0 ], [ 122.094970381901149, 0.522860539269425, 0.0 ], [ 122.09551683964375, 0.522881113059474, 0.0 ], [ 122.095899305115054, 0.522886222107859, 0.0 ], [ 122.097680775720136, 0.522910084718679, 0.0 ], [ 122.099207830821257, 0.522927691645351, 0.0 ], [ 122.102443068976498, 0.522962893807514, 0.0 ], [ 122.104364113461315, 0.522935360164327, 0.0 ], [ 122.104958027528127, 0.522973644303119, 0.0 ], [ 122.105526393654742, 0.522967011803059, 0.0 ], [ 122.106004907617944, 0.522911672921315, 0.0 ], [ 122.105999569242428, 0.522928103534807, 0.0 ], [ 122.12466104184297, 0.522983402846426, 0.0 ], [ 122.124678584018426, 0.52309939920037, 0.0 ], [ 122.124684373853697, 0.523099291281807, 0.0 ], [ 122.121875147402761, 0.504561272176689, 0.0 ], [ 122.121450694445187, 0.50175450866992, 0.0 ], [ 122.12145079032112, 0.501754515938683, 0.0 ], [ 122.120888038706028, 0.498033215766229, 0.0 ], [ 122.120955075225396, 0.494371231004135, 0.0 ], [ 122.120046561572551, 0.495003921895103, 0.0 ], [ 122.11968566983019, 0.495364698923443, 0.0 ], [ 122.119374146039874, 0.496135459479889, 0.0 ], [ 122.118836851464465, 0.496890252834019, 0.0 ], [ 122.117832592833452, 0.497430983705387, 0.0 ], [ 122.117635694635965, 0.497791746064573, 0.0 ], [ 122.117931042197668, 0.498300141319356, 0.0 ], [ 122.118455788214263, 0.499005287779157, 0.0 ], [ 122.119078817952996, 0.499710447664663, 0.0 ], [ 122.119849552034168, 0.500448420271153, 0.0 ], [ 122.120177715019494, 0.50125195372737, 0.0 ], [ 122.120254522754067, 0.501663822062008, 0.0 ], [ 122.120358149143129, 0.50221950084313, 0.0 ], [ 122.120128373690164, 0.502744293242889, 0.0 ], [ 122.119849806940323, 0.502744290726946, 0.0 ], [ 122.119357850727042, 0.502531072130212, 0.0 ], [ 122.118783883972114, 0.502416290727785, 0.0 ], [ 122.118521316643694, 0.502465479221863, 0.0 ], [ 122.118373874811624, 0.502580268498791, 0.0 ], [ 122.118160710806592, 0.502777065550867, 0.0 ], [ 122.117898146597824, 0.502809857698975, 0.0 ], [ 122.117521027384456, 0.50271146395862, 0.0 ], [ 122.117439069588883, 0.502416284393207, 0.0 ], [ 122.117291405930331, 0.502088303339514, 0.0 ], [ 122.117061751464576, 0.501711122318253, 0.0 ], [ 122.116822697625281, 0.501403641535995, 0.0 ], [ 122.116717534102236, 0.501268375930346, 0.0 ], [ 122.116487844504761, 0.501153570770211, 0.0 ], [ 122.116159852829526, 0.501169957783824, 0.0 ], [ 122.115749868217662, 0.501153576359341, 0.0 ], [ 122.115569630339436, 0.500825591041769, 0.0 ], [ 122.115208861032656, 0.500268033379773, 0.0 ], [ 122.114651254739869, 0.499612071464143, 0.0 ], [ 122.114142752992493, 0.499234888237536, 0.0 ], [ 122.113716501349089, 0.499070903003255, 0.0 ], [ 122.113371927161594, 0.499202061671359, 0.0 ], [ 122.113027604768419, 0.499546442346003, 0.0 ], [ 122.113142368669912, 0.500202415334731, 0.0 ], [ 122.113109732731871, 0.50066161218532, 0.0 ], [ 122.113339373567811, 0.501137170477976, 0.0 ], [ 122.113340514277567, 0.50113964314991, 0.0 ], [ 122.113634422134368, 0.501776735703911, 0.0 ], [ 122.113700041768013, 0.50244909750801, 0.0 ], [ 122.11358512698402, 0.502908283159913, 0.0 ], [ 122.113207980400361, 0.50302307601318, 0.0 ], [ 122.113093154101847, 0.502826269832938, 0.0 ], [ 122.112338895601397, 0.502793480851808, 0.0 ], [ 122.112125757019854, 0.502809883216963, 0.0 ], [ 122.111896038975175, 0.502908264605244, 0.0 ], [ 122.111830567050049, 0.503219855141816, 0.0 ], [ 122.111715644103512, 0.503744625539441, 0.0 ], [ 122.111601061430378, 0.50382662639044, 0.0 ], [ 122.111437082388392, 0.50371183006999, 0.0 ], [ 122.111436845536616, 0.503383834308062, 0.0 ], [ 122.111272864282967, 0.503285434265636, 0.0 ], [ 122.111076293236422, 0.503301838835517, 0.0 ], [ 122.11092857914808, 0.503351042615145, 0.0 ], [ 122.110256309418332, 0.503383848662446, 0.0 ], [ 122.109829726730396, 0.503597011881433, 0.0 ], [ 122.109059141623121, 0.503859423165602, 0.0 ], [ 122.108714582062149, 0.503875807246982, 0.0 ], [ 122.108534324992078, 0.503695423717891, 0.0 ], [ 122.108353818752789, 0.503285457461748, 0.0 ], [ 122.107993282390595, 0.503088652916909, 0.0 ], [ 122.107304415858437, 0.503334642795065, 0.0 ], [ 122.106697774238285, 0.503974188824445, 0.0 ], [ 122.106271216366508, 0.504006992947507, 0.0 ], [ 122.105959550536838, 0.50374461014349, 0.0 ], [ 122.105648227641638, 0.503023062345624, 0.0 ], [ 122.105533436175534, 0.502580277681934, 0.0 ], [ 122.105221763714184, 0.502367083707371, 0.0 ], [ 122.104582102791014, 0.502153915094831, 0.0 ], [ 122.10430329391636, 0.501875140791545, 0.0 ], [ 122.103893324011665, 0.501760345966966, 0.0 ], [ 122.103434203596834, 0.501711129253683, 0.0 ], [ 122.10307338660472, 0.50151436009707, 0.0 ], [ 122.102778285003964, 0.501284772305181, 0.0 ], [ 122.102499471852823, 0.50103879056496, 0.0 ], [ 122.102400958660908, 0.500661593403899, 0.0 ], [ 122.102401006416045, 0.500310274868125, 0.0 ], [ 122.10240101884699, 0.500218824965186, 0.0 ], [ 122.102253369761229, 0.499792432420269, 0.0 ], [ 122.101941962430999, 0.499694047546333, 0.0 ], [ 122.101630243582918, 0.499825244915745, 0.0 ], [ 122.101171083439056, 0.500071230697356, 0.0 ], [ 122.10093650004147, 0.500199244723935, 0.0 ], [ 122.100810494451864, 0.500268006976716, 0.0 ], [ 122.10064097654184, 0.500176839893677, 0.0 ], [ 122.100597093204968, 0.500153239344163, 0.0 ], [ 122.100597126685642, 0.499907225640088, 0.0 ], [ 122.1006628812153, 0.499579274317634, 0.0 ], [ 122.100613498493914, 0.49928406517286, 0.0 ], [ 122.100023279317185, 0.498939698790161, 0.0 ], [ 122.099826463393711, 0.498693693306444, 0.0 ], [ 122.099531359892609, 0.498480502005387, 0.0 ], [ 122.099235986295028, 0.498185329669214, 0.0 ], [ 122.09920317097648, 0.497890158206564, 0.0 ], [ 122.099186939532558, 0.497480180322922, 0.0 ], [ 122.099236150887009, 0.496971798925676, 0.0 ], [ 122.099236188640191, 0.496693028184518, 0.0 ], [ 122.099350797426212, 0.496414237873414, 0.0 ], [ 122.099531358716305, 0.496414227348589, 0.0 ], [ 122.09954761249756, 0.496660207936665, 0.0 ], [ 122.099678709712862, 0.496971789108018, 0.0 ], [ 122.099924691672115, 0.497037407684901, 0.0 ], [ 122.100006677524078, 0.497119399969774, 0.0 ], [ 122.100203492628836, 0.497365370095641, 0.0 ], [ 122.100334901314369, 0.497447369174102, 0.0 ], [ 122.100580889998895, 0.497463763861398, 0.0 ], [ 122.100744850634811, 0.497709764798086, 0.0 ], [ 122.100925093902944, 0.497988560411259, 0.0 ], [ 122.101039928521828, 0.498119745874108, 0.0 ], [ 122.101335061083859, 0.49811975111738, 0.0 ], [ 122.101745090485849, 0.497791741970514, 0.0 ], [ 122.102122258691224, 0.497512986528496, 0.0 ], [ 122.10238457003453, 0.497266973346937, 0.0 ], [ 122.102565131494103, 0.497266998061123, 0.0 ], [ 122.102860262827249, 0.497283399386487, 0.0 ], [ 122.102942224419081, 0.497545785409974, 0.0 ], [ 122.103089907029485, 0.497726164057104, 0.0 ], [ 122.103352185213282, 0.497726164679361, 0.0 ], [ 122.10381133417124, 0.497562159419855, 0.0 ], [ 122.104254203596909, 0.49734899846288, 0.0 ], [ 122.104631348913756, 0.497234205821799, 0.0 ], [ 122.104926509129839, 0.497037385519965, 0.0 ], [ 122.105024828590857, 0.496775023973077, 0.0 ], [ 122.104926577533078, 0.496529030947039, 0.0 ], [ 122.104647733142485, 0.496512632891681, 0.0 ], [ 122.104303453457007, 0.496545413678743, 0.0 ], [ 122.104106609257485, 0.49651262965507, 0.0 ], [ 122.104008072571219, 0.496299430000872, 0.0 ], [ 122.104073813406927, 0.49606985652491, 0.0 ], [ 122.104008145351031, 0.49575828310469, 0.0 ], [ 122.103926181384935, 0.495512293281335, 0.0 ], [ 122.103860528712659, 0.495085911934394, 0.0 ], [ 122.104057402378288, 0.494905509675129, 0.0 ], [ 122.104188521190281, 0.495053128821192, 0.0 ], [ 122.104237911036009, 0.495299114216978, 0.0 ], [ 122.104483895522833, 0.495348301085067, 0.0 ], [ 122.104729884430213, 0.495364695493654, 0.0 ], [ 122.104926426271049, 0.495561476977917, 0.0 ], [ 122.104992103208815, 0.495807464640956, 0.0 ], [ 122.105172628219307, 0.496086260408761, 0.0 ], [ 122.10532000331267, 0.496463429072617, 0.0 ], [ 122.105549643488615, 0.496939021649938, 0.0 ], [ 122.105680979605538, 0.497562167869185, 0.0 ], [ 122.105746618906906, 0.498086926849987, 0.0 ], [ 122.105828573992468, 0.498398537042836, 0.0 ], [ 122.106008824333429, 0.498628108956937, 0.0 ], [ 122.106353352384758, 0.498841307114643, 0.0 ], [ 122.10677965384042, 0.498628108449965, 0.0 ], [ 122.106976279726297, 0.498201726352336, 0.0 ], [ 122.107034447499117, 0.497903598647946, 0.0 ], [ 122.107156907631463, 0.497709757968172, 0.0 ], [ 122.107501242725945, 0.4972670005347, 0.0 ], [ 122.107796438295182, 0.496807804796466, 0.0 ], [ 122.107665060033582, 0.496496223059699, 0.0 ], [ 122.107222520063218, 0.496348632036918, 0.0 ], [ 122.106648303091106, 0.496020664509471, 0.0 ], [ 122.106156366773476, 0.495676276700178, 0.0 ], [ 122.10574644738189, 0.495184298708411, 0.0 ], [ 122.105533368768207, 0.494757932445226, 0.0 ], [ 122.105336596080193, 0.494183967071952, 0.0 ], [ 122.104942972582933, 0.493626406594609, 0.0 ], [ 122.104303390968326, 0.492822833315402, 0.0 ], [ 122.104221204030978, 0.492769866991542, 0.0 ], [ 122.103565481606267, 0.492347279078435, 0.0 ], [ 122.103155512088378, 0.492232485301373, 0.0 ], [ 122.102843809120145, 0.492248874594407, 0.0 ], [ 122.102564952800236, 0.492330853196891, 0.0 ], [ 122.102433789261369, 0.492511264387145, 0.0 ], [ 122.10238257385727, 0.492664834324001, 0.0 ], [ 122.102351759395177, 0.492757231818545, 0.0 ], [ 122.102286300026577, 0.492986840549152, 0.0 ], [ 122.102089426564163, 0.493167207492488, 0.0 ], [ 122.101942007579325, 0.493118034101884, 0.0 ], [ 122.101827175023502, 0.492970417282849, 0.0 ], [ 122.101712338971367, 0.492855628181248, 0.0 ], [ 122.101466372329639, 0.492675236424426, 0.0 ], [ 122.101269529675292, 0.492626056337757, 0.0 ], [ 122.1012376146858, 0.492599427959143, 0.0 ], [ 122.101171256674348, 0.492544061929338, 0.0 ], [ 122.101171278641402, 0.492380064523638, 0.0 ], [ 122.101285876029252, 0.492183290235663, 0.0 ], [ 122.101351614423265, 0.491970077814789, 0.0 ], [ 122.101384228018389, 0.49167491510718, 0.0 ], [ 122.101253104911436, 0.491560123845795, 0.0 ], [ 122.101187410405771, 0.491445306173625, 0.0 ], [ 122.101449977331129, 0.491379721600564, 0.0 ], [ 122.101564816480959, 0.491478114437908, 0.0 ], [ 122.101630227547219, 0.491609328295465, 0.0 ], [ 122.101941932577006, 0.491576507513906, 0.0 ], [ 122.102138781826, 0.491576498881967, 0.0 ], [ 122.102269900594735, 0.491724117869667, 0.0 ], [ 122.102417596463681, 0.491806083675543, 0.0 ], [ 122.102794750789499, 0.491625704836566, 0.0 ], [ 122.10304075258523, 0.491543721722669, 0.0 ], [ 122.103434166864957, 0.491560100568948, 0.0 ], [ 122.103762150358662, 0.491592902059805, 0.0 ], [ 122.104057257518178, 0.491789696638749, 0.0 ], [ 122.104352656001538, 0.491904510139589, 0.0 ], [ 122.104352625386028, 0.4921340925969, 0.0 ], [ 122.104418029982071, 0.492314459940539, 0.0 ], [ 122.104614872820193, 0.492363675239486, 0.0 ], [ 122.104942867395607, 0.492314460326897, 0.0 ], [ 122.105385731004233, 0.492134091049072, 0.0 ], [ 122.105877739320633, 0.49193729681332, 0.0 ], [ 122.10617291652882, 0.491609306075107, 0.0 ], [ 122.1061892820629, 0.49101893705628, 0.0 ], [ 122.106140200522205, 0.490559765300195, 0.0 ], [ 122.106484523499446, 0.490198988542305, 0.0 ], [ 122.106873193537467, 0.489997939176261, 0.0 ], [ 122.107257061984711, 0.490010323371796, 0.0 ], [ 122.10760384111822, 0.490183661654102, 0.0 ], [ 122.108061821039144, 0.490369346652412, 0.0 ], [ 122.108519790299425, 0.490629345331177, 0.0 ], [ 122.109002768729923, 0.490765527454799, 0.0 ], [ 122.109398708638253, 0.490802648276771, 0.0 ], [ 122.110055012461714, 0.490456012239919, 0.0 ], [ 122.110636879436754, 0.490270324372614, 0.0 ], [ 122.111045489879402, 0.490047474934423, 0.0 ], [ 122.111367311911096, 0.489960801840565, 0.0 ], [ 122.111652078171616, 0.489787512618571, 0.0 ], [ 122.111726201150475, 0.489874168038211, 0.0 ], [ 122.111577603077436, 0.49024557301716, 0.0 ], [ 122.111416901821045, 0.490827406610465, 0.0 ], [ 122.111280614286542, 0.491533099622492, 0.0 ], [ 122.111268173396894, 0.492176862547859, 0.0 ], [ 122.11137956609258, 0.492857746946766, 0.0 ], [ 122.111458954851258, 0.49318332712434, 0.0 ], [ 122.111503336520002, 0.493365340192957, 0.0 ], [ 122.111577674982755, 0.493947205266858, 0.0 ], [ 122.111713805983726, 0.494417626635828, 0.0 ], [ 122.111714029633703, 0.494850926674521, 0.0 ], [ 122.111738660375423, 0.495457556342264, 0.0 ], [ 122.111813040561259, 0.49571753915532, 0.0 ], [ 122.111986290679425, 0.495804208080512, 0.0 ], [ 122.11213484656426, 0.495754685644938, 0.0 ], [ 122.112506110189699, 0.495531831600386, 0.0 ], [ 122.112951784611425, 0.495346125849609, 0.0 ], [ 122.113422445975971, 0.495197562630282, 0.0 ], [ 122.113694582376496, 0.494974730322743, 0.0 ], [ 122.113942295098653, 0.49470238835501, 0.0 ], [ 122.114140342176412, 0.494145259285021, 0.0 ], [ 122.114350762005614, 0.493451979878694, 0.0 ], [ 122.114388093275252, 0.493350655620643, 0.0 ], [ 122.114697408826373, 0.492511113622944, 0.0 ], [ 122.115118462937332, 0.491632131437684, 0.0 ], [ 122.115536645484681, 0.491227015076871, 0.0 ], [ 122.115734657733057, 0.490930000601723, 0.0 ], [ 122.116141905673047, 0.490397458400808, 0.0 ], [ 122.116705863280771, 0.489739561604567, 0.0 ], [ 122.117050477094608, 0.489301006487101, 0.0 ], [ 122.117332185662022, 0.488893751934975, 0.0 ], [ 122.117144366667262, 0.488549158137745, 0.0 ], [ 122.116772295509733, 0.48851193435369, 0.0 ], [ 122.116481114427643, 0.488344787628785, 0.0 ], [ 122.116040553573001, 0.488089809460516, 0.0 ], [ 122.115553931105794, 0.48789277804178, 0.0 ], [ 122.115194489874526, 0.487904356668282, 0.0 ], [ 122.114823549452055, 0.487811654350016, 0.0 ], [ 122.114313626283206, 0.487568257080832, 0.0 ], [ 122.1138963757585, 0.487290065884886, 0.0 ], [ 122.113606595811348, 0.48715101337911, 0.0 ], [ 122.113212661428008, 0.486803282538366, 0.0 ], [ 122.112922907287157, 0.486467190828348, 0.0 ], [ 122.112853294657896, 0.486246963258834, 0.0 ], [ 122.112760647870061, 0.486084719795281, 0.0 ], [ 122.112575033104363, 0.486073104327582, 0.0 ], [ 122.112354870455448, 0.486119472327688, 0.0 ], [ 122.112088376422392, 0.486142653258996, 0.0 ], [ 122.111647799595715, 0.486015170876035, 0.0 ], [ 122.1110336998929, 0.485736989105971, 0.0 ], [ 122.110570116346949, 0.485458827305533, 0.0 ], [ 122.110362061512703, 0.485250949521747, 0.0 ], [ 122.110184310037383, 0.485236155336314, 0.0 ], [ 122.109932679646903, 0.485412486889496, 0.0 ], [ 122.109805175953795, 0.485528374534043, 0.0 ], [ 122.109503844785237, 0.485679046207581, 0.0 ], [ 122.108657704875981, 0.48609629597796, 0.0 ], [ 122.108008448529887, 0.48624695651525, 0.0 ], [ 122.107255314810047, 0.486223781242793, 0.0 ], [ 122.106942224680665, 0.486107870387213, 0.0 ], [ 122.106583065634879, 0.486119484016738, 0.0 ], [ 122.106200598824032, 0.486131058334065, 0.0 ], [ 122.105980413640793, 0.486351283117807, 0.0 ], [ 122.105644249800562, 0.486594672367362, 0.0 ], [ 122.10533111338944, 0.486838065535559, 0.0 ], [ 122.1047054425607, 0.487011909510153, 0.0 ], [ 122.104348521506836, 0.48708235786246, 0.0 ], [ 122.103998331902233, 0.487220548598914, 0.0 ], [ 122.10358103549396, 0.487301660584753, 0.0 ], [ 122.103187050606223, 0.487348040084549, 0.0 ], [ 122.102677100346867, 0.487324862314624, 0.0 ], [ 122.101958523210939, 0.487185786601367, 0.0 ], [ 122.101344139016845, 0.48695396615586, 0.0 ], [ 122.100858928924296, 0.486715661576679, 0.0 ], [ 122.100108128024175, 0.486051654998602, 0.0 ], [ 122.099754643031247, 0.485624564409574, 0.0 ], [ 122.0996179000457, 0.485537547125884, 0.0 ], [ 122.099257964470127, 0.485053174426068, 0.0 ], [ 122.098713293965346, 0.484276649660246, 0.0 ], [ 122.098411759762314, 0.483847799564989, 0.0 ], [ 122.0980062766331, 0.483789828050911, 0.0 ], [ 122.097542633117442, 0.483975283186692, 0.0 ], [ 122.096731354543607, 0.484102775297339, 0.0 ], [ 122.09623290441337, 0.484183912322704, 0.0 ], [ 122.095665073059251, 0.484427304791461, 0.0 ], [ 122.095214356967162, 0.484544349628306, 0.0 ], [ 122.094766458486546, 0.484583301003231, 0.0 ], [ 122.094538156685971, 0.484607970853305, 0.0 ], [ 122.09417001257593, 0.484615977820217, 0.0 ], [ 122.093818720180494, 0.484607803440111, 0.0 ], [ 122.09339386436028, 0.484526083743768, 0.0 ], [ 122.092879153425429, 0.484419863055078, 0.0 ], [ 122.092478715641334, 0.484436205252185, 0.0 ], [ 122.092029426689521, 0.484379005471806, 0.0 ], [ 122.091686011534364, 0.484256446960111, 0.0 ], [ 122.091432722824976, 0.484240122458716, 0.0 ], [ 122.090860753044467, 0.483937776842973, 0.0 ], [ 122.090256215024198, 0.483586449164823, 0.0 ], [ 122.089819871032589, 0.483323804731687, 0.0 ], [ 122.089442221278901, 0.483027986947286, 0.0 ], [ 122.088823072582045, 0.482743231740938, 0.0 ], [ 122.08763476724161, 0.482124258407372, 0.0 ], [ 122.087235481079972, 0.481932821432922, 0.0 ], [ 122.087145910441151, 0.481878320759969, 0.0 ], [ 122.086910896768543, 0.481693443623436, 0.0 ], [ 122.086581810733236, 0.481520215206758, 0.0 ], [ 122.086310296560484, 0.481306604419211, 0.0 ], [ 122.08606797650944, 0.481162257618388, 0.0 ], [ 122.085979535691834, 0.481058567782293, 0.0 ], [ 122.085752663909588, 0.480889735160365, 0.0 ], [ 122.085307629019312, 0.480522210705851, 0.0 ], [ 122.084853059139263, 0.480067651156472, 0.0 ], [ 122.084311443886435, 0.479564775367196, 0.0 ], [ 122.083963291495706, 0.479177899094933, 0.0 ], [ 122.083586214923514, 0.478800737258859, 0.0 ], [ 122.083122103271293, 0.47829783688285, 0.0 ], [ 122.08293286178818, 0.478116712211944, 0.0 ], [ 122.082829265954132, 0.477948108072494, 0.0 ], [ 122.082573198631863, 0.477715983162534, 0.0 ], [ 122.08231684689477, 0.477507816938009, 0.0 ], [ 122.082068640151263, 0.4772917011769, 0.0 ], [ 122.081812582445906, 0.476987490376172, 0.0 ], [ 122.081636539916559, 0.476803363355076, 0.0 ], [ 122.081508228754245, 0.476659279150331, 0.0 ], [ 122.08144422016764, 0.476539197559615, 0.0 ], [ 122.08141727963978, 0.47640968582681, 0.0 ], [ 122.081359195702305, 0.476084052383045, 0.0 ], [ 122.081405574916815, 0.475735181665131, 0.0 ], [ 122.081385372671519, 0.475614081035784, 0.0 ], [ 122.081227000510353, 0.47558239833541, 0.0 ], [ 122.080972858371723, 0.475660563596163, 0.0 ], [ 122.080849575046756, 0.475718605165314, 0.0 ], [ 122.080565671908602, 0.475760900285608, 0.0 ], [ 122.079203972669006, 0.476181821223624, 0.0 ], [ 122.077941109489828, 0.476677033550503, 0.0 ], [ 122.076876499955603, 0.47714746488519, 0.0 ], [ 122.076467491818832, 0.477243067172077, 0.0 ], [ 122.075923124771037, 0.477370308490714, 0.0 ], [ 122.075229797596251, 0.47744459819861, 0.0 ], [ 122.074425277835388, 0.477469330759943, 0.0 ], [ 122.073508960713482, 0.477754088624875, 0.0 ], [ 122.072072846011395, 0.478199767389613, 0.0 ], [ 122.071705526818818, 0.478361204967496, 0.0 ], [ 122.070927099982669, 0.478553117072904, 0.0 ], [ 122.069676342604112, 0.47882673226332, 0.0 ], [ 122.068601379436302, 0.479041712531218, 0.0 ], [ 122.067546088944425, 0.479139449578474, 0.0 ], [ 122.067081071796963, 0.47913083456808, 0.0 ], [ 122.066106661141959, 0.479179147297452, 0.0 ], [ 122.065078338716702, 0.479204554072447, 0.0 ], [ 122.064334319999134, 0.479204553135508, 0.0 ], [ 122.06378353379813, 0.47920455244184, 0.0 ], [ 122.062666211059977, 0.4791156700563, 0.0 ], [ 122.062082144726901, 0.479014103345614, 0.0 ], [ 122.061358526170807, 0.478849088944892, 0.0 ], [ 122.060969908030387, 0.478704651718269, 0.0 ], [ 122.058959365116095, 0.478417443476013, 0.0 ], [ 122.057207448964832, 0.478112744867802, 0.0 ], [ 122.055315673691069, 0.477947710736552, 0.0 ], [ 122.053855793694353, 0.477681108126519, 0.0 ], [ 122.052154694795277, 0.477465321677277, 0.0 ], [ 122.051368723198138, 0.477419522708038, 0.0 ], [ 122.050324717028005, 0.477176406876305, 0.0 ], [ 122.049756095052459, 0.477088941126728, 0.0 ], [ 122.048692428830776, 0.476876175651357, 0.0 ], [ 122.048568879024657, 0.476839197197724, 0.0 ], [ 122.047722302976283, 0.476437802023381, 0.0 ], [ 122.046599406286958, 0.476084036629602, 0.0 ], [ 122.045230531017467, 0.475684159193638, 0.0 ], [ 122.043877125668956, 0.475099723949705, 0.0 ], [ 122.042739081801912, 0.474638288012068, 0.0 ], [ 122.04202222948787, 0.474312425003935, 0.0 ], [ 122.041675230113128, 0.474114704012444, 0.0 ], [ 122.041293876237006, 0.473897407340411, 0.0 ], [ 122.040790987049377, 0.473645956001727, 0.0 ], [ 122.040326855044015, 0.473355817627956, 0.0 ], [ 122.039524080630486, 0.47299799987555, 0.0 ], [ 122.038673029711063, 0.472485437580187, 0.0 ], [ 122.038327393275594, 0.472227083045622, 0.0 ], [ 122.037593414299323, 0.471892136851019, 0.0 ], [ 122.036615731643693, 0.471295457368929, 0.0 ], [ 122.035105065787292, 0.470813052039291, 0.0 ], [ 122.033721312255707, 0.470419498826695, 0.0 ], [ 122.033307142085633, 0.470293433663231, 0.0 ], [ 122.033099359126709, 0.470203685821362, 0.0 ], [ 122.032198046897761, 0.469683203196895, 0.0 ], [ 122.030928348083847, 0.468946871594182, 0.0 ], [ 122.029963597678957, 0.468261325605849, 0.0 ], [ 122.029252662930375, 0.467804298244471, 0.0 ], [ 122.02852908371419, 0.467410766615588, 0.0 ], [ 122.027615094641845, 0.467194949113674, 0.0 ], [ 122.026980202966797, 0.467144153606851, 0.0 ], [ 122.026320021456982, 0.467220351363755, 0.0 ], [ 122.025837575657761, 0.467398059195405, 0.0 ], [ 122.025177390550553, 0.467499628625338, 0.0 ], [ 122.024568295028615, 0.46772813106453, 0.0 ], [ 122.02370480198897, 0.467867799373005, 0.0 ], [ 122.023064851627467, 0.467858910474054, 0.0 ], [ 122.022721142439067, 0.467896601060262, 0.0 ], [ 122.022549575178232, 0.467862300918069, 0.0 ], [ 122.021936024414885, 0.467819989615252, 0.0 ], [ 122.020665668196699, 0.467819986917321, 0.0 ], [ 122.019553666400014, 0.46795234014028, 0.0 ], [ 122.018839020149485, 0.467952345536319, 0.0 ], [ 122.016986045349128, 0.467608231652976, 0.0 ], [ 122.016137486451044, 0.467398252549537, 0.0 ], [ 122.015842929708143, 0.467353758592219, 0.0 ], [ 122.015217606819562, 0.467163882034187, 0.0 ], [ 122.014580765414252, 0.467018667606771, 0.0 ], [ 122.013966682252345, 0.46677296293585, 0.0 ], [ 122.013240577739822, 0.466393176544892, 0.0 ], [ 122.01270429042998, 0.466058118834427, 0.0 ], [ 122.011855492312321, 0.465566654633891, 0.0 ], [ 122.011420023498502, 0.465153412564083, 0.0 ], [ 122.010939644341335, 0.464617265548588, 0.0 ], [ 122.010727395349278, 0.464349213624553, 0.0 ], [ 122.010526353708158, 0.464248691904716, 0.0 ], [ 122.010090840827729, 0.46415933706652, 0.0 ], [ 122.009543543118269, 0.464259860584919, 0.0 ], [ 122.009029648927068, 0.46443858644916, 0.0 ], [ 122.008359627035588, 0.464628456711961, 0.0 ], [ 122.008355216028562, 0.464628456682652, 0.0 ], [ 122.008168299989023, 0.464628455857711, 0.0 ], [ 122.008102692122421, 0.464628455639397, 0.0 ], [ 122.007555408212056, 0.464628448822539, 0.0 ], [ 122.007086197526192, 0.464550255379085, 0.0 ], [ 122.006773683429998, 0.46441621818583, 0.0 ], [ 122.00641623850602, 0.464293376233042, 0.0 ], [ 122.005942282370171, 0.464017831429801, 0.0 ], [ 122.005701384002776, 0.463801932356515, 0.0 ], [ 122.005343968176163, 0.463478030070723, 0.0 ], [ 122.005131697159399, 0.463366338844677, 0.0 ], [ 122.004964045234601, 0.4634556790218, 0.0 ], [ 122.004874720461785, 0.463667893049839, 0.0 ], [ 122.004729514894478, 0.463891264548914, 0.0 ], [ 122.004506265652282, 0.463969465782225, 0.0 ], [ 122.004092927763296, 0.463947110806399, 0.0 ], [ 122.00364619833411, 0.46375725933772, 0.0 ], [ 122.003333415876668, 0.463533858332114, 0.0 ], [ 122.002730293376018, 0.463243455543986, 0.0 ], [ 122.002372880204604, 0.46289722087665, 0.0 ], [ 122.001736116280611, 0.462215894676569, 0.0 ], [ 122.001278215966153, 0.461590424510953, 0.0 ], [ 122.000818361902077, 0.460876791743674, 0.0 ], [ 122.000449729999914, 0.460435997927648, 0.0 ], [ 122.00037758065946, 0.460319062871876, 0.0 ], [ 122.0002787822405, 0.460004243621918, 0.0 ], [ 122.00014374491154, 0.45979733440709, 0.0 ], [ 122.000107852323708, 0.45943750612472, 0.0 ], [ 121.999900926874304, 0.459257618739554, 0.0 ], [ 121.999676010478225, 0.459212640591326, 0.0 ], [ 121.99949601201692, 0.459248622512857, 0.0 ], [ 121.999343247129431, 0.459311568721458, 0.0 ], [ 121.999181205325186, 0.459446492890984, 0.0 ], [ 121.998983500897964, 0.45959042174613, 0.0 ], [ 121.99874958101779, 0.459680388378052, 0.0 ], [ 121.998407564598423, 0.459680375371478, 0.0 ], [ 121.997921787816864, 0.459608434252905, 0.0 ], [ 121.99754410547591, 0.459635412800034, 0.0 ], [ 121.997148181560647, 0.459590445692219, 0.0 ], [ 121.996887333712351, 0.459473483164467, 0.0 ], [ 121.996734588986953, 0.459392543177576, 0.0 ], [ 121.996482704593348, 0.4594285139133, 0.0 ], [ 121.996329663224174, 0.459464499519173, 0.0 ], [ 121.996158933430848, 0.459482496632928, 0.0 ], [ 121.995994384833608, 0.459475017715265, 0.0 ], [ 121.995349094629049, 0.459536481079263, 0.0 ], [ 121.994809395691775, 0.459527464573321, 0.0 ], [ 121.994251743169741, 0.45939254458152, 0.0 ], [ 121.993621943269773, 0.459122668488758, 0.0 ], [ 121.993091249159704, 0.458978742625708, 0.0 ], [ 121.992488653706516, 0.458951766443886, 0.0 ], [ 121.992065750899428, 0.459068702493796, 0.0 ], [ 121.991571239270101, 0.459221635513023, 0.0 ], [ 121.991148346635683, 0.459266592340972, 0.0 ], [ 121.990617612591322, 0.459410544734444, 0.0 ], [ 121.989988010152331, 0.459743351260248, 0.0 ], [ 121.989403330817254, 0.460112170271402, 0.0 ], [ 121.989208441576423, 0.460207619138524, 0.0 ], [ 121.988944454068303, 0.460454011414972, 0.0 ], [ 121.988629642908407, 0.460687887723247, 0.0 ], [ 121.988206731494785, 0.460867790694701, 0.0 ], [ 121.987847013432159, 0.460957738579574, 0.0 ], [ 121.987460075060142, 0.460921782795624, 0.0 ], [ 121.98706444290795, 0.460804836139887, 0.0 ], [ 121.986713464921635, 0.460642914322688, 0.0 ], [ 121.986299880326357, 0.460400029244594, 0.0 ], [ 121.985957907114823, 0.460103162299878, 0.0 ], [ 121.985472185646188, 0.459653413935461, 0.0 ], [ 121.985148474254444, 0.459284606934433, 0.0 ], [ 121.984869404267954, 0.458960752627328, 0.0 ], [ 121.984599606230177, 0.458600928756629, 0.0 ], [ 121.984383734906245, 0.458142172446889, 0.0 ], [ 121.98409598084362, 0.457674396248846, 0.0 ], [ 121.983960968582963, 0.457296605835759, 0.0 ], [ 121.98388884508681, 0.456999742479373, 0.0 ], [ 121.983861914801338, 0.456810835430348, 0.0 ], [ 121.983879925178087, 0.456531969926325, 0.0 ], [ 121.983969829225757, 0.456190148106587, 0.0 ], [ 121.984032789015671, 0.455758357581563, 0.0 ], [ 121.983969937641788, 0.455416548419522, 0.0 ], [ 121.983745071634374, 0.455020724175652, 0.0 ], [ 121.983214412194698, 0.454642913103091, 0.0 ], [ 121.982809547509007, 0.454292116446657, 0.0 ], [ 121.982327756294794, 0.453850991358022, 0.0 ], [ 121.982297799505204, 0.453806303218433, 0.0 ], [ 121.979640869221072, 0.462119533494425, 0.0 ], [ 121.979635117701633, 0.462135878318585, 0.0 ], [ 121.979537117943465, 0.464102950736604, 0.0 ], [ 121.979781315373558, 0.464791496593912, 0.0 ], [ 121.980367296095807, 0.465135819378952, 0.0 ], [ 121.981197882282487, 0.465283465527415, 0.0 ], [ 121.982419041002231, 0.465578693839079, 0.0 ], [ 121.985398678804501, 0.467103639576587, 0.0 ], [ 121.989745996735564, 0.469366414466003, 0.0 ], [ 121.990024718228739, 0.470161716172627, 0.0 ], [ 121.990126090672334, 0.470139716906219, 0.0 ], [ 121.990448078616197, 0.470774319106164, 0.0 ], [ 121.990630547828374, 0.471133707989617, 0.0 ], [ 121.991306670352486, 0.471463027720746, 0.0 ], [ 121.9914554937627, 0.47147266069019, 0.0 ], [ 121.992439974856495, 0.471536302161661, 0.0 ], [ 121.993564013405233, 0.471609009750411, 0.0 ], [ 121.994217104832302, 0.471980799587017, 0.0 ], [ 121.994954149309663, 0.472400340092997, 0.0 ], [ 121.995482575243429, 0.472701016777259, 0.0 ], [ 121.996081531916303, 0.472658206576186, 0.0 ], [ 121.997441707609624, 0.472862326126248, 0.0 ], [ 121.997875785859776, 0.473153731277102, 0.0 ], [ 121.998165280329417, 0.473241158324748, 0.0 ], [ 121.998570448608604, 0.473445174373958, 0.0 ], [ 121.998830710454456, 0.473736554350994, 0.0 ], [ 121.999241740013034, 0.474189016050035, 0.0 ], [ 121.998750305153209, 0.474403926379922, 0.0 ], [ 121.997557538554815, 0.475789014049192, 0.0 ], [ 121.996936022804405, 0.476483938820608, 0.0 ], [ 121.996873393866281, 0.476553964855623, 0.0 ], [ 121.996873416937689, 0.476553987832533, 0.0 ], [ 121.996873455934576, 0.476554026669555, 0.0 ], [ 121.997631450632881, 0.477308915054779, 0.0 ], [ 121.996739015778601, 0.479554184168877, 0.0 ], [ 121.998204542411543, 0.481350721149391, 0.0 ], [ 121.997832194949609, 0.485205532928327, 0.0 ], [ 121.998012506038776, 0.48686795863742, 0.0 ], [ 122.002600067182101, 0.492000970384092, 0.0 ], [ 122.00406585125603, 0.49206536039386, 0.0 ], [ 122.005924295897586, 0.491477688923263, 0.0 ], [ 122.006296378101041, 0.491360006234868, 0.0 ], [ 122.007570954890753, 0.491296027665759, 0.0 ], [ 122.009482752546404, 0.490718927323579, 0.0 ], [ 122.010311272751025, 0.491617214233235, 0.0 ], [ 122.012358389593729, 0.495052154939061, 0.0 ], [ 122.014201692185722, 0.498145194993098, 0.0 ], [ 122.014208429906404, 0.498159330536767, 0.0 ], [ 122.014294048061558, 0.498339096017135, 0.0 ], [ 122.015218167996437, 0.500278922842527, 0.0 ], [ 122.015228555165876, 0.500300620785081, 0.0 ], [ 122.016322784560614, 0.502626906071528, 0.0 ], [ 122.016079222074694, 0.505197866305122, 0.0 ], [ 122.014984293007473, 0.507523818842363, 0.0 ], [ 122.014619304960576, 0.508992882960983, 0.0 ], [ 122.015835211726511, 0.510707033016926, 0.0 ], [ 122.016685940688632, 0.513278161423818, 0.0 ], [ 122.015834199089866, 0.517318112031643, 0.0 ], [ 122.016928552591025, 0.518787439651573, 0.0 ], [ 122.016441822421697, 0.519399485849119, 0.0 ], [ 122.018393552673416, 0.522187716889126, 0.0 ], [ 122.020166249492803, 0.522391706507745, 0.0 ], [ 122.020227340438254, 0.523194263285313, 0.0 ], [ 122.02019913769945, 0.523985287157229, 0.0 ], [ 122.02057455608329, 0.52410888008441, 0.0 ], [ 122.021250678975463, 0.524487115144838, 0.0 ], [ 122.021453719809287, 0.524367429771848, 0.0 ], [ 122.022404345462419, 0.523750225962453, 0.0 ], [ 122.02360005255629, 0.523534334716151, 0.0 ], [ 122.025010519549355, 0.52368890299193, 0.0 ], [ 122.025470390567065, 0.524275445316062, 0.0 ], [ 122.025439705699441, 0.524769294518661, 0.0 ], [ 122.025102376301433, 0.525294014748505, 0.0 ], [ 122.025010190397538, 0.525818738575649, 0.0 ], [ 122.02562335715038, 0.526559616251214, 0.0 ], [ 122.02648164941067, 0.527424031995265, 0.0 ], [ 122.026788175230507, 0.528164897979559, 0.0 ], [ 122.026665637208112, 0.528843964352647, 0.0 ], [ 122.025622885905562, 0.529584616298377, 0.0 ], [ 122.025132229296261, 0.53014015989155, 0.0 ], [ 122.024181538891995, 0.531158601620189, 0.0 ], [ 122.023782618525473, 0.532269745463702, 0.0 ], [ 122.023690517157874, 0.53402917458512, 0.0 ], [ 122.023567693150994, 0.534739087703899, 0.0 ], [ 122.022954356426311, 0.535078532307258, 0.0 ], [ 122.02175858368193, 0.535695692949227, 0.0 ], [ 122.021635797446606, 0.536158679218372, 0.0 ], [ 122.02166635640927, 0.536467342726636, 0.0 ], [ 122.022739511990821, 0.537023136331287, 0.0 ], [ 122.024517720754972, 0.537918550806297, 0.0 ], [ 122.025498770472339, 0.53848977228033, 0.0 ], [ 122.026786548356853, 0.538520827668636, 0.0 ], [ 122.027553128656081, 0.538675297918382, 0.0 ], [ 122.027798461007677, 0.539261806967621, 0.0 ], [ 122.027828956118384, 0.539971746166694, 0.0 ], [ 122.028073993492413, 0.540650870995689, 0.0 ], [ 122.0283805912579, 0.540928731825145, 0.0 ], [ 122.029055090873882, 0.540928840643077, 0.0 ], [ 122.029576551061268, 0.540928924280086, 0.0 ], [ 122.030220399084428, 0.541206839068779, 0.0 ], [ 122.030273179395039, 0.541284550384739, 0.0 ], [ 122.032432513640586, 0.538224132337932, 0.0 ], [ 122.034045706704873, 0.52406861833643, 0.0 ] ], [ [ 122.076566369415076, 0.484294815330281, 0.0 ], [ 122.076568127094134, 0.483655880482496, 0.0 ], [ 122.076577398959373, 0.484246714476492, 0.0 ], [ 122.076566369415076, 0.484294815330281, 0.0 ] ] ] ] } },
{ "type": "Feature", "properties": { "KEC_NO": "051", "KECAMATAN": "DENGILO" }, "geometry": { "type": "MultiPolygon", "coordinates": [ [ [ [ 122.097588236382776, 0.904157864063153, 0.0 ], [ 122.09906351391723, 0.902822015617426, 0.0 ], [ 122.101347236090646, 0.90181231080229, 0.0 ], [ 122.101563624662049, 0.872099220869797, 0.0 ], [ 122.103083218987535, 0.854099812959434, 0.0 ], [ 122.10308434763671, 0.849218551989166, 0.0 ], [ 122.102176348049014, 0.844642105428876, 0.0 ], [ 122.101571567474238, 0.837930197126217, 0.0 ], [ 122.100529678621541, 0.834256433361639, 0.0 ], [ 122.10064334393283, 0.832092021543866, 0.0 ], [ 122.105811309665427, 0.798451990709141, 0.0 ], [ 122.108028496397779, 0.771737370824015, 0.0 ], [ 122.109020706701557, 0.7660842019708, 0.0 ], [ 122.109022130328299, 0.759162306470999, 0.0 ], [ 122.109387157046214, 0.751114870780638, 0.0 ], [ 122.110480252395732, 0.736483146878823, 0.0 ], [ 122.113028028107465, 0.715633138147113, 0.0 ], [ 122.115211324788518, 0.699904245866216, 0.0 ], [ 122.11812037164934, 0.689296618424188, 0.0 ], [ 122.121756062615759, 0.677591754254551, 0.0 ], [ 122.125754657000698, 0.669910668184607, 0.0 ], [ 122.126845325080282, 0.666984474850123, 0.0 ], [ 122.127212698129242, 0.643939159890942, 0.0 ], [ 122.126398310770355, 0.639015954541237, 0.0 ], [ 122.126606360827893, 0.63255838530039, 0.0 ], [ 122.127021403340336, 0.601609621503689, 0.0 ], [ 122.127242665337945, 0.569801318986344, 0.0 ], [ 122.127440489204659, 0.54136252160462, 0.0 ], [ 122.126619872242017, 0.535935997191332, 0.0 ], [ 122.12466104184297, 0.522983402846426, 0.0 ], [ 122.105999569242428, 0.522928103534807, 0.0 ], [ 122.106004907617944, 0.522911672921315, 0.0 ], [ 122.105526393654742, 0.522967011803059, 0.0 ], [ 122.104958027528127, 0.522973644303119, 0.0 ], [ 122.104364113461315, 0.522935360164327, 0.0 ], [ 122.102443068976498, 0.522962893807514, 0.0 ], [ 122.099207830821257, 0.522927691645351, 0.0 ], [ 122.097680775720136, 0.522910084718679, 0.0 ], [ 122.095899305115054, 0.522886222107859, 0.0 ], [ 122.09551683964375, 0.522881113059474, 0.0 ], [ 122.094970381901149, 0.522860539269425, 0.0 ], [ 122.09309965538327, 0.522553333562152, 0.0 ], [ 122.093088423750487, 0.522551565495037, 0.0 ], [ 122.092030048526325, 0.522514660916266, 0.0 ], [ 122.091335602847224, 0.52249357001604, 0.0 ], [ 122.081669270592243, 0.522199746220524, 0.0 ], [ 122.069207322964104, 0.523099825479027, 0.0 ], [ 122.034383220463866, 0.522342508196809, 0.0 ], [ 122.034045706704873, 0.52406861833643, 0.0 ], [ 122.032432513640586, 0.538224132337932, 0.0 ], [ 122.030273179395039, 0.541284550384739, 0.0 ], [ 122.03061877266309, 0.541793374198311, 0.0 ], [ 122.030557492859998, 0.542194639097308, 0.0 ], [ 122.029882923097006, 0.542626653615156, 0.0 ], [ 122.028993575448325, 0.542811705310457, 0.0 ], [ 122.028748356411256, 0.543274707767453, 0.0 ], [ 122.028932238088686, 0.543567955097428, 0.0 ], [ 122.029545492975032, 0.543753249609695, 0.0 ], [ 122.030771757232813, 0.54390779540248, 0.0 ], [ 122.031139837148871, 0.544278246830769, 0.0 ], [ 122.031170380823042, 0.544679527018159, 0.0 ], [ 122.030802162411277, 0.545173357334976, 0.0 ], [ 122.03040356310278, 0.546006691610427, 0.0 ], [ 122.030372895322287, 0.546377112461664, 0.0 ], [ 122.030679512873022, 0.546531474792759, 0.0 ], [ 122.031292516848424, 0.54653157461753, 0.0 ], [ 122.031537868985168, 0.546994621141232, 0.0 ], [ 122.031598971621889, 0.547704600809799, 0.0 ], [ 122.031813640689478, 0.548630649790498, 0.0 ], [ 122.032273570163184, 0.548846804538287, 0.0 ], [ 122.033070790363794, 0.548816050422766, 0.0 ], [ 122.033837131443278, 0.548723559648705, 0.0 ], [ 122.034051885047248, 0.549124870413058, 0.0 ], [ 122.034051805906898, 0.549618760984431, 0.0 ], [ 122.033714461220498, 0.5502051774035, 0.0 ], [ 122.033438321693438, 0.550853334977778, 0.0 ], [ 122.033438241653812, 0.551347226448522, 0.0 ], [ 122.033622142216942, 0.551532452612351, 0.0 ], [ 122.03432725745256, 0.551501719181262, 0.0 ], [ 122.034726015041741, 0.551440016696895, 0.0 ], [ 122.035063246413628, 0.551563570953144, 0.0 ], [ 122.035553685387072, 0.552397050918722, 0.0 ], [ 122.035584246148275, 0.552690309040597, 0.0 ], [ 122.035982955173978, 0.552937302440019, 0.0 ], [ 122.036381422282176, 0.552937367191157, 0.0 ], [ 122.037209612435532, 0.552412762973935, 0.0 ], [ 122.037608084939592, 0.552381944107276, 0.0 ], [ 122.038068020708351, 0.55256721523718, 0.0 ], [ 122.038527632721326, 0.554758865720588, 0.0 ], [ 122.039109751280463, 0.55648752903548, 0.0 ], [ 122.039508455809496, 0.55676540695198, 0.0 ], [ 122.03999902518467, 0.556796370609484, 0.0 ], [ 122.040275135034136, 0.556333407722702, 0.0 ], [ 122.040305902639403, 0.555345664351429, 0.0 ], [ 122.040459308991103, 0.554820913544622, 0.0 ], [ 122.040735329807632, 0.554913574290631, 0.0 ], [ 122.041011050250631, 0.55512969936065, 0.0 ], [ 122.041624109084736, 0.556549673086985, 0.0 ], [ 122.041838617173894, 0.556734939720309, 0.0 ], [ 122.042421257339697, 0.556981963696605, 0.0 ], [ 122.042789098036081, 0.557105488275349, 0.0 ], [ 122.042819932191222, 0.55744503719997, 0.0 ], [ 122.041685311546232, 0.558370868544804, 0.0 ], [ 122.041439778645824, 0.559019032414402, 0.0 ], [ 122.041378467366386, 0.559605494698827, 0.0 ], [ 122.041500830021064, 0.560037675591145, 0.0 ], [ 122.041960736112145, 0.560408143207284, 0.0 ], [ 122.042390008597167, 0.560932955167929, 0.0 ], [ 122.042482044314255, 0.561365129765105, 0.0 ], [ 122.042604388982426, 0.561905332722938, 0.0 ], [ 122.042267026309702, 0.562584329848308, 0.0 ], [ 122.041837531692138, 0.563417695600003, 0.0 ], [ 122.041622867121049, 0.56418932918965, 0.0 ], [ 122.04159208692532, 0.565238804722882, 0.0 ], [ 122.041346482079078, 0.566319128800456, 0.0 ], [ 122.040763995697375, 0.566843771688612, 0.0 ], [ 122.039966588437693, 0.567985735297975, 0.0 ], [ 122.039721042946809, 0.568695630430253, 0.0 ], [ 122.039751569533678, 0.569189527296947, 0.0 ], [ 122.040180871696293, 0.569529142771445, 0.0 ], [ 122.040794023160558, 0.570362646119386, 0.0 ], [ 122.040732799115432, 0.57040892613041, 0.0 ], [ 122.040726893267717, 0.57046277753348, 0.0 ], [ 122.040671209945586, 0.570964539870582, 0.0 ], [ 122.040242049875971, 0.571458360294778, 0.0 ], [ 122.039843238327379, 0.571828684918633, 0.0 ], [ 122.039413792273464, 0.572353352987891, 0.0 ], [ 122.039475151216806, 0.573186798779206, 0.0 ], [ 122.039720236254851, 0.573557233120363, 0.0 ], [ 122.040333464161534, 0.573927728615357, 0.0 ], [ 122.040823967886098, 0.57435997156106, 0.0 ], [ 122.040885263877044, 0.575563810324668, 0.0 ], [ 122.04122203659459, 0.578434532577114, 0.0 ], [ 122.041191012682617, 0.579237044388607, 0.0 ], [ 122.040731198322163, 0.57999322852507, 0.0 ], [ 122.040332395766995, 0.580301820986877, 0.0 ], [ 122.039780545689453, 0.580641270086816, 0.0 ], [ 122.039289938542908, 0.580826382936132, 0.0 ], [ 122.039044390353837, 0.581536312242674, 0.0 ], [ 122.03922814342819, 0.58258582374882, 0.0 ], [ 122.039350601410973, 0.584098333215292, 0.0 ], [ 122.039626386605207, 0.585580020217895, 0.0 ], [ 122.039717911507438, 0.587339452936612, 0.0 ], [ 122.03953384367037, 0.588141972842075, 0.0 ], [ 122.038920443993192, 0.588774663876128, 0.0 ], [ 122.038368550748217, 0.589361040724982, 0.0 ], [ 122.038429714538779, 0.589669711427847, 0.0 ], [ 122.039135021330068, 0.590194573750517, 0.0 ], [ 122.039656021064715, 0.591275028229736, 0.0 ], [ 122.039594395922038, 0.592015837556774, 0.0 ], [ 122.038950347350053, 0.592880009584666, 0.0 ], [ 122.038643827825439, 0.593775087713259, 0.0 ], [ 122.038459439829808, 0.594793651749752, 0.0 ], [ 122.037693013314765, 0.595333734198471, 0.0 ], [ 122.037048941360325, 0.596321332778897, 0.0 ], [ 122.036588908464722, 0.596691714959378, 0.0 ], [ 122.035515590105916, 0.597031033657673, 0.0 ], [ 122.035239450578842, 0.597617491445516, 0.0 ], [ 122.035055319789208, 0.598759518007456, 0.0 ], [ 122.034350165882657, 0.598975437132791, 0.0 ], [ 122.033890213926043, 0.598882775487501, 0.0 ], [ 122.033399658940084, 0.598759223929095, 0.0 ], [ 122.032909076974448, 0.598790021212041, 0.0 ], [ 122.032449000911328, 0.599407258296329, 0.0 ], [ 122.032172817317473, 0.600240642933718, 0.0 ], [ 122.031651436270423, 0.601351794871112, 0.0 ], [ 122.030751548567494, 0.602314467842139, 0.0 ], [ 122.031142915528193, 0.602785778236052, 0.0 ], [ 122.031280167358275, 0.603152731301586, 0.0 ], [ 122.031699919620294, 0.60349485858258, 0.0 ], [ 122.031860138336455, 0.604195033842396, 0.0 ], [ 122.031661785668206, 0.604759666883163, 0.0 ], [ 122.031592973143916, 0.604840573490177, 0.0 ], [ 122.031501572348176, 0.6056114462534, 0.0 ], [ 122.031249566127755, 0.606279815191017, 0.0 ], [ 122.030997889958513, 0.606672352169672, 0.0 ], [ 122.030463891423167, 0.60766448962835, 0.0 ], [ 122.030090020772633, 0.60828781872007, 0.0 ], [ 122.030059387166233, 0.608425976167508, 0.0 ], [ 122.029891603353263, 0.609208778437357, 0.0 ], [ 122.029738984807636, 0.609979992043667, 0.0 ], [ 122.029823100195713, 0.610692167856568, 0.0 ], [ 122.029823040840341, 0.611025526747726, 0.0 ], [ 122.029830488126066, 0.611772741945619, 0.0 ], [ 122.029495023922095, 0.612752122521369, 0.0 ], [ 122.029441525053201, 0.613557206393826, 0.0 ], [ 122.029479542992675, 0.614511071404892, 0.0 ], [ 122.028266507761913, 0.61568018464702, 0.0 ], [ 122.027923347159941, 0.615728462052205, 0.0 ], [ 122.027350943077408, 0.616341504698541, 0.0 ], [ 122.027259650200236, 0.616503044518728, 0.0 ], [ 122.027167837514952, 0.6179751204668, 0.0 ], [ 122.027160461275699, 0.618389044222693, 0.0 ], [ 122.027160385732572, 0.618802897831409, 0.0 ], [ 122.02710698129259, 0.619079144377758, 0.0 ], [ 122.026992615409426, 0.619493754316318, 0.0 ], [ 122.026893437276698, 0.619781794571787, 0.0 ], [ 122.026969674603805, 0.62056308508132, 0.0 ], [ 122.027145001929981, 0.621550473220393, 0.0 ], [ 122.027251902541011, 0.622032616847461, 0.0 ], [ 122.027320653012197, 0.622296517500968, 0.0 ], [ 122.027671455153396, 0.623455318217418, 0.0 ], [ 122.028205433004217, 0.624141570173568, 0.0 ], [ 122.029067653503219, 0.624975022260203, 0.0 ], [ 122.029968049323074, 0.625888764018904, 0.0 ], [ 122.030379944208477, 0.626196333951538, 0.0 ], [ 122.030731033233351, 0.627320718513262, 0.0 ], [ 122.031547140995258, 0.628476356314182, 0.0 ], [ 122.032005072175338, 0.628875666986354, 0.0 ], [ 122.032180470548056, 0.629472241247723, 0.0 ], [ 122.032294889491169, 0.63029926498042, 0.0 ], [ 122.032424669753794, 0.631574352531876, 0.0 ], [ 122.032989263224536, 0.63222591224135, 0.0 ], [ 122.033118979635475, 0.632328551864551, 0.0 ], [ 122.033263862212976, 0.632419533576316, 0.0 ], [ 122.03346233988691, 0.632727983045926, 0.0 ], [ 122.033637788621562, 0.633048725348333, 0.0 ], [ 122.033744476093219, 0.633163021983689, 0.0 ], [ 122.034202390186081, 0.633654277541522, 0.0 ], [ 122.034835537176477, 0.634121397094782, 0.0 ], [ 122.036246951155675, 0.635376584448392, 0.0 ], [ 122.037131942488514, 0.636083470449149, 0.0 ], [ 122.037757482113776, 0.636688610752793, 0.0 ], [ 122.038581570459343, 0.637223469939245, 0.0 ], [ 122.039275922608979, 0.637759223951066, 0.0 ], [ 122.040374341944997, 0.638418659023658, 0.0 ], [ 122.041740082955684, 0.63915687380665, 0.0 ], [ 122.042098646246117, 0.639349946555105, 0.0 ], [ 122.042335346904935, 0.639486246902647, 0.0 ], [ 122.043334675342521, 0.639962481983884, 0.0 ], [ 122.044593630855346, 0.641115240155647, 0.0 ], [ 122.045371658624575, 0.643213854875783, 0.0 ], [ 122.045051140253349, 0.645308164541296, 0.0 ], [ 122.044921532660524, 0.646125251664857, 0.0 ], [ 122.044822479533579, 0.647229485117888, 0.0 ], [ 122.044654489775738, 0.647563944779188, 0.0 ], [ 122.043632331149112, 0.649030762391449, 0.0 ], [ 122.042747300246234, 0.650013714174884, 0.0 ], [ 122.041236576833199, 0.651196335233921, 0.0 ], [ 122.039947210745964, 0.651975105843165, 0.0 ], [ 122.038932464331424, 0.652843965137366, 0.0 ], [ 122.038200199462949, 0.653803055209349, 0.0 ], [ 122.037704090264157, 0.654806431495407, 0.0 ], [ 122.036895320070684, 0.656409681655327, 0.0 ], [ 122.036284987081558, 0.657057483997496, 0.0 ], [ 122.035567892876472, 0.657970426258929, 0.0 ], [ 122.034682799020928, 0.659263762852928, 0.0 ], [ 122.033835999196896, 0.66001667795386, 0.0 ], [ 122.032775518659818, 0.660667500219362, 0.0 ], [ 122.03259239870826, 0.660818065612849, 0.0 ], [ 122.032157611580715, 0.661269291447768, 0.0 ], [ 122.031936256053655, 0.661650169615706, 0.0 ], [ 122.031692136887528, 0.662123057420354, 0.0 ], [ 122.031943846331657, 0.663052584079375, 0.0 ], [ 122.03255435019183, 0.664428049459102, 0.0 ], [ 122.032767927482624, 0.665058909473552, 0.0 ], [ 122.032920614376764, 0.665448765573222, 0.0 ], [ 122.033393554342183, 0.666641164960717, 0.0 ], [ 122.033920087605225, 0.668051738973156, 0.0 ], [ 122.034118253214388, 0.668510227732825, 0.0 ], [ 122.034255719982482, 0.669187503555805, 0.0 ], [ 122.034659985019758, 0.671173677841201, 0.0 ], [ 122.034812513633142, 0.672368205024591, 0.0 ], [ 122.0351482997945, 0.674147862596568, 0.0 ], [ 122.03561384643352, 0.675800124008434, 0.0 ], [ 122.035613798769418, 0.676041539812581, 0.0 ], [ 122.03666659909625, 0.677345153858803, 0.0 ], [ 122.037429418430619, 0.678133299000931, 0.0 ], [ 122.037543880541335, 0.67869587079568, 0.0 ], [ 122.037475318028342, 0.678914728006079, 0.0 ], [ 122.037414317015219, 0.679236980270152, 0.0 ], [ 122.037170224828657, 0.679560468202771, 0.0 ], [ 122.036971637437418, 0.679814776687619, 0.0 ], [ 122.03697160596117, 0.679975696874839, 0.0 ], [ 122.036758204038193, 0.681299057334898, 0.0 ], [ 122.036559843276066, 0.681829198677901, 0.0 ], [ 122.036346084322332, 0.682118062712371, 0.0 ], [ 122.036117194275334, 0.682246003861601, 0.0 ], [ 122.035651744763157, 0.682938847848229, 0.0 ], [ 122.035148389726743, 0.683608858048527, 0.0 ], [ 122.034911867133673, 0.683989872913342, 0.0 ], [ 122.034514943262124, 0.684647748561433, 0.0 ], [ 122.034591256132373, 0.684992148429257, 0.0 ], [ 122.034606558096598, 0.685704737030983, 0.0 ], [ 122.034629444043603, 0.686405807116257, 0.0 ], [ 122.03473635724518, 0.686796008555594, 0.0 ], [ 122.034797362754986, 0.687853202070547, 0.0 ], [ 122.034980488102491, 0.689082083355456, 0.0 ], [ 122.035140793153602, 0.690678949228322, 0.0 ], [ 122.034804995300959, 0.691784754696227, 0.0 ], [ 122.034263317454915, 0.693087410065134, 0.0 ], [ 122.034049741063498, 0.693858962715792, 0.0 ], [ 122.033813137531524, 0.694630792357502, 0.0 ], [ 122.033561446073804, 0.695023323041015, 0.0 ], [ 122.033233340122607, 0.695577252350991, 0.0 ], [ 122.032851839623859, 0.696327002737655, 0.0 ], [ 122.032645954234496, 0.696558269692753, 0.0 ], [ 122.032203245878392, 0.697250974284484, 0.0 ], [ 122.032020275214251, 0.698033910553368, 0.0 ], [ 122.032386542996406, 0.698997102433223, 0.0 ], [ 122.032592381621129, 0.698995731866451, 0.0 ], [ 122.032813669698953, 0.69897132516588, 0.0 ], [ 122.033416539214585, 0.699185727134947, 0.0 ], [ 122.034087880411448, 0.699629686447993, 0.0 ], [ 122.034705856738441, 0.700119853826057, 0.0 ], [ 122.035224722381969, 0.700530281917215, 0.0 ], [ 122.035659356624777, 0.700872283293145, 0.0 ], [ 122.036132464763313, 0.701202490060586, 0.0 ], [ 122.036636183125893, 0.701532632976169, 0.0 ], [ 122.036903211621478, 0.701668802022608, 0.0 ], [ 122.037887377489739, 0.702145052392415, 0.0 ], [ 122.038787591646383, 0.702564465609905, 0.0 ], [ 122.039497123452662, 0.703019598999103, 0.0 ], [ 122.040084449985585, 0.703716900025712, 0.0 ], [ 122.040290508944196, 0.704014472195373, 0.0 ], [ 122.041122150695486, 0.704698750139636, 0.0 ], [ 122.041808908070621, 0.705291972627835, 0.0 ], [ 122.04250297513525, 0.705850637767673, 0.0 ], [ 122.042953306144796, 0.706342043512302, 0.0 ], [ 122.043800112264151, 0.707026183860319, 0.0 ], [ 122.044158613501295, 0.707529585661452, 0.0 ], [ 122.044791958342401, 0.708410574111821, 0.0 ], [ 122.04495977453108, 0.708961286547031, 0.0 ], [ 122.045333505786886, 0.710510709585525, 0.0 ], [ 122.04534109246751, 0.711855743706495, 0.0 ], [ 122.045081823322334, 0.713581786396959, 0.0 ], [ 122.044570597419565, 0.714240413878313, 0.0 ], [ 122.044135819285174, 0.714588171814538, 0.0 ], [ 122.043334553934045, 0.715030340577387, 0.0 ], [ 122.042678642405136, 0.716000318741221, 0.0 ], [ 122.042220894686821, 0.71741733909401, 0.0 ], [ 122.04228169425194, 0.718083648584082, 0.0 ], [ 122.04230469711085, 0.718198495604509, 0.0 ], [ 122.042419201489537, 0.718531102662494, 0.0 ], [ 122.042541279059009, 0.718909647989045, 0.0 ], [ 122.042854137904598, 0.720126122227187, 0.0 ], [ 122.04287700406654, 0.72224120173499, 0.0 ], [ 122.042533606942825, 0.723370115282522, 0.0 ], [ 122.042060447542895, 0.724614832728969, 0.0 ], [ 122.04209866603118, 0.725821637456762, 0.0 ], [ 122.042342975853686, 0.727165024919012, 0.0 ], [ 122.042373316281015, 0.728440874196261, 0.0 ], [ 122.042297000712921, 0.729452953221558, 0.0 ], [ 122.041801110948654, 0.730605861580029, 0.0 ], [ 122.041259567101648, 0.731195786254295, 0.0 ], [ 122.040389693372148, 0.732029176287722, 0.0 ], [ 122.039168922173275, 0.733589209527467, 0.0 ], [ 122.038909595471551, 0.734200254779642, 0.0 ], [ 122.038673037804941, 0.734707628886193, 0.0 ], [ 122.038596923685049, 0.73607603368873, 0.0 ], [ 122.03890960176679, 0.736798298995582, 0.0 ], [ 122.03930625404314, 0.737473938951742, 0.0 ], [ 122.039954738071316, 0.738446810234565, 0.0 ], [ 122.040633880886801, 0.739189509037201, 0.0 ], [ 122.040931478237482, 0.739520884024029, 0.0 ], [ 122.041496078902725, 0.740114934787721, 0.0 ], [ 122.041701860870191, 0.7403894699243, 0.0 ], [ 122.042152163101335, 0.741007242105178, 0.0 ], [ 122.042487892605436, 0.741614317749865, 0.0 ], [ 122.042640267434905, 0.74213061043296, 0.0 ], [ 122.042922542136836, 0.743197890743845, 0.0 ], [ 122.043342289902171, 0.744861957556013, 0.0 ], [ 122.043349957521784, 0.745770095639146, 0.0 ], [ 122.043334577316415, 0.746770314405624, 0.0 ], [ 122.04319739653269, 0.748714049684489, 0.0 ], [ 122.043082827402685, 0.749985132554824, 0.0 ], [ 122.043204910368203, 0.750325587096893, 0.0 ], [ 122.043418496652151, 0.750867264942849, 0.0 ], [ 122.043677874615355, 0.751328457963955, 0.0 ], [ 122.044250321865306, 0.751997919577833, 0.0 ], [ 122.044662223045847, 0.752286988657617, 0.0 ], [ 122.045074121528458, 0.752587577153489, 0.0 ], [ 122.045486024507824, 0.752865126817452, 0.0 ], [ 122.045920965419469, 0.753096744508168, 0.0 ], [ 122.046287120786388, 0.753259089221485, 0.0 ], [ 122.046615347246799, 0.753501919659287, 0.0 ], [ 122.047332398284453, 0.754263853161534, 0.0 ], [ 122.047782473886485, 0.754633639091411, 0.0 ], [ 122.048224978096385, 0.754957344659983, 0.0 ], [ 122.0487438698202, 0.755258239824501, 0.0 ], [ 122.049293105568637, 0.755490236129778, 0.0 ], [ 122.049735646650817, 0.755641360002217, 0.0 ], [ 122.050231539113014, 0.755815605444114, 0.0 ], [ 122.050902945061097, 0.755990455230319, 0.0 ], [ 122.051704048534262, 0.75636137790334, 0.0 ], [ 122.052276312322533, 0.756593450650937, 0.0 ], [ 122.052757030524134, 0.75681370001182, 0.0 ], [ 122.053092560378701, 0.757056463000465, 0.0 ], [ 122.053268018106593, 0.757310285851291, 0.0 ], [ 122.053313997744027, 0.757655741523182, 0.0 ], [ 122.053290925637398, 0.75786280682311, 0.0 ], [ 122.053199596787323, 0.75815021035857, 0.0 ], [ 122.05302400775841, 0.758494982545547, 0.0 ], [ 122.052680741036426, 0.758965725467257, 0.0 ], [ 122.052482431535779, 0.759195296300978, 0.0 ], [ 122.052261084102597, 0.759470798208754, 0.0 ], [ 122.052093102438647, 0.759700446384163, 0.0 ], [ 122.051841416376959, 0.760021878466625, 0.0 ], [ 122.051513333808117, 0.760400680099886, 0.0 ], [ 122.051017467426291, 0.761388851548376, 0.0 ], [ 122.050887632304878, 0.761825788955077, 0.0 ], [ 122.050635900377756, 0.762354361880417, 0.0 ], [ 122.050468098578193, 0.763044438653208, 0.0 ], [ 122.050391887331457, 0.763539056776112, 0.0 ], [ 122.050361427294291, 0.764137502526578, 0.0 ], [ 122.050208824936433, 0.764666450469269, 0.0 ], [ 122.050117127364416, 0.765345166106827, 0.0 ], [ 122.050056097572877, 0.765759362357281, 0.0 ], [ 122.050056019331819, 0.766116187258107, 0.0 ], [ 122.049918897004105, 0.766484005471506, 0.0 ], [ 122.049789069077292, 0.766886454777564, 0.0 ], [ 122.04965954422201, 0.767185227542226, 0.0 ], [ 122.049445782570245, 0.767437691517463, 0.0 ], [ 122.049201669699272, 0.767793754692673, 0.0 ], [ 122.049049142884442, 0.767977397150359, 0.0 ], [ 122.048911676116433, 0.768632993017108, 0.0 ], [ 122.049087292124923, 0.769439260397435, 0.0 ], [ 122.049133000167075, 0.769738638405685, 0.0 ], [ 122.049316187567797, 0.770590916000317, 0.0 ], [ 122.049400064635478, 0.7709940487912, 0.0 ], [ 122.049491479820503, 0.771592874954967, 0.0 ], [ 122.049537434276914, 0.772041865974619, 0.0 ], [ 122.049606120896243, 0.772560050831332, 0.0 ], [ 122.049735722193844, 0.77318199496708, 0.0 ], [ 122.049758690878406, 0.773446809331828, 0.0 ], [ 122.049964638321143, 0.774241635537302, 0.0 ], [ 122.050117230786483, 0.77502478944214, 0.0 ], [ 122.050170739547895, 0.77560042658729, 0.0 ], [ 122.050239219323089, 0.775784825374819, 0.0 ], [ 122.050483440112814, 0.776211458349633, 0.0 ], [ 122.05106312060984, 0.777191672596826, 0.0 ], [ 122.051208184850367, 0.777733125612316, 0.0 ], [ 122.051231142743205, 0.778043947493438, 0.0 ], [ 122.051124373433183, 0.778296788284675, 0.0 ], [ 122.051032758598708, 0.778595781383133, 0.0 ], [ 122.050826843531667, 0.778917364551761, 0.0 ], [ 122.05058244737431, 0.779273355781056, 0.0 ], [ 122.050315570864086, 0.779698317815507, 0.0 ], [ 122.050117206504751, 0.780158066525364, 0.0 ], [ 122.049888438765592, 0.780951452016891, 0.0 ], [ 122.049804263122965, 0.781883458106706, 0.0 ], [ 122.049773862441072, 0.782205645619642, 0.0 ], [ 122.049873087338625, 0.783034653256757, 0.0 ], [ 122.049842641690574, 0.78355246219675, 0.0 ], [ 122.049835001950001, 0.783805678904707, 0.0 ], [ 122.049873072050133, 0.784346683158547, 0.0 ], [ 122.04990356985877, 0.784841749143732, 0.0 ], [ 122.050048599925134, 0.785532815170801, 0.0 ], [ 122.05035369582292, 0.786235861965805, 0.0 ], [ 122.050498790640418, 0.786639221385803, 0.0 ], [ 122.050811500198478, 0.787204176383875, 0.0 ], [ 122.050971766578655, 0.787572981153532, 0.0 ], [ 122.051215968482595, 0.788080251838012, 0.0 ], [ 122.051437153138252, 0.78854136841671, 0.0 ], [ 122.051559201929507, 0.789025147910509, 0.0 ], [ 122.051536135218825, 0.789197724210692, 0.0 ], [ 122.051452290526754, 0.789899551525001, 0.0 ], [ 122.05125387760404, 0.790566439279265, 0.0 ], [ 122.051192915261566, 0.790669819044458, 0.0 ], [ 122.050986977711545, 0.791083557540011, 0.0 ], [ 122.050735242187017, 0.791600608351599, 0.0 ], [ 122.050407103860294, 0.792197995600068, 0.0 ], [ 122.050063914480006, 0.792300461654109, 0.0 ], [ 122.049636514383437, 0.792241564155054, 0.0 ], [ 122.049133013656999, 0.792170845967303, 0.0 ], [ 122.048759260817562, 0.792066023689512, 0.0 ], [ 122.04798088501056, 0.791775805276122, 0.0 ], [ 122.047599563477007, 0.791613453368116, 0.0 ], [ 122.047393438867886, 0.791612699736292, 0.0 ], [ 122.047187556176368, 0.79178466809469, 0.0 ], [ 122.046989210702819, 0.792152399973149, 0.0 ], [ 122.04688996242291, 0.792669909439007, 0.0 ], [ 122.04669915686533, 0.79322181437516, 0.0 ], [ 122.046653332810564, 0.79344032174931, 0.0 ], [ 122.046607691318286, 0.794084700372392, 0.0 ], [ 122.046615183570083, 0.794476084420319, 0.0 ], [ 122.046569582547392, 0.79494774015381, 0.0 ], [ 122.046531274126778, 0.795454097127139, 0.0 ], [ 122.046447477998072, 0.795937192236833, 0.0 ], [ 122.046088736641991, 0.796500083290956, 0.0 ], [ 122.045631222747403, 0.796728742212176, 0.0 ], [ 122.045272574021396, 0.796888659655374, 0.0 ], [ 122.044974884939819, 0.796956789594398, 0.0 ], [ 122.04376193514473, 0.797275095633436, 0.0 ], [ 122.043456624309016, 0.797515803671204, 0.0 ], [ 122.043159160957288, 0.79782556075501, 0.0 ], [ 122.042915018408706, 0.79828515478149, 0.0 ], [ 122.042670882155363, 0.798721780123328, 0.0 ], [ 122.042396108698398, 0.799273240794411, 0.0 ], [ 122.04217497260602, 0.799825066590225, 0.0 ], [ 122.041976583965038, 0.800376827634901, 0.0 ], [ 122.041770619435255, 0.800894098780373, 0.0 ], [ 122.041549499530561, 0.801376807181624, 0.0 ], [ 122.041259556309654, 0.801951303087138, 0.0 ], [ 122.040969639169134, 0.802410744228803, 0.0 ], [ 122.040694894490571, 0.802835700867392, 0.0 ], [ 122.04035161787597, 0.80330650764087, 0.0 ], [ 122.040130240765279, 0.803685539500635, 0.0 ], [ 122.039810000284575, 0.8041218635696, 0.0 ], [ 122.0394743058541, 0.804592672141817, 0.0 ], [ 122.039192005071797, 0.80490250117136, 0.0 ], [ 122.038421272602832, 0.805556034892811, 0.0 ], [ 122.038116276529905, 0.805647129019719, 0.0 ], [ 122.037757640394361, 0.80574958877853, 0.0 ], [ 122.037330211519574, 0.805817190815476, 0.0 ], [ 122.036659038495927, 0.805838020912323, 0.0 ], [ 122.036292590849399, 0.805721748466519, 0.0 ], [ 122.035796700185756, 0.805535904468461, 0.0 ], [ 122.035293221942212, 0.805373168549943, 0.0 ], [ 122.034919470901428, 0.805268343574221, 0.0 ], [ 122.034446335783144, 0.805048158964476, 0.0 ], [ 122.033942854841669, 0.80489687141541, 0.0 ], [ 122.033553664240316, 0.804769004010745, 0.0 ], [ 122.033034927199893, 0.805009023167739, 0.0 ], [ 122.032775667947334, 0.805261330661037, 0.0 ], [ 122.032470321138703, 0.805651720058735, 0.0 ], [ 122.032287159818367, 0.805927295710899, 0.0 ], [ 122.032180397702859, 0.806134127187112, 0.0 ], [ 122.032126949195998, 0.806525282807095, 0.0 ], [ 122.032180545191721, 0.806698088434414, 0.0 ], [ 122.032249009678509, 0.806940015053507, 0.0 ], [ 122.032340764807174, 0.807251133710922, 0.0 ], [ 122.032432225857548, 0.807619710052724, 0.0 ], [ 122.032447592572993, 0.807953567168366, 0.0 ], [ 122.032470293259749, 0.808149333386269, 0.0 ], [ 122.032470521687515, 0.808367921699408, 0.0 ], [ 122.03250865653888, 0.808609770077533, 0.0 ], [ 122.032546785994214, 0.808874657287299, 0.0 ], [ 122.032508281521615, 0.809006945759209, 0.0 ], [ 122.032506035914452, 0.809005744265016, 0.0 ], [ 122.032500902584246, 0.809335426727679, 0.0 ], [ 122.032305071615127, 0.821500690716296, 0.0 ], [ 122.032501020395529, 0.82177671243218, 0.0 ], [ 122.03276800932089, 0.822088369783484, 0.0 ], [ 122.033027425055479, 0.822365396042039, 0.0 ], [ 122.03348506575459, 0.822792788943997, 0.0 ], [ 122.033859054216379, 0.823081786977413, 0.0 ], [ 122.034560743035172, 0.823463869337475, 0.0 ], [ 122.03486596303938, 0.823614474301086, 0.0 ], [ 122.03518632762659, 0.82384572057184, 0.0 ], [ 122.035483951956834, 0.824053921715455, 0.0 ], [ 122.035796724467474, 0.824331102657476, 0.0 ], [ 122.036002796915923, 0.824550448199739, 0.0 ], [ 122.03617827083167, 0.824723707984658, 0.0 ], [ 122.036430115174113, 0.824954724928188, 0.0 ], [ 122.036704688981459, 0.825254864662232, 0.0 ], [ 122.036788561552655, 0.825646407890117, 0.0 ], [ 122.03678109628035, 0.826325492249617, 0.0 ], [ 122.036765793416748, 0.826900900067721, 0.0 ], [ 122.036971785825557, 0.827454028981149, 0.0 ], [ 122.037185409881076, 0.827800090795998, 0.0 ], [ 122.037574447597791, 0.82857248880928, 0.0 ], [ 122.037780377953226, 0.829378835329945, 0.0 ], [ 122.037620249169294, 0.83078248276414, 0.0 ], [ 122.037460079016597, 0.831196298601382, 0.0 ], [ 122.037147103259286, 0.831759265198455, 0.0 ], [ 122.036811655242985, 0.832345124037852, 0.0 ], [ 122.036513880725778, 0.832758481220823, 0.0 ], [ 122.03633097930944, 0.833103244414639, 0.0 ], [ 122.036231777794441, 0.833390643453517, 0.0 ], [ 122.036224100282226, 0.833781951958227, 0.0 ], [ 122.036208731768028, 0.834622024853652, 0.0 ], [ 122.036254453300103, 0.834840836198607, 0.0 ], [ 122.036307962061429, 0.83537053597456, 0.0 ], [ 122.036323311689927, 0.835761849875309, 0.0 ], [ 122.036338633439314, 0.836268359733365, 0.0 ], [ 122.036300337609333, 0.836694078097659, 0.0 ], [ 122.036300312428239, 0.836797682693406, 0.0 ], [ 122.036323193878744, 0.837396209382861, 0.0 ], [ 122.03630048329947, 0.838397554100405, 0.0 ], [ 122.036247002416985, 0.838903763584957, 0.0 ], [ 122.03609437307955, 0.839478712748791, 0.0 ], [ 122.035629054868295, 0.840582138610583, 0.0 ], [ 122.035377066634368, 0.840938121746086, 0.0 ], [ 122.035132952864018, 0.841248098264584, 0.0 ], [ 122.034812726772515, 0.841592261610584, 0.0 ], [ 122.034385489453385, 0.842005303131481, 0.0 ], [ 122.034133523702366, 0.842269129141319, 0.0 ], [ 122.033958228751814, 0.842510287739388, 0.0 ], [ 122.033736861533569, 0.842820340700205, 0.0 ], [ 122.032912774986571, 0.843404591551815, 0.0 ], [ 122.032577071562926, 0.84387546487517, 0.0 ], [ 122.032668832986815, 0.844151956037135, 0.0 ], [ 122.033172257271119, 0.84454494627411, 0.0 ], [ 122.033561441577234, 0.844707306275998, 0.0 ], [ 122.033912439770674, 0.844846547406445, 0.0 ], [ 122.033920863720127, 0.844849164433574, 0.0 ], [ 122.035162268963617, 0.844224664424535, 0.0 ], [ 122.036396175659988, 0.844402429812811, 0.0 ], [ 122.037101111031305, 0.845289821436017, 0.0 ], [ 122.037100849328567, 0.846354564759392, 0.0 ], [ 122.036218677370329, 0.849016060641121, 0.0 ], [ 122.034807263391116, 0.853451992630942, 0.0 ], [ 122.034806554725378, 0.856291164867899, 0.0 ], [ 122.03392496462854, 0.857710527055237, 0.0 ], [ 122.033396033772974, 0.85824276381861, 0.0 ], [ 122.031456745641563, 0.858952097774006, 0.0 ], [ 122.030398513409679, 0.860371412297249, 0.0 ], [ 122.029516874749461, 0.86196822690872, 0.0 ], [ 122.029516380122374, 0.86392018109163, 0.0 ], [ 122.02986827763776, 0.866049683026863, 0.0 ], [ 122.029701340986065, 0.867643147663814, 0.0 ], [ 122.029439891884408, 0.867639970359084, 0.0 ], [ 122.029350014540086, 0.867689982556401, 0.0 ], [ 122.029289906553586, 0.867729967313151, 0.0 ], [ 122.029160093015975, 0.868010006300528, 0.0 ], [ 122.029090052917013, 0.868460026144672, 0.0 ], [ 122.029080124401844, 0.868849990162994, 0.0 ], [ 122.029079988604167, 0.869380028084014, 0.0 ], [ 122.028990047407973, 0.86968000683945, 0.0 ], [ 122.028670087515792, 0.87005999647725, 0.0 ], [ 122.028290023234419, 0.870470006383543, 0.0 ], [ 122.027879959368619, 0.870689971558684, 0.0 ], [ 122.027150048025874, 0.870849995121973, 0.0 ], [ 122.026689998942516, 0.871059982319204, 0.0 ], [ 122.02604990558882, 0.87140002946831, 0.0 ], [ 122.02571000233128, 0.871800013732686, 0.0 ], [ 122.02542986531769, 0.872389977977166, 0.0 ], [ 122.025250040482135, 0.872759968053253, 0.0 ], [ 122.024750008440577, 0.873379981344628, 0.0 ], [ 122.024599953861951, 0.873740015026518, 0.0 ], [ 122.0245700828808, 0.874140008284145, 0.0 ], [ 122.024480107510357, 0.874570021810443, 0.0 ], [ 122.024250131981688, 0.87557003643071, 0.0 ], [ 122.024219982210752, 0.875959995053081, 0.0 ], [ 122.024309998949875, 0.876460020799401, 0.0 ], [ 122.02441986102842, 0.877319982201401, 0.0 ], [ 122.024629939057178, 0.878330006275911, 0.0 ], [ 122.02480995275036, 0.879400022324388, 0.0 ], [ 122.024890043672343, 0.880270012066413, 0.0 ], [ 122.024839912764477, 0.880820035620848, 0.0 ], [ 122.024660029472926, 0.881410025945621, 0.0 ], [ 122.024309949487218, 0.882059972271447, 0.0 ], [ 122.023660023845736, 0.88348001794352, 0.0 ], [ 122.023250107468897, 0.88419998278451, 0.0 ], [ 122.022990126960039, 0.885019987308881, 0.0 ], [ 122.022920062579345, 0.88555000634412, 0.0 ], [ 122.022700087511666, 0.885879983784425, 0.0 ], [ 122.022189948889306, 0.886470027169155, 0.0 ], [ 122.021485437997995, 0.887214788117267, 0.0 ], [ 122.021568569527645, 0.887184140121837, 0.0 ], [ 122.022049365071027, 0.887116705358819, 0.0 ], [ 122.02243072617479, 0.887129386698708, 0.0 ], [ 122.022621417518664, 0.887095514633822, 0.0 ], [ 122.022911243827565, 0.88705043251978, 0.0 ], [ 122.02307917962608, 0.887050972113039, 0.0 ], [ 122.023254705702513, 0.887017025404395, 0.0 ], [ 122.023773395078848, 0.887018717928471, 0.0 ], [ 122.024071082361587, 0.88698515792827, 0.0 ], [ 122.024627982132415, 0.88691788504323, 0.0 ], [ 122.024765322096087, 0.886860888710954, 0.0 ], [ 122.025078182740231, 0.886792774060412, 0.0 ], [ 122.025413793533787, 0.886713286583544, 0.0 ], [ 122.025810627473092, 0.886622578265798, 0.0 ], [ 122.026016507466593, 0.886496625517567, 0.0 ], [ 122.026100490654372, 0.886439333308368, 0.0 ], [ 122.026413396264601, 0.886198636961781, 0.0 ], [ 122.026710811052951, 0.886130588861116, 0.0 ], [ 122.026962708455358, 0.886154401109822, 0.0 ], [ 122.027130356470821, 0.886177978635531, 0.0 ], [ 122.027717837687121, 0.886225979049486, 0.0 ], [ 122.028152822665561, 0.886296412152125, 0.0 ], [ 122.028747873475339, 0.886390492028281, 0.0 ], [ 122.029068299216391, 0.886391495671672, 0.0 ], [ 122.029426926358681, 0.886358091254217, 0.0 ], [ 122.029785558896833, 0.886301719051489, 0.0 ], [ 122.030594117749601, 0.886097196134843, 0.0 ], [ 122.030952757482353, 0.886017785100383, 0.0 ], [ 122.031868312274341, 0.885813642596948, 0.0 ], [ 122.032730479713379, 0.885724399274794, 0.0 ], [ 122.033043314277137, 0.885759888320629, 0.0 ], [ 122.03354681050709, 0.885876699460412, 0.0 ], [ 122.03393573400993, 0.885970017610775, 0.0 ], [ 122.034195201905177, 0.886039909321594, 0.0 ], [ 122.034393724545112, 0.886132683382117, 0.0 ], [ 122.035362503912765, 0.886446579145987, 0.0 ], [ 122.036133254368139, 0.886932508918763, 0.0 ], [ 122.036415401366256, 0.887267214095048, 0.0 ], [ 122.036651805248866, 0.887475122059671, 0.0 ], [ 122.036880911133167, 0.887671579856279, 0.0 ], [ 122.037307992869643, 0.887903142688388, 0.0 ], [ 122.03755986688968, 0.888019039217562, 0.0 ], [ 122.037880254859161, 0.888169725120162, 0.0 ], [ 122.038292189314689, 0.888332238006777, 0.0 ], [ 122.038429503198159, 0.888378705076791, 0.0 ], [ 122.039070325901861, 0.888495905622948, 0.0 ], [ 122.039505295591894, 0.888635455220869, 0.0 ], [ 122.040077548588357, 0.888936526652566, 0.0 ], [ 122.040222403286904, 0.889144198095541, 0.0 ], [ 122.040375097375559, 0.889443958315743, 0.0 ], [ 122.040512366292859, 0.889663077228801, 0.0 ], [ 122.04070325638682, 0.889951469119258, 0.0 ], [ 122.04080235358046, 0.890089871182224, 0.0 ], [ 122.040985377304651, 0.890389779790572, 0.0 ], [ 122.0412296304698, 0.890655217385498, 0.0 ], [ 122.041374503154856, 0.890793843379649, 0.0 ], [ 122.041580598985661, 0.890921106440005, 0.0 ], [ 122.041847656259634, 0.890968032164201, 0.0 ], [ 122.042038336811515, 0.890980166716319, 0.0 ], [ 122.042175663285349, 0.89098062716924, 0.0 ], [ 122.042335739009317, 0.890969643749288, 0.0 ], [ 122.042534231971658, 0.891177401527203, 0.0 ], [ 122.043182726791812, 0.892042738177005, 0.0 ], [ 122.043251221855471, 0.892146572999168, 0.0 ], [ 122.043457279914719, 0.892423520117384, 0.0 ], [ 122.043731854621413, 0.892723665247467, 0.0 ], [ 122.043960952411751, 0.89295461114454, 0.0 ], [ 122.044144014806861, 0.89310483749359, 0.0 ], [ 122.04441101002746, 0.893393390362655, 0.0 ], [ 122.044655255098746, 0.893693457251592, 0.0 ], [ 122.04490682244996, 0.893912960175251, 0.0 ], [ 122.045097752114216, 0.894051739953498, 0.0 ], [ 122.04592160124011, 0.894468708813738, 0.0 ], [ 122.046196226308936, 0.894573233415956, 0.0 ], [ 122.04669210797924, 0.894828066205493, 0.0 ], [ 122.047310147258813, 0.895094802421363, 0.0 ], [ 122.04767629722987, 0.895303169040344, 0.0 ], [ 122.048080609931134, 0.89562681165634, 0.0 ], [ 122.048393413918035, 0.895788945029023, 0.0 ], [ 122.048881701713029, 0.896089782637004, 0.0 ], [ 122.049248129574593, 0.896309668671806, 0.0 ], [ 122.049545478712346, 0.89650635669483, 0.0 ], [ 122.04997284103743, 0.896749368795672, 0.0 ], [ 122.0504153686297, 0.89699259673373, 0.0 ], [ 122.050796680270793, 0.897212486365832, 0.0 ], [ 122.051422291841874, 0.897525232796097, 0.0 ], [ 122.051689583838765, 0.897756330678616, 0.0 ], [ 122.052078470469226, 0.898010781256291, 0.0 ], [ 122.052528550568013, 0.898369065756847, 0.0 ], [ 122.052940752122154, 0.898600624991656, 0.0 ], [ 122.053894339242788, 0.899052610753718, 0.0 ], [ 122.054237739963725, 0.899272420346202, 0.0 ], [ 122.054764210274271, 0.899619417455914, 0.0 ], [ 122.055824493859646, 0.900152350294574, 0.0 ], [ 122.056618056517635, 0.900419698948722, 0.0 ], [ 122.057258867530322, 0.900605945843073, 0.0 ], [ 122.057701446383888, 0.900653411160439, 0.0 ], [ 122.058090386973845, 0.900700721794427, 0.0 ], [ 122.058723639184791, 0.900794809764464, 0.0 ], [ 122.059433304989923, 0.900785665458085, 0.0 ], [ 122.060211499133899, 0.900753711647022, 0.0 ], [ 122.060844766633309, 0.900790272684863, 0.0 ], [ 122.06134829883618, 0.900791886967882, 0.0 ], [ 122.06195853829567, 0.900828441710404, 0.0 ], [ 122.062424134397446, 0.900922062033009, 0.0 ], [ 122.062897035692004, 0.901004164738354, 0.0 ], [ 122.063194686102634, 0.901131734467446, 0.0 ], [ 122.063568420955662, 0.901340173931446, 0.0 ], [ 122.063911828871184, 0.90153687364574, 0.0 ], [ 122.064270390362964, 0.901779796713624, 0.0 ], [ 122.064636531340767, 0.902034170848979, 0.0 ], [ 122.065346121602786, 0.902324253464774, 0.0 ], [ 122.066086038802382, 0.902625933737448, 0.0 ], [ 122.066444647958178, 0.90268461360055, 0.0 ], [ 122.067344935859381, 0.902929302936899, 0.0 ], [ 122.067688386043059, 0.902964939471688, 0.0 ], [ 122.068634453032786, 0.903198191230485, 0.0 ], [ 122.069114926618767, 0.903326373397943, 0.0 ], [ 122.069481091878302, 0.90348873250055, 0.0 ], [ 122.069984844414961, 0.903732046773457, 0.0 ], [ 122.070694150491335, 0.904045167321703, 0.0 ], [ 122.071045150483513, 0.904207451780552, 0.0 ], [ 122.07134281078676, 0.904300463262091, 0.0 ], [ 122.071861465988832, 0.90447480493137, 0.0 ], [ 122.072372828588655, 0.904614655802253, 0.0 ], [ 122.07287633021447, 0.904742844264943, 0.0 ], [ 122.073585706437925, 0.904779776722746, 0.0 ], [ 122.073860373774892, 0.904734546220558, 0.0 ], [ 122.074104713274991, 0.904677788208667, 0.0 ], [ 122.074425170492276, 0.904575323953276, 0.0 ], [ 122.07472259966984, 0.90447264206193, 0.0 ], [ 122.0753559463096, 0.90420997258021, 0.0 ], [ 122.076126325344916, 0.904005360630781, 0.0 ], [ 122.076545887850003, 0.904018260505994, 0.0 ], [ 122.076683208028612, 0.904046493821768, 0.0 ], [ 122.076941344927221, 0.903848535056655, 0.0 ], [ 122.078709566720207, 0.904598471602939, 0.0 ], [ 122.082396153917685, 0.906529415824612, 0.0 ], [ 122.085198417079283, 0.907272477953329, 0.0 ], [ 122.087115750961431, 0.906976068607106, 0.0 ], [ 122.089328280104979, 0.906531177596496, 0.0 ], [ 122.093310671404907, 0.905938318434467, 0.0 ], [ 122.096260470144131, 0.905196779757249, 0.0 ], [ 122.097588236382776, 0.904157864063153, 0.0 ] ] ] ] } },
{ "type": "Feature", "properties": { "KEC_NO": "030", "KECAMATAN": "MARISA" }, "geometry": { "type": "MultiPolygon", "coordinates": [ [ [ [ 121.953421751168406, 0.415241989411923, 0.0 ], [ 121.953208067762489, 0.415220619198413, 0.0 ], [ 121.953036773765021, 0.415284764472128, 0.0 ], [ 121.952930050178338, 0.415445171866073, 0.0 ], [ 121.952619740094761, 0.415680391487098, 0.0 ], [ 121.95225637603636, 0.415787337423649, 0.0 ], [ 121.952042391204728, 0.415926352505495, 0.0 ], [ 121.951714405552053, 0.416047826106007, 0.0 ], [ 121.951497029094497, 0.416354046566729, 0.0 ], [ 121.951464968896175, 0.416728311582863, 0.0 ], [ 121.951636211976961, 0.417049070906498, 0.0 ], [ 121.951978176155805, 0.417391266349058, 0.0 ], [ 121.952309751885792, 0.417722718585826, 0.0 ], [ 121.952972704711939, 0.41777619940178, 0.0 ], [ 121.953592996998452, 0.417669252804602, 0.0 ], [ 121.954010007985346, 0.417455424574013, 0.0 ], [ 121.954405418410815, 0.417081172577065, 0.0 ], [ 121.95442679842111, 0.416781746136445, 0.0 ], [ 121.95428784334203, 0.416482367929509, 0.0 ], [ 121.953934936599794, 0.41607603721812, 0.0 ], [ 121.953710622320557, 0.415755235401986, 0.0 ], [ 121.953609273173782, 0.415620135668364, 0.0 ], [ 121.953560709590676, 0.415509318263156, 0.0 ], [ 121.953421751168406, 0.415241989411923, 0.0 ] ] ] ] } },
{ "type": "Feature", "properties": { "KEC_NO": "030", "KECAMATAN": "MARISA" }, "geometry": { "type": "MultiPolygon", "coordinates": [ [ [ [ 121.96835516387651, 0.441901857160269, 0.0 ], [ 121.967034011894825, 0.441876902131648, 0.0 ], [ 121.966373281255642, 0.441964158821077, 0.0 ], [ 121.965862225197995, 0.441989104335265, 0.0 ], [ 121.965550786053569, 0.442238386194686, 0.0 ], [ 121.965264042413708, 0.442587387186437, 0.0 ], [ 121.965064610092568, 0.443061028295082, 0.0 ], [ 121.964890183019065, 0.4434349571435, 0.0 ], [ 121.964940106188223, 0.443858739232032, 0.0 ], [ 121.964965043028016, 0.444245134139569, 0.0 ], [ 121.965052304020404, 0.444731252664292, 0.0 ], [ 121.965288978216194, 0.445005487585286, 0.0 ], [ 121.965625620965611, 0.445254754809125, 0.0 ], [ 121.965937261831527, 0.44557882298835, 0.0 ], [ 121.966061924092926, 0.445666083970879, 0.0 ], [ 121.966385944458224, 0.445815668118525, 0.0 ], [ 121.966784648533221, 0.44602755964143, 0.0 ], [ 121.967283311681058, 0.446276849926023, 0.0 ], [ 121.967894020014214, 0.446476262004784, 0.0 ], [ 121.968567047534066, 0.446812819545732, 0.0 ], [ 121.969190385594075, 0.447062092315713, 0.0 ], [ 121.970025451213843, 0.447273975137756, 0.0 ], [ 121.970598838700568, 0.44729893218272, 0.0 ], [ 121.970947884990125, 0.447199194097907, 0.0 ], [ 121.971147281611749, 0.44698731620099, 0.0 ], [ 121.971458734721722, 0.446650756245174, 0.0 ], [ 121.971683142729361, 0.446289307893836, 0.0 ], [ 121.971807871030649, 0.445902897941001, 0.0 ], [ 121.971919953412069, 0.445591291674967, 0.0 ], [ 121.972007333195648, 0.445217385009693, 0.0 ], [ 121.971969764832835, 0.444793568455752, 0.0 ], [ 121.971932444913762, 0.444606603755408, 0.0 ], [ 121.971907493017838, 0.444319924856122, 0.0 ], [ 121.971895191264267, 0.443933531796174, 0.0 ], [ 121.971683235157471, 0.443597003151934, 0.0 ], [ 121.97142383631595, 0.443168491612615, 0.0 ], [ 121.97079830572747, 0.442525054116176, 0.0 ], [ 121.970349624003163, 0.442275771363425, 0.0 ], [ 121.969614238083437, 0.442088815124934, 0.0 ], [ 121.968866199695412, 0.442026485198292, 0.0 ], [ 121.96835516387651, 0.441901857160269, 0.0 ] ] ] ] } },
{ "type": "Feature", "properties": { "KEC_NO": "030", "KECAMATAN": "MARISA" }, "geometry": { "type": "MultiPolygon", "coordinates": [ [ [ [ 121.982825693611773, 0.443109547203528, 0.0 ], [ 121.982581961183755, 0.44309735766455, 0.0 ], [ 121.982191621420753, 0.443304652243918, 0.0 ], [ 121.981715913592865, 0.443548577033796, 0.0 ], [ 121.981423504920741, 0.4442558809765, 0.0 ], [ 121.981252728657751, 0.444621721050824, 0.0 ], [ 121.981130816488673, 0.444950994526154, 0.0 ], [ 121.980923233162329, 0.445475379036723, 0.0 ], [ 121.980862521787557, 0.445902187178974, 0.0 ], [ 121.980801533357067, 0.446304613034636, 0.0 ], [ 121.98062937581517, 0.446500276444199, 0.0 ], [ 121.980411129504546, 0.446975366530937, 0.0 ], [ 121.980142904869496, 0.447414371021475, 0.0 ], [ 121.979679528286169, 0.447829002947246, 0.0 ], [ 121.979423396919216, 0.448133875967409, 0.0 ], [ 121.979508719462387, 0.448426571375764, 0.0 ], [ 121.979716200399338, 0.448646068536122, 0.0 ], [ 121.980081801491139, 0.448646049294625, 0.0 ], [ 121.980825940824047, 0.448499723708311, 0.0 ], [ 121.981947743730615, 0.4484387507014, 0.0 ], [ 121.982594165089381, 0.448292411122368, 0.0 ], [ 121.982947719458792, 0.448097303087751, 0.0 ], [ 121.983557387634647, 0.447719263460593, 0.0 ], [ 121.983886789875243, 0.447548533238633, 0.0 ], [ 121.983947761593413, 0.44726804902198, 0.0 ], [ 121.983911009116611, 0.44703631388228, 0.0 ], [ 121.983801515592319, 0.446902200755987, 0.0 ], [ 121.983642883325189, 0.446755854389318, 0.0 ], [ 121.983630564987365, 0.44648755020245, 0.0 ], [ 121.98370391277868, 0.446060743437053, 0.0 ], [ 121.983703693400912, 0.445609509805615, 0.0 ], [ 121.98370374685895, 0.445219265313783, 0.0 ], [ 121.983667277939247, 0.444963184182727, 0.0 ], [ 121.983545170522447, 0.444670518712202, 0.0 ], [ 121.983569653005958, 0.444280277621915, 0.0 ], [ 121.983594128015881, 0.443950990345714, 0.0 ], [ 121.983679522767602, 0.443719307439254, 0.0 ], [ 121.983545330443491, 0.443499785290173, 0.0 ], [ 121.983337843953109, 0.443316859872249, 0.0 ], [ 121.983033195032789, 0.443182719914085, 0.0 ], [ 121.982825693611773, 0.443109547203528, 0.0 ] ] ] ] } },
{ "type": "Feature", "properties": { "KEC_NO": "030", "KECAMATAN": "MARISA" }, "geometry": { "type": "MultiPolygon", "coordinates": [ [ [ [ 121.977856328274243, 0.449628767317493, 0.0 ], [ 121.977522462818598, 0.44959539892873, 0.0 ], [ 121.977199821510794, 0.449612101838008, 0.0 ], [ 121.976893738553414, 0.449695556438394, 0.0 ], [ 121.976582033432152, 0.449823496828054, 0.0 ], [ 121.976370849833629, 0.449984844151822, 0.0 ], [ 121.976175946383364, 0.450190715634173, 0.0 ], [ 121.975942296495646, 0.450368772842262, 0.0 ], [ 121.97575945415349, 0.450672666831346, 0.0 ], [ 121.975340685985799, 0.451358819517127, 0.0 ], [ 121.974956755593439, 0.451917064096578, 0.0 ], [ 121.974852241163603, 0.452324112512707, 0.0 ], [ 121.97485219545581, 0.452649727839054, 0.0 ], [ 121.975084930280119, 0.452987001136522, 0.0 ], [ 121.975422142991562, 0.45318471548204, 0.0 ], [ 121.975747584148081, 0.453219602825543, 0.0 ], [ 121.976154749860683, 0.453173088202456, 0.0 ], [ 121.976503532175897, 0.45296374075499, 0.0 ], [ 121.976817763558856, 0.452847461147536, 0.0 ], [ 121.977027002750248, 0.452533430500006, 0.0 ], [ 121.977340990333914, 0.452149662056138, 0.0 ], [ 121.97766676170059, 0.451835646900926, 0.0 ], [ 121.977806074025466, 0.451579768337966, 0.0 ], [ 121.978038893016929, 0.451323937351881, 0.0 ], [ 121.97813188589744, 0.450975013705461, 0.0 ], [ 121.978131949118605, 0.450521448882428, 0.0 ], [ 121.978103646029837, 0.45011060003433, 0.0 ], [ 121.978112085968192, 0.449995972996157, 0.0 ], [ 121.97801776984582, 0.449762322333429, 0.0 ], [ 121.977856328274243, 0.449628767317493, 0.0 ] ] ] ] } },
{ "type": "Feature", "properties": { "KEC_NO": "030", "KECAMATAN": "MARISA" }, "geometry": { "type": "MultiPolygon", "coordinates": [ [ [ [ 121.974366122377148, 0.500186333574363, 0.0 ], [ 121.978430375797359, 0.498793520730993, 0.0 ], [ 121.980835164089768, 0.491415861465265, 0.0 ], [ 121.97419304384394, 0.486199447447726, 0.0 ], [ 121.974190236200585, 0.48619704421509, 0.0 ], [ 121.97399931771885, 0.486025320592213, 0.0 ], [ 121.973908350659542, 0.485943646711044, 0.0 ], [ 121.979522996745914, 0.485717649688881, 0.0 ], [ 121.981319022009529, 0.485575626729266, 0.0 ], [ 121.983520729720254, 0.485945357119748, 0.0 ], [ 121.985997371482682, 0.486130430364299, 0.0 ], [ 121.987556971589441, 0.485945967355165, 0.0 ], [ 121.989300045671399, 0.485022736611222, 0.0 ], [ 121.990859769927638, 0.484007109882016, 0.0 ], [ 121.992052540287986, 0.482622064637299, 0.0 ], [ 121.992603197034413, 0.480682790690005, 0.0 ], [ 121.994804968268099, 0.478743795247398, 0.0 ], [ 121.995722496465518, 0.477728068017429, 0.0 ], [ 121.996731846643357, 0.476712388891735, 0.0 ], [ 121.996873455934576, 0.476554026669555, 0.0 ], [ 121.996936074478896, 0.476484000099413, 0.0 ], [ 121.997557538554815, 0.475789014049192, 0.0 ], [ 121.998750305153209, 0.474403926379922, 0.0 ], [ 121.999241740013034, 0.474189016050035, 0.0 ], [ 121.998830710454456, 0.473736554350994, 0.0 ], [ 121.998570448608604, 0.473445174373958, 0.0 ], [ 121.998165280329417, 0.473241158324748, 0.0 ], [ 121.997875785859776, 0.473153731277102, 0.0 ], [ 121.997441707609624, 0.472862326126248, 0.0 ], [ 121.996081531916303, 0.472658206576186, 0.0 ], [ 121.995482575243429, 0.472701016777259, 0.0 ], [ 121.994954149309663, 0.472400340092997, 0.0 ], [ 121.994217104832302, 0.471980799587017, 0.0 ], [ 121.993564013405233, 0.471609009750411, 0.0 ], [ 121.992439974856495, 0.471536302161661, 0.0 ], [ 121.9914554937627, 0.47147266069019, 0.0 ], [ 121.991306670352486, 0.471463027720746, 0.0 ], [ 121.990630547828374, 0.471133707989617, 0.0 ], [ 121.990448078616197, 0.470774319106164, 0.0 ], [ 121.990126090672334, 0.470139716906219, 0.0 ], [ 121.990024718228739, 0.470161716172627, 0.0 ], [ 121.989745996735564, 0.469366414466003, 0.0 ], [ 121.985398678804501, 0.467103639576587, 0.0 ], [ 121.982419041002231, 0.465578693839079, 0.0 ], [ 121.981197882282487, 0.465283465527415, 0.0 ], [ 121.980367296095807, 0.465135819378952, 0.0 ], [ 121.979781315373558, 0.464791496593912, 0.0 ], [ 121.979537117943465, 0.464102950736604, 0.0 ], [ 121.979635117701633, 0.462135878318585, 0.0 ], [ 121.979640869221072, 0.462119533494425, 0.0 ], [ 121.982297799505204, 0.453806303218522, 0.0 ], [ 121.982116919889563, 0.453536475456255, 0.0 ], [ 121.981774928144517, 0.453374555708601, 0.0 ], [ 121.981469135302532, 0.453383558277069, 0.0 ], [ 121.981163359735348, 0.453275600471352, 0.0 ], [ 121.98082137313915, 0.453077708959286, 0.0 ], [ 121.98064169014232, 0.452870829866585, 0.0 ], [ 121.980047850887928, 0.452493010342474, 0.0 ], [ 121.979472244092108, 0.452259114985702, 0.0 ], [ 121.978914564601951, 0.452340095087793, 0.0 ], [ 121.978311641670643, 0.45267290454654, 0.0 ], [ 121.977969842572634, 0.453140696133695, 0.0 ], [ 121.977772078903371, 0.453716388093576, 0.0 ], [ 121.977556034495052, 0.454499000467949, 0.0 ], [ 121.977403188343146, 0.455146676554401, 0.0 ], [ 121.977250355997612, 0.455695412610106, 0.0 ], [ 121.976989438100276, 0.456082192409228, 0.0 ], [ 121.976701576995637, 0.456379038903103, 0.0 ], [ 121.976289619024072, 0.456552299360462, 0.0 ], [ 121.976207896907098, 0.456622181342085, 0.0 ], [ 121.976035463174384, 0.456783215326988, 0.0 ], [ 121.975851514572696, 0.456955766626814, 0.0 ], [ 121.975754340235312, 0.457080627962662, 0.0 ], [ 121.975690306289792, 0.45716280848052, 0.0 ], [ 121.975621499434382, 0.457243328394811, 0.0 ], [ 121.975517887211396, 0.457220309908139, 0.0 ], [ 121.97540811341139, 0.457090684268317, 0.0 ], [ 121.975266871336743, 0.457086882814055, 0.0 ], [ 121.975104834746645, 0.457197741767005, 0.0 ], [ 121.974907408524601, 0.457364955787591, 0.0 ], [ 121.974925578109193, 0.457948415751667, 0.0 ], [ 121.974806117770328, 0.458792913685472, 0.0 ], [ 121.974661176613466, 0.459134125743014, 0.0 ], [ 121.974371078311833, 0.459364435487623, 0.0 ], [ 121.974098120492371, 0.459509447119304, 0.0 ], [ 121.973415771652441, 0.45955210453024, 0.0 ], [ 121.972801661630228, 0.459560637244154, 0.0 ], [ 121.972391978219122, 0.459543546406253, 0.0 ], [ 121.971957045182336, 0.459364439053127, 0.0 ], [ 121.971581647443855, 0.459151171490583, 0.0 ], [ 121.971223368307179, 0.459006174485958, 0.0 ], [ 121.97097600933742, 0.458827023806778, 0.0 ], [ 121.970541092061723, 0.45854551494842, 0.0 ], [ 121.970114608890455, 0.45818725976912, 0.0 ], [ 121.969893101026855, 0.457891859451402, 0.0 ], [ 121.969707515338342, 0.457731092627904, 0.0 ], [ 121.969536544304304, 0.457484851122496, 0.0 ], [ 121.969504333106244, 0.457370370909631, 0.0 ], [ 121.9694329815065, 0.457116783746807, 0.0 ], [ 121.969157018841599, 0.456679681737819, 0.0 ], [ 121.968731386623418, 0.456265597029519, 0.0 ], [ 121.968225401763362, 0.456162097576777, 0.0 ], [ 121.967868801971264, 0.45605858440985, 0.0 ], [ 121.967592791035202, 0.455955047604765, 0.0 ], [ 121.967385581187969, 0.455817033517051, 0.0 ], [ 121.967282266899915, 0.455678999158175, 0.0 ], [ 121.967144125378127, 0.455598484916857, 0.0 ], [ 121.966983228152543, 0.455598461694544, 0.0 ], [ 121.966845083370259, 0.455540951901793, 0.0 ], [ 121.966592102945299, 0.455402931246, 0.0 ], [ 121.966235554141221, 0.454942849788357, 0.0 ], [ 121.96597078604168, 0.454770304999145, 0.0 ], [ 121.965694799850894, 0.454494261719267, 0.0 ], [ 121.965430317061191, 0.454287194537998, 0.0 ], [ 121.965200098249966, 0.454034160543797, 0.0 ], [ 121.96502773701944, 0.453689087339741, 0.0 ], [ 121.964878089858018, 0.453562565397307, 0.0 ], [ 121.964728711617227, 0.453516537743974, 0.0 ], [ 121.964832091188526, 0.453194471625844, 0.0 ], [ 121.964843629595734, 0.453010446898209, 0.0 ], [ 121.964612548816945, 0.452898543087192, 0.0 ], [ 121.964484481736278, 0.453060606778459, 0.0 ], [ 121.96433116580495, 0.453060619995708, 0.0 ], [ 121.96406667068581, 0.452941184347848, 0.0 ], [ 121.963810594696241, 0.45285588341442, 0.0 ], [ 121.963631467158024, 0.452702361857353, 0.0 ], [ 121.963563264203628, 0.452480552203242, 0.0 ], [ 121.963554862039857, 0.452327019943714, 0.0 ], [ 121.963657087140859, 0.452224668542582, 0.0 ], [ 121.96379355996315, 0.452190518481403, 0.0 ], [ 121.963989865038101, 0.452002881217188, 0.0 ], [ 121.964023855690172, 0.451900519988273, 0.0 ], [ 121.963947222365064, 0.451729911167424, 0.0 ], [ 121.963759675674538, 0.451542254065922, 0.0 ], [ 121.963606088229994, 0.451473999417411, 0.0 ], [ 121.963341589554148, 0.451380181657805, 0.0 ], [ 121.96306865850589, 0.451346044278571, 0.0 ], [ 121.962684818687478, 0.451269276134729, 0.0 ], [ 121.962155799793535, 0.45123513724941, 0.0 ], [ 121.961865734880647, 0.451235166139634, 0.0 ], [ 121.961712419120289, 0.451235144111565, 0.0 ], [ 121.961465030409087, 0.451277793938169, 0.0 ], [ 121.961277172423564, 0.451303384671879, 0.0 ], [ 121.961059822523623, 0.451389429737885, 0.0 ], [ 121.960978939744834, 0.45148061796703, 0.0 ], [ 121.960783214167222, 0.45154963556933, 0.0 ], [ 121.960438114599185, 0.451538136614653, 0.0 ], [ 121.959725172295947, 0.451515137196283, 0.0 ], [ 121.958851039838422, 0.451572642946844, 0.0 ], [ 121.958275683904674, 0.451584149444466, 0.0 ], [ 121.958045721530567, 0.451503623096742, 0.0 ], [ 121.957999685429769, 0.451400119815064, 0.0 ], [ 121.957654605091591, 0.451262086282637, 0.0 ], [ 121.957263733035361, 0.451273584085436, 0.0 ], [ 121.956998935451409, 0.451308103532293, 0.0 ], [ 121.95676418934859, 0.451302875541985, 0.0 ], [ 121.956526069225589, 0.451328988937698, 0.0 ], [ 121.956269983008468, 0.451320471510223, 0.0 ], [ 121.955835045018759, 0.451201046672826, 0.0 ], [ 121.955510740429531, 0.451081602551122, 0.0 ], [ 121.955272083213146, 0.450936588405097, 0.0 ], [ 121.9549820235016, 0.450910998456093, 0.0 ], [ 121.95471752810171, 0.450800113990039, 0.0 ], [ 121.954367931193758, 0.450825717323448, 0.0 ], [ 121.954000929439076, 0.450825699533767, 0.0 ], [ 121.953685313193489, 0.450825689159577, 0.0 ], [ 121.95340395912217, 0.450791585628911, 0.0 ], [ 121.953062799679515, 0.450723339157947, 0.0 ], [ 121.952832278953181, 0.45062952630908, 0.0 ], [ 121.952371786079652, 0.450527164477625, 0.0 ], [ 121.95215838629008, 0.450484484516282, 0.0 ], [ 121.951808801866463, 0.450424787807195, 0.0 ], [ 121.951510056848662, 0.450262698382024, 0.0 ], [ 121.951390735575359, 0.450143283102493, 0.0 ], [ 121.951245882028601, 0.449878850290756, 0.0 ], [ 121.951186092501501, 0.449733825988945, 0.0 ], [ 121.951040933032075, 0.449648541257312, 0.0 ], [ 121.950938722900602, 0.449648526471273, 0.0 ], [ 121.950854754889392, 0.449713248648313, 0.0 ], [ 121.950815711615803, 0.449803806646569, 0.0 ], [ 121.950764869189086, 0.449927789808972, 0.0 ], [ 121.950649722670988, 0.450065828033379, 0.0 ], [ 121.950523088582713, 0.450031322652426, 0.0 ], [ 121.950516391135835, 0.449739595265557, 0.0 ], [ 121.95056920994935, 0.44953670876791, 0.0 ], [ 121.95056924606321, 0.449283673868121, 0.0 ], [ 121.950396584993229, 0.449076620844861, 0.0 ], [ 121.950155117637436, 0.448950086137793, 0.0 ], [ 121.949948170727339, 0.448950091498572, 0.0 ], [ 121.949706664018308, 0.449099630326026, 0.0 ], [ 121.94908552154574, 0.449237664923112, 0.0 ], [ 121.948360784427251, 0.449237665785799, 0.0 ], [ 121.947636051667487, 0.449214664083035, 0.0 ], [ 121.94681951952478, 0.449042110669077, 0.0 ], [ 121.945844081076643, 0.448699714397742, 0.0 ], [ 121.945496770250671, 0.448455498888327, 0.0 ], [ 121.945278049965054, 0.448317483966702, 0.0 ], [ 121.944852656018327, 0.448225444936616, 0.0 ], [ 121.944369404148148, 0.448236964256425, 0.0 ], [ 121.943840391986171, 0.448179433317124, 0.0 ], [ 121.943345635421295, 0.448133426203982, 0.0 ], [ 121.942897214824995, 0.448052902667432, 0.0 ], [ 121.942344923676444, 0.447811378514044, 0.0 ], [ 121.941781393310521, 0.447615823298823, 0.0 ], [ 121.941605914272913, 0.447489510932124, 0.0 ], [ 121.941316711255382, 0.447370990351929, 0.0 ], [ 121.941009558234668, 0.447106534761703, 0.0 ], [ 121.940762204569836, 0.446910354372436, 0.0 ], [ 121.940640324239467, 0.446807376705153, 0.0 ], [ 121.940267501868803, 0.446492376098399, 0.0 ], [ 121.939926111380572, 0.446091451497858, 0.0 ], [ 121.939747007520737, 0.445784363953487, 0.0 ], [ 121.939593451654218, 0.445511379899992, 0.0 ], [ 121.939525264133621, 0.445187241862159, 0.0 ], [ 121.939371709462861, 0.444905741281624, 0.0 ], [ 121.939209708090544, 0.444777805538914, 0.0 ], [ 121.938953625971394, 0.444752221481019, 0.0 ], [ 121.938390622380524, 0.444811926923032, 0.0 ], [ 121.938220176485089, 0.444828968842196, 0.0 ], [ 121.93790451940275, 0.44512753848303, 0.0 ], [ 121.937529343385208, 0.445357868279687, 0.0 ], [ 121.937310026171218, 0.445471261004941, 0.0 ], [ 121.937060068261204, 0.445818497040244, 0.0 ], [ 121.936957813364742, 0.44613409349961, 0.0 ], [ 121.936869866363594, 0.446534601671126, 0.0 ], [ 121.93678931315344, 0.44629304063684, 0.0 ], [ 121.936789368909203, 0.445904572902415, 0.0 ], [ 121.934895529545287, 0.450854889101863, 0.0 ], [ 121.934873063254244, 0.450873047931859, 0.0 ], [ 121.934451271555957, 0.451125135608814, 0.0 ], [ 121.933932299882144, 0.451546886988767, 0.0 ], [ 121.933493325598207, 0.452169564165965, 0.0 ], [ 121.933533087075162, 0.452932944893307, 0.0 ], [ 121.933552961873858, 0.453354775692043, 0.0 ], [ 121.933629809366849, 0.453973006245016, 0.0 ], [ 121.933613789529304, 0.454071870875809, 0.0 ], [ 121.93342105999173, 0.454779034602497, 0.0 ], [ 121.933412072434891, 0.454793308558203, 0.0 ], [ 121.933173060397891, 0.455167292703366, 0.0 ], [ 121.932332575872721, 0.455597051518035, 0.0 ], [ 121.932337363299354, 0.455502602123418, 0.0 ], [ 121.932301135296342, 0.455539097640604, 0.0 ], [ 121.932075903880246, 0.455765631209397, 0.0 ], [ 121.93206775865886, 0.455780223293915, 0.0 ], [ 121.931656912566254, 0.456066409672333, 0.0 ], [ 121.931158130749608, 0.456669006437886, 0.0 ], [ 121.931178034588271, 0.456889958277821, 0.0 ], [ 121.931517211870087, 0.457050712015076, 0.0 ], [ 121.931753637059018, 0.457082513464017, 0.0 ], [ 121.931753636620442, 0.457085481592338, 0.0 ], [ 121.931781716060186, 0.457086298499236, 0.0 ], [ 121.932115856223731, 0.457131153140659, 0.0 ], [ 121.932474976057165, 0.457251734145929, 0.0 ], [ 121.932582793568784, 0.457306095320868, 0.0 ], [ 121.932809479592962, 0.458637370696317, 0.0 ], [ 121.933139461212591, 0.460216394643291, 0.0 ], [ 121.933572441670663, 0.462148571298586, 0.0 ], [ 121.933799001873609, 0.464309298523462, 0.0 ], [ 121.933851434579083, 0.464817422160672, 0.0 ], [ 121.933797754025022, 0.465140692878067, 0.0 ], [ 121.933874593134334, 0.465800088896744, 0.0 ], [ 121.93399014111688, 0.466731039468131, 0.0 ], [ 121.933940087246157, 0.467209960900953, 0.0 ], [ 121.934014778880709, 0.467210997021831, 0.0 ], [ 121.934127897928178, 0.467488463855874, 0.0 ], [ 121.934204246184521, 0.467676245133157, 0.0 ], [ 121.93451238577596, 0.468833333348799, 0.0 ], [ 121.934914832884132, 0.470252903887784, 0.0 ], [ 121.934879376560744, 0.470753876630896, 0.0 ], [ 121.93480971071574, 0.47094054018129, 0.0 ], [ 121.934812237272126, 0.470944568748281, 0.0 ], [ 121.934837503259118, 0.470982062962059, 0.0 ], [ 121.934607987214008, 0.471675439628365, 0.0 ], [ 121.934607924531889, 0.472087444496098, 0.0 ], [ 121.934597254094555, 0.472088573566802, 0.0 ], [ 121.934798550443659, 0.472316656042197, 0.0 ], [ 121.935260729677296, 0.472394287452475, 0.0 ], [ 121.935723207484457, 0.472355596384348, 0.0 ], [ 121.936031533928571, 0.472278048449519, 0.0 ], [ 121.9363396149609, 0.471967784696518, 0.0 ], [ 121.936457822110654, 0.472021935987081, 0.0 ], [ 121.936463438569064, 0.47201847402996, 0.0 ], [ 121.936867224133863, 0.472018536185929, 0.0 ], [ 121.937250752261264, 0.472282865110189, 0.0 ], [ 121.937573893706769, 0.472648772702948, 0.0 ], [ 121.937513192168836, 0.472973986036544, 0.0 ], [ 121.937270725308124, 0.473888663884318, 0.0 ], [ 121.937472534515592, 0.474437517152575, 0.0 ], [ 121.937674646193045, 0.474844076769125, 0.0 ], [ 121.937700458004841, 0.474984890460232, 0.0 ], [ 121.937775368441265, 0.475392914504295, 0.0 ], [ 121.937694502047421, 0.475372584395055, 0.0 ], [ 121.93766249095178, 0.475380745756774, 0.0 ], [ 121.937685161295875, 0.475859533621951, 0.0 ], [ 121.937490514071925, 0.476218753654338, 0.0 ], [ 121.937165847836525, 0.476643252378332, 0.0 ], [ 121.936517177068581, 0.476839119012888, 0.0 ], [ 121.936322289047297, 0.476937037082629, 0.0 ], [ 121.936160219130358, 0.47726361246128, 0.0 ], [ 121.936160143820985, 0.47775349567634, 0.0 ], [ 121.936387192859939, 0.478504680688312, 0.0 ], [ 121.936906055237714, 0.478831326996713, 0.0 ], [ 121.937587203284124, 0.479256017807232, 0.0 ], [ 121.938625219478993, 0.47984401189514, 0.0 ], [ 121.938915272341163, 0.479912783660134, 0.0 ], [ 121.939546990890108, 0.480400469281709, 0.0 ], [ 121.939770983032616, 0.480945581271123, 0.0 ], [ 121.939786145060879, 0.480952226613622, 0.0 ], [ 121.939834714704119, 0.480977506427331, 0.0 ], [ 121.939965560126439, 0.48104560962277, 0.0 ], [ 121.939927321215208, 0.481372593320399, 0.0 ], [ 121.940131979244129, 0.481652478212284, 0.0 ], [ 121.940102621433994, 0.482654007648113, 0.0 ], [ 121.940044096917205, 0.483419848315795, 0.0 ], [ 121.939663488401209, 0.484244576946162, 0.0 ], [ 121.939048993740812, 0.484951426396245, 0.0 ], [ 121.938171161551736, 0.485334247845097, 0.0 ], [ 121.936678719578438, 0.485363445783919, 0.0 ], [ 121.935742505072696, 0.485598946026071, 0.0 ], [ 121.935478992876995, 0.486394257603821, 0.0 ], [ 121.935098346410371, 0.487454632809951, 0.0 ], [ 121.935098193558687, 0.488426695862402, 0.0 ], [ 121.935273599024484, 0.48901582731216, 0.0 ], [ 121.936209960395857, 0.489634585070879, 0.0 ], [ 121.936941330696271, 0.490312213624681, 0.0 ], [ 121.937087523878006, 0.490960279459722, 0.0 ], [ 121.937037120606846, 0.491771808770495, 0.0 ], [ 121.937028969001062, 0.491902864443121, 0.0 ], [ 121.937291987668615, 0.492462576478063, 0.0 ], [ 121.937613913074415, 0.493405222671521, 0.0 ], [ 121.937642980400568, 0.494259484561725, 0.0 ], [ 121.937116100980376, 0.494907442158814, 0.0 ], [ 121.937115983664981, 0.495643857243015, 0.0 ], [ 121.938139949583615, 0.496292065282792, 0.0 ], [ 121.938461661485533, 0.4966160481142, 0.0 ], [ 121.939169189097939, 0.497328570158499, 0.0 ], [ 121.93921157867166, 0.497396914801955, 0.0 ], [ 121.939242189057794, 0.497375542113092, 0.0 ], [ 121.940127311596612, 0.497078624297246, 0.0 ], [ 121.942637205259643, 0.496322471994519, 0.0 ], [ 121.944234161571373, 0.495965456610507, 0.0 ], [ 121.944677839916636, 0.495858321430313, 0.0 ], [ 121.946094787207429, 0.495615055026137, 0.0 ], [ 121.948838939550654, 0.494418377688115, 0.0 ], [ 121.949937093665767, 0.492945186275521, 0.0 ], [ 121.950197416139474, 0.492804311330745, 0.0 ], [ 121.952860841211333, 0.492496858644413, 0.0 ], [ 121.953002928040846, 0.492480485627959, 0.0 ], [ 121.953225361876903, 0.492217309593572, 0.0 ], [ 121.953195340571284, 0.492062183734924, 0.0 ], [ 121.955401636347943, 0.491692325738961, 0.0 ], [ 121.958435449474337, 0.493130202118701, 0.0 ], [ 121.958446115680218, 0.493157058524333, 0.0 ], [ 121.960773020693424, 0.499076563867122, 0.0 ], [ 121.962618273099679, 0.500130906479805, 0.0 ], [ 121.965315660047168, 0.500006248370015, 0.0 ], [ 121.967037200173451, 0.500310227858884, 0.0 ], [ 121.967225055922356, 0.500309126902402, 0.0 ], [ 121.969965111625314, 0.500292846943688, 0.0 ], [ 121.974366122377148, 0.500186333574363, 0.0 ] ] ] ] } },
{ "type": "Feature", "properties": { "KEC_NO": "033", "KECAMATAN": "DUHIADAA" }, "geometry": { "type": "MultiPolygon", "coordinates": [ [ [ [ 121.89770246880002, 0.511693278117713, 0.0 ], [ 121.897744310656748, 0.511673322161891, 0.0 ], [ 121.89796667072639, 0.511847453389817, 0.0 ], [ 121.898935926734652, 0.512126409593465, 0.0 ], [ 121.899628097129167, 0.51205681465885, 0.0 ], [ 121.90101274467068, 0.511778299858471, 0.0 ], [ 121.902000910767541, 0.511494274617101, 0.0 ], [ 121.902466491768848, 0.511360401649723, 0.0 ], [ 121.90364371501849, 0.510594021576986, 0.0 ], [ 121.904820669244202, 0.509757925580105, 0.0 ], [ 121.906205364977296, 0.509200618509391, 0.0 ], [ 121.906966882085783, 0.509200748543152, 0.0 ], [ 121.907797521985486, 0.508922135791261, 0.0 ], [ 121.908420724342591, 0.508225302638836, 0.0 ], [ 121.909532873374843, 0.507040263325757, 0.0 ], [ 121.909603073582616, 0.507032430948344, 0.0 ], [ 121.909628620210725, 0.507066921849324, 0.0 ], [ 121.909907151861091, 0.50717208951732, 0.0 ], [ 121.910220834193638, 0.506971159453977, 0.0 ], [ 121.911328538268151, 0.50718042199727, 0.0 ], [ 121.911619144575781, 0.507290244422913, 0.0 ], [ 121.911748020682907, 0.507338933476591, 0.0 ], [ 121.91179576484771, 0.507285798284344, 0.0 ], [ 121.912989925761053, 0.507668568489743, 0.0 ], [ 121.913561614089559, 0.507738420742258, 0.0 ], [ 121.916251003369638, 0.504817187061172, 0.0 ], [ 121.916559633132096, 0.504606820809288, 0.0 ], [ 121.92022823683655, 0.501189824966035, 0.0 ], [ 121.921354961525751, 0.500152159941196, 0.0 ], [ 121.926972292166127, 0.494978304885345, 0.0 ], [ 121.92691421549199, 0.494678090932803, 0.0 ], [ 121.926914215560117, 0.494677666915093, 0.0 ], [ 121.926707416942236, 0.49375239147154, 0.0 ], [ 121.926599687284423, 0.493151965037101, 0.0 ], [ 121.926447257584272, 0.492884491199356, 0.0 ], [ 121.926431535393434, 0.492869400689004, 0.0 ], [ 121.926393072167485, 0.492832540253056, 0.0 ], [ 121.92636780475587, 0.492805823045765, 0.0 ], [ 121.924697347525893, 0.491045561806418, 0.0 ], [ 121.924361119880089, 0.488240244267084, 0.0 ], [ 121.924140158549079, 0.48808137887371, 0.0 ], [ 121.92391667265963, 0.487906223760719, 0.0 ], [ 121.923618502979394, 0.487681022613211, 0.0 ], [ 121.92214313994846, 0.486295945450026, 0.0 ], [ 121.92267284167724, 0.485534425268179, 0.0 ], [ 121.923411515892013, 0.484389520704846, 0.0 ], [ 121.9235957659197, 0.484085883190426, 0.0 ], [ 121.923610928526514, 0.484088253043006, 0.0 ], [ 121.923770742575982, 0.483827119308815, 0.0 ], [ 121.924269846596303, 0.48300358074738, 0.0 ], [ 121.926019428278067, 0.479787297628258, 0.0 ], [ 121.92604609725025, 0.479829915605671, 0.0 ], [ 121.926092702086862, 0.479876706240327, 0.0 ], [ 121.926101406927799, 0.479875647572507, 0.0 ], [ 121.926146041823316, 0.479950458390492, 0.0 ], [ 121.926285597433491, 0.479950480448403, 0.0 ], [ 121.926503233860771, 0.479825323644016, 0.0 ], [ 121.927266171630265, 0.479729828131896, 0.0 ], [ 121.928221774569536, 0.479384651688201, 0.0 ], [ 121.928516065478064, 0.479278410905097, 0.0 ], [ 121.930754984039197, 0.478441185881388, 0.0 ], [ 121.930808893843633, 0.478461193864747, 0.0 ], [ 121.933110720508907, 0.477567158205021, 0.0 ], [ 121.934100313383752, 0.477140467314223, 0.0 ], [ 121.934887764022491, 0.476510462860639, 0.0 ], [ 121.935251436277738, 0.476246249726246, 0.0 ], [ 121.936260978364729, 0.475738255258599, 0.0 ], [ 121.93766249095178, 0.475380745756774, 0.0 ], [ 121.937694502047421, 0.475372584395055, 0.0 ], [ 121.937775368441265, 0.475392914504295, 0.0 ], [ 121.937700488449735, 0.474984891748624, 0.0 ], [ 121.937674646193045, 0.474844076769125, 0.0 ], [ 121.937472534515592, 0.474437517152575, 0.0 ], [ 121.937270725308124, 0.473888663884318, 0.0 ], [ 121.937513192168836, 0.472973986036544, 0.0 ], [ 121.937573893706769, 0.472648772702948, 0.0 ], [ 121.937250752261264, 0.472282865110189, 0.0 ], [ 121.936867224133863, 0.472018536185929, 0.0 ], [ 121.936463438569064, 0.47201847402996, 0.0 ], [ 121.936457822110654, 0.472021935987081, 0.0 ], [ 121.9363396149609, 0.471967784696518, 0.0 ], [ 121.936031533928571, 0.472278048449519, 0.0 ], [ 121.935723207484457, 0.472355596384348, 0.0 ], [ 121.935260729677296, 0.472394287452475, 0.0 ], [ 121.934798550443659, 0.472316656042197, 0.0 ], [ 121.934597254094555, 0.472088573566802, 0.0 ], [ 121.934607924531889, 0.472087444496098, 0.0 ], [ 121.934607987214008, 0.471675439628365, 0.0 ], [ 121.934837503259118, 0.470982062962059, 0.0 ], [ 121.934812237272126, 0.470944568748281, 0.0 ], [ 121.93480971071574, 0.47094054018129, 0.0 ], [ 121.934879376560744, 0.470753876630896, 0.0 ], [ 121.934914832884132, 0.470252903887784, 0.0 ], [ 121.93451238577596, 0.468833333348799, 0.0 ], [ 121.934204246184521, 0.467676245133157, 0.0 ], [ 121.934014778880808, 0.467210997021831, 0.0 ], [ 121.933940087246157, 0.467209960900953, 0.0 ], [ 121.93399014111688, 0.466731039468131, 0.0 ], [ 121.933874593134334, 0.465800088896744, 0.0 ], [ 121.933797754025022, 0.465140692878067, 0.0 ], [ 121.933851434579168, 0.464817422160672, 0.0 ], [ 121.933799001873609, 0.464309298523462, 0.0 ], [ 121.933572441670748, 0.462148571298586, 0.0 ], [ 121.933139461212591, 0.460216394643291, 0.0 ], [ 121.932809479592962, 0.458637370696317, 0.0 ], [ 121.932582793568884, 0.457306095320868, 0.0 ], [ 121.93247497605725, 0.457251734145929, 0.0 ], [ 121.932115856223731, 0.457131153140659, 0.0 ], [ 121.931781716060186, 0.457086298499236, 0.0 ], [ 121.931753636620442, 0.457085481592338, 0.0 ], [ 121.931753637059117, 0.457082513464017, 0.0 ], [ 121.931517211870087, 0.457050712015076, 0.0 ], [ 121.931178034588271, 0.456889958277821, 0.0 ], [ 121.931158130749694, 0.456669006437886, 0.0 ], [ 121.931656912566254, 0.456066409672333, 0.0 ], [ 121.93206775865886, 0.455780223293915, 0.0 ], [ 121.932075903880246, 0.455765631209397, 0.0 ], [ 121.932301135296441, 0.455539097640604, 0.0 ], [ 121.932337363299354, 0.455502602123418, 0.0 ], [ 121.932332575872721, 0.455597051518035, 0.0 ], [ 121.933173060397891, 0.455167292703366, 0.0 ], [ 121.93342105999173, 0.454779034602497, 0.0 ], [ 121.933613789529304, 0.454071870875809, 0.0 ], [ 121.933629809366849, 0.453973006245016, 0.0 ], [ 121.933552961873858, 0.453354775692043, 0.0 ], [ 121.933533087075162, 0.452932944893307, 0.0 ], [ 121.933493325598207, 0.452169564165965, 0.0 ], [ 121.933932299882144, 0.451546886988767, 0.0 ], [ 121.934451271556057, 0.451125135608814, 0.0 ], [ 121.934873063254244, 0.450873047931859, 0.0 ], [ 121.934895529545386, 0.450854889101863, 0.0 ], [ 121.936789368909203, 0.445904572902415, 0.0 ], [ 121.936789372581558, 0.445878986359664, 0.0 ], [ 121.936858497790496, 0.445533914980371, 0.0 ], [ 121.936881299469263, 0.44513131228288, 0.0 ], [ 121.936820691037923, 0.444828024235759, 0.0 ], [ 121.936769895420952, 0.444632790798342, 0.0 ], [ 121.936855282900893, 0.444453655001924, 0.0 ], [ 121.936957781378155, 0.444393954397464, 0.0 ], [ 121.937119810643793, 0.444325710566699, 0.0 ], [ 121.937119841117919, 0.444112429179393, 0.0 ], [ 121.937034536501741, 0.443711542152618, 0.0 ], [ 121.936642023277329, 0.44343855820597, 0.0 ], [ 121.936258186320444, 0.44336179029945, 0.0 ], [ 121.935899880333068, 0.443438556677415, 0.0 ], [ 121.935609783741, 0.443685930064523, 0.0 ], [ 121.935379488795121, 0.443984476554275, 0.0 ], [ 121.935243261056087, 0.444274520984171, 0.0 ], [ 121.935029811327965, 0.44459013641636, 0.0 ], [ 121.934407230877042, 0.444991062333715, 0.0 ], [ 121.933844175699534, 0.445409027102643, 0.0 ], [ 121.933620086309645, 0.445511359571542, 0.0 ], [ 121.933522639268986, 0.445591414561201, 0.0 ], [ 121.933174974443261, 0.445871003566127, 0.0 ], [ 121.933042413462843, 0.44604878979249, 0.0 ], [ 121.932556037930453, 0.446313235763744, 0.0 ], [ 121.932180868407983, 0.446500915042085, 0.0 ], [ 121.931839683298492, 0.446628847687806, 0.0 ], [ 121.931421556294623, 0.446790938343015, 0.0 ], [ 121.930670981794748, 0.446850650475321, 0.0 ], [ 121.93015909897079, 0.44680799723527, 0.0 ], [ 121.929314508281493, 0.446526501781923, 0.0 ], [ 121.92856399727917, 0.446151170880897, 0.0 ], [ 121.927839039268576, 0.445775843833056, 0.0 ], [ 121.927233133492081, 0.445434633054757, 0.0 ], [ 121.927080397930723, 0.445318641934404, 0.0 ], [ 121.92621870319401, 0.444878279052778, 0.0 ], [ 121.925298602112548, 0.444441158790303, 0.0 ], [ 121.924401251132011, 0.443969590542741, 0.0 ], [ 121.923435093010326, 0.443589989072927, 0.0 ], [ 121.92242735767897, 0.443342710234366, 0.0 ], [ 121.922208899495246, 0.44334472797785, 0.0 ], [ 121.921833753538365, 0.443378841298107, 0.0 ], [ 121.921492320195881, 0.443293563599871, 0.0 ], [ 121.921331702263146, 0.44328462679533, 0.0 ], [ 121.921185415151115, 0.443276487359627, 0.0 ], [ 121.92089535441356, 0.443276480090153, 0.0 ], [ 121.920665095870305, 0.443327682012677, 0.0 ], [ 121.920315212909117, 0.443421514983581, 0.0 ], [ 121.919931346936153, 0.443566508060859, 0.0 ], [ 121.91960729088963, 0.44370299335859, 0.0 ], [ 121.919419694531001, 0.443882112925235, 0.0 ], [ 121.919325864753191, 0.444189228282647, 0.0 ], [ 121.919368528088725, 0.44430863041474, 0.0 ], [ 121.919564516089565, 0.444351273513481, 0.0 ], [ 121.919811902585039, 0.444300109521593, 0.0 ], [ 121.920093561730909, 0.444146551528605, 0.0 ], [ 121.920315411298702, 0.443993019076698, 0.0 ], [ 121.920528549617075, 0.44388213484841, 0.0 ], [ 121.920784357173886, 0.443856554129888, 0.0 ], [ 121.9208868490432, 0.443839467399191, 0.0 ], [ 121.921006177091883, 0.4439077165918, 0.0 ], [ 121.920920792187587, 0.444069784777871, 0.0 ], [ 121.920767462525987, 0.444180677812005, 0.0 ], [ 121.920733185842366, 0.444317170464119, 0.0 ], [ 121.920852791748615, 0.444402486224264, 0.0 ], [ 121.920963701264938, 0.444428049383232, 0.0 ], [ 121.921054093759849, 0.444351392817248, 0.0 ], [ 121.921074347765085, 0.444334216585078, 0.0 ], [ 121.921245082967502, 0.444248943504836, 0.0 ], [ 121.921227932704511, 0.444402470835241, 0.0 ], [ 121.92123660468782, 0.444624268005826, 0.0 ], [ 121.921185469191897, 0.444837505480526, 0.0 ], [ 121.921244985164407, 0.444922812421415, 0.0 ], [ 121.92136460100528, 0.444939861261621, 0.0 ], [ 121.921466829904844, 0.444803378583662, 0.0 ], [ 121.921552226000998, 0.4445645287164, 0.0 ], [ 121.921680008836418, 0.444419533248234, 0.0 ], [ 121.921825178987348, 0.444419519305165, 0.0 ], [ 121.921918955590883, 0.444479249152989, 0.0 ], [ 121.922047008883396, 0.444402485385557, 0.0 ], [ 121.922132103583479, 0.444308648783513, 0.0 ], [ 121.922260167999269, 0.444155102410386, 0.0 ], [ 121.922481995450255, 0.444155099695313, 0.0 ], [ 121.922686680426949, 0.444248943578733, 0.0 ], [ 121.922695082015167, 0.44440247473763, 0.0 ], [ 121.922737739259404, 0.444564560922993, 0.0 ], [ 121.922874479118747, 0.444615710914879, 0.0 ], [ 121.923010953804166, 0.444556014869794, 0.0 ], [ 121.923198534297526, 0.444487775418993, 0.0 ], [ 121.923368966126091, 0.444556032153391, 0.0 ], [ 121.923334975631136, 0.444658391927026, 0.0 ], [ 121.923155812771213, 0.444769281275574, 0.0 ], [ 121.923087557042493, 0.444922801194485, 0.0 ], [ 121.923232723220508, 0.444956920291543, 0.0 ], [ 121.923514089062422, 0.444888694630778, 0.0 ], [ 121.923769919485039, 0.444701033894316, 0.0 ], [ 121.924213593177853, 0.444573081503323, 0.0 ], [ 121.924401165094793, 0.444564558110665, 0.0 ], [ 121.92461455530696, 0.444658368025967, 0.0 ], [ 121.924964118971545, 0.444837495299426, 0.0 ], [ 121.925203058607266, 0.444948411698247, 0.0 ], [ 121.925335574235518, 0.445082420657643, 0.0 ], [ 121.92553155111797, 0.445204848672924, 0.0 ], [ 121.925742981905699, 0.445260002421248, 0.0 ], [ 121.925945702273111, 0.445352150030435, 0.0 ], [ 121.926397196054239, 0.445517971640478, 0.0 ], [ 121.926765841681146, 0.445775969573007, 0.0 ], [ 121.926894696224096, 0.445987856215106, 0.0 ], [ 121.926821103979449, 0.446153706659417, 0.0 ], [ 121.926655149843853, 0.446181349497036, 0.0 ], [ 121.926240690196266, 0.446227400920866, 0.0 ], [ 121.925733856294315, 0.44622739698064, 0.0 ], [ 121.925227017563145, 0.44625506020071, 0.0 ], [ 121.925088297354947, 0.446308006018041, 0.0 ], [ 121.924947600496338, 0.446440420770093, 0.0 ], [ 121.924838908426409, 0.446606477577775, 0.0 ], [ 121.924712525778247, 0.446779140556978, 0.0 ], [ 121.92459908178617, 0.446799723622985, 0.0 ], [ 121.924434548161059, 0.446717369903941, 0.0 ], [ 121.924213327808886, 0.446402821830131, 0.0 ], [ 121.923638285818768, 0.446230268154961, 0.0 ], [ 121.922716723323475, 0.446197907043481, 0.0 ], [ 121.922409501376663, 0.44642425203583, 0.0 ], [ 121.9223285902291, 0.446715257366063, 0.0 ], [ 121.922425700312544, 0.447022401177248, 0.0 ], [ 121.922668259503141, 0.447345750164567, 0.0 ], [ 121.922829949908831, 0.447669087235995, 0.0 ], [ 121.923088472338605, 0.44828341982364, 0.0 ], [ 121.923193163575704, 0.448588975544455, 0.0 ], [ 121.923508154555321, 0.44900243876838, 0.0 ], [ 121.923734425263092, 0.449342110353727, 0.0 ], [ 121.923518503740027, 0.449280347749097, 0.0 ], [ 121.923155770288304, 0.448917688922483, 0.0 ], [ 121.922792171509656, 0.448709089138281, 0.0 ], [ 121.922211266227563, 0.4483130420929, 0.0 ], [ 121.921603948132642, 0.448035821822339, 0.0 ], [ 121.920864646207093, 0.447837766240715, 0.0 ], [ 121.92054793155836, 0.447692564881689, 0.0 ], [ 121.920177892324887, 0.44771837152358, 0.0 ], [ 121.91998015993309, 0.447732161437057, 0.0 ], [ 121.919531454770649, 0.447705770114152, 0.0 ], [ 121.919122087907567, 0.44749454955089, 0.0 ], [ 121.918514766679692, 0.447243723876349, 0.0 ], [ 121.917828535218078, 0.447045712434528, 0.0 ], [ 121.917273969647368, 0.447032485850167, 0.0 ], [ 121.916825028165064, 0.44670246351413, 0.0 ], [ 121.916376211213645, 0.445527518723336, 0.0 ], [ 121.916293693038682, 0.445286665295556, 0.0 ], [ 121.916032902221204, 0.44482784164324, 0.0 ], [ 121.915637096755916, 0.444048971092962, 0.0 ], [ 121.915412548402486, 0.443454891159627, 0.0 ], [ 121.915056009749577, 0.442979658366953, 0.0 ], [ 121.914744393616772, 0.442535031993811, 0.0 ], [ 121.91400285956918, 0.442253269440433, 0.0 ], [ 121.913420776829398, 0.442237106805381, 0.0 ], [ 121.912935814294826, 0.442463423994103, 0.0 ], [ 121.912358996003022, 0.44293636396822, 0.0 ], [ 121.912225306744062, 0.44315351077862, 0.0 ], [ 121.911803212417112, 0.443575697325586, 0.0 ], [ 121.911360898889967, 0.44401798562526, 0.0 ], [ 121.910998888322851, 0.444480356205838, 0.0 ], [ 121.910838230427061, 0.44478191384683, 0.0 ], [ 121.910817141838237, 0.444983423655669, 0.0 ], [ 121.910777774809929, 0.445364925860252, 0.0 ], [ 121.910726644209916, 0.445543605364067, 0.0 ], [ 121.910492160457665, 0.445686428594109, 0.0 ], [ 121.910016208257801, 0.445742398276598, 0.0 ], [ 121.909652564235259, 0.44585435466991, 0.0 ], [ 121.909372611900523, 0.445868340931747, 0.0 ], [ 121.909302716621269, 0.445714413207047, 0.0 ], [ 121.909260616185335, 0.445588474183837, 0.0 ], [ 121.909050880687474, 0.445476502907675, 0.0 ], [ 121.90898071534825, 0.445252612434492, 0.0 ], [ 121.908994792019897, 0.445000713783576, 0.0 ], [ 121.909329521511836, 0.444835998761865, 0.0 ], [ 121.909484521807201, 0.444818778084981, 0.0 ], [ 121.909876513052268, 0.444790816555977, 0.0 ], [ 121.909988285132215, 0.444678857853491, 0.0 ], [ 121.91011438336291, 0.444524923072569, 0.0 ], [ 121.91012816729264, 0.444356979766817, 0.0 ], [ 121.91021214038885, 0.444245016907123, 0.0 ], [ 121.910366304454541, 0.444189069766247, 0.0 ], [ 121.910645980568276, 0.44414706342029, 0.0 ], [ 121.910870067845011, 0.444049114048565, 0.0 ], [ 121.911065802757463, 0.443895189504255, 0.0 ], [ 121.911345805158291, 0.44354534742566, 0.0 ], [ 121.911513768543088, 0.44320948143393, 0.0 ], [ 121.911468899427732, 0.442813444738225, 0.0 ], [ 121.911305777815784, 0.442678618514884, 0.0 ], [ 121.911219865451628, 0.44260772489733, 0.0 ], [ 121.910964059890262, 0.442631502507611, 0.0 ], [ 121.910925826396209, 0.442635059858824, 0.0 ], [ 121.910234549545521, 0.442699378190463, 0.0 ], [ 121.910086275587517, 0.44280366447567, 0.0 ], [ 121.909834383344716, 0.442943587062876, 0.0 ], [ 121.909526632160976, 0.442957569486894, 0.0 ], [ 121.909288519708824, 0.442957569486095, 0.0 ], [ 121.909163009635648, 0.442930661765155, 0.0 ], [ 121.908684503459895, 0.443169911771361, 0.0 ], [ 121.908286307296379, 0.443387196269577, 0.0 ], [ 121.907598067613179, 0.443495818289934, 0.0 ], [ 121.907055056796167, 0.443206135629763, 0.0 ], [ 121.906618424424749, 0.443206741936323, 0.0 ], [ 121.906388466541443, 0.443126250323038, 0.0 ], [ 121.90591954038095, 0.443142434737557, 0.0 ], [ 121.905191978637845, 0.443336419840472, 0.0 ], [ 121.904593845292766, 0.443643599541436, 0.0 ], [ 121.903947148720732, 0.443853743744808, 0.0 ], [ 121.903009571228026, 0.443934590305987, 0.0 ], [ 121.902231212272781, 0.443951328745066, 0.0 ], [ 121.901333257609267, 0.443821728836573, 0.0 ], [ 121.8997035718956, 0.443604460398132, 0.0 ], [ 121.897639533755111, 0.443169890681653, 0.0 ], [ 121.896154760238176, 0.442807772783764, 0.0 ], [ 121.894271587682596, 0.442155923014402, 0.0 ], [ 121.893186930404113, 0.441881494713962, 0.0 ], [ 121.892533574460714, 0.441576531681802, 0.0 ], [ 121.891374575261878, 0.440852249959293, 0.0 ], [ 121.890288290295544, 0.440200414874629, 0.0 ], [ 121.889881187403702, 0.439901885287623, 0.0 ], [ 121.889371854756803, 0.439751567039996, 0.0 ], [ 121.889100613558853, 0.439732198679303, 0.0 ], [ 121.888732494243115, 0.439751577075346, 0.0 ], [ 121.888403415915064, 0.439693473121609, 0.0 ], [ 121.887531858377457, 0.439577269389017, 0.0 ], [ 121.886989393570957, 0.439422317558273, 0.0 ], [ 121.886698786206466, 0.43934482110413, 0.0 ], [ 121.886369716731508, 0.439228628189374, 0.0 ], [ 121.885924113911003, 0.439151143768716, 0.0 ], [ 121.885711024932277, 0.438938116279468, 0.0 ], [ 121.885594814896635, 0.438686306825202, 0.0 ], [ 121.885284899468473, 0.438163383034089, 0.0 ], [ 121.884413391702168, 0.43771789862224, 0.0 ], [ 121.884084333977, 0.437524216910594, 0.0 ], [ 121.883793713534985, 0.43754360781592, 0.0 ], [ 121.883619322243447, 0.437679159554198, 0.0 ], [ 121.883522421378956, 0.437872847069202, 0.0 ], [ 121.883251438203146, 0.438008419556394, 0.0 ], [ 121.88267019657107, 0.43804716499685, 0.0 ], [ 121.882263612301088, 0.438047174508442, 0.0 ], [ 121.881876153393463, 0.437834121082252, 0.0 ], [ 121.881546428397357, 0.43750424617353, 0.0 ], [ 121.877456727297982, 0.451331658482461, 0.0 ], [ 121.877182597368559, 0.451844209357092, 0.0 ], [ 121.87682983393907, 0.45243564916622, 0.0 ], [ 121.876477332947644, 0.453145352447075, 0.0 ], [ 121.876437918952206, 0.453815706868647, 0.0 ], [ 121.876751207859556, 0.454288916271332, 0.0 ], [ 121.877142812889019, 0.454919905299471, 0.0 ], [ 121.877338743600149, 0.455314230529007, 0.0 ], [ 121.877299304726108, 0.456142317062573, 0.0 ], [ 121.877103465338735, 0.456970343625622, 0.0 ], [ 121.876868278199993, 0.45803496174746, 0.0 ], [ 121.876515543974875, 0.458429235841899, 0.0 ], [ 121.87592805661123, 0.458902338628535, 0.0 ], [ 121.875849660670298, 0.459257187589416, 0.0 ], [ 121.875966994090348, 0.459493803975101, 0.0 ], [ 121.875967273864859, 0.459500305512188, 0.0 ], [ 121.876041682096883, 0.459508196825746, 0.0 ], [ 121.876233712527096, 0.459701646673176, 0.0 ], [ 121.876586089458115, 0.459798412222527, 0.0 ], [ 121.876970220958952, 0.459733988128734, 0.0 ], [ 121.87735069675044, 0.459704614962257, 0.0 ], [ 121.877628144696473, 0.459532651884346, 0.0 ], [ 121.877645268703219, 0.459559685272319, 0.0 ], [ 121.877738779967018, 0.459508465441809, 0.0 ], [ 121.878283012504454, 0.459121747692963, 0.0 ], [ 121.87901957661478, 0.458799545077264, 0.0 ], [ 121.879371703210751, 0.458702890790556, 0.0 ], [ 121.880140227520727, 0.458703011909316, 0.0 ], [ 121.880588580297683, 0.459154371660668, 0.0 ], [ 121.880748560877038, 0.459605650697563, 0.0 ], [ 121.880812475748215, 0.460282594526022, 0.0 ], [ 121.880972375693318, 0.461249612520058, 0.0 ], [ 121.881292346433185, 0.462087756601663, 0.0 ], [ 121.881580663369192, 0.462442381692733, 0.0 ], [ 121.881580592699493, 0.462893670960555, 0.0 ], [ 121.881196174556138, 0.46299028445838, 0.0 ], [ 121.880652011626495, 0.462925748302227, 0.0 ], [ 121.880075547736539, 0.462925656665484, 0.0 ], [ 121.879691420676153, 0.462957820409153, 0.0 ], [ 121.879370992688095, 0.463247898890744, 0.0 ], [ 121.8793068608677, 0.463957011561193, 0.0 ], [ 121.879530779742254, 0.464924074844157, 0.0 ], [ 121.879722974079954, 0.465858908355913, 0.0 ], [ 121.879722861997777, 0.46656803131591, 0.0 ], [ 121.879530469108431, 0.46689035477379, 0.0 ], [ 121.878794137955495, 0.467502684879344, 0.0 ], [ 121.878537729730084, 0.467792737692756, 0.0 ], [ 121.878409607103436, 0.468308455492598, 0.0 ], [ 121.878569872141668, 0.468727545294038, 0.0 ], [ 121.878473473591811, 0.469275492996361, 0.0 ], [ 121.878249366385148, 0.469501101195328, 0.0 ], [ 121.878153258741705, 0.469984599223964, 0.0 ], [ 121.878729650826344, 0.470435945899554, 0.0 ], [ 121.879209788255451, 0.470532733371102, 0.0 ], [ 121.880266405636149, 0.470532904189839, 0.0 ], [ 121.880714829338942, 0.470532976635889, 0.0 ], [ 121.881419043781435, 0.470597575383573, 0.0 ], [ 121.881931467580117, 0.470726592851926, 0.0 ], [ 121.882059457133465, 0.471048932754252, 0.0 ], [ 121.88199532871694, 0.471725856395304, 0.0 ], [ 121.882027235988701, 0.47237053536933, 0.0 ], [ 121.88202715352071, 0.472886274405697, 0.0 ], [ 121.881194493095123, 0.473595298002687, 0.0 ], [ 121.880615146400771, 0.474055679853018, 0.0 ], [ 121.880489852750117, 0.474433241301612, 0.0 ], [ 121.880489743866548, 0.475110174926145, 0.0 ], [ 121.880649925217227, 0.476044968799209, 0.0 ], [ 121.880809877585548, 0.476657443630772, 0.0 ], [ 121.881065917880917, 0.476915354954359, 0.0 ], [ 121.88167437775283, 0.477012164402994, 0.0 ], [ 121.882154531553013, 0.477012242943191, 0.0 ], [ 121.882538899033705, 0.47723795049575, 0.0 ], [ 121.882794955126997, 0.47739915203107, 0.0 ], [ 121.883115099390992, 0.477141334774104, 0.0 ], [ 121.883371212713001, 0.476947992065861, 0.0 ], [ 121.883627575668228, 0.476948033934769, 0.0 ], [ 121.883947631659709, 0.477238180761867, 0.0 ], [ 121.883947553684933, 0.477721695253245, 0.0 ], [ 121.883947334937062, 0.479075528758814, 0.0 ], [ 121.884331348818918, 0.479752490909861, 0.0 ], [ 121.884971778109588, 0.480107175791149, 0.0 ], [ 121.885323828774204, 0.480494038298688, 0.0 ], [ 121.885740217468751, 0.480655266504408, 0.0 ], [ 121.886156335886341, 0.480752044882431, 0.0 ], [ 121.886270888461581, 0.480817891539269, 0.0 ], [ 121.887239902743914, 0.480818050616642, 0.0 ], [ 121.88809084579114, 0.481674871402697, 0.0 ], [ 121.889251247771867, 0.482375954262552, 0.0 ], [ 121.889715322238004, 0.482843292147743, 0.0 ], [ 121.889715208440322, 0.483544219924363, 0.0 ], [ 121.889018766599065, 0.484011366744079, 0.0 ], [ 121.888012942077793, 0.484166954579672, 0.0 ], [ 121.886852618425706, 0.484711936267183, 0.0 ], [ 121.886465571841228, 0.485412763888541, 0.0 ], [ 121.886535270606657, 0.486747140883663, 0.0 ], [ 121.886542828503096, 0.486892472168181, 0.0 ], [ 121.886852082866014, 0.487982835377591, 0.0 ], [ 121.886929082818114, 0.489306790289427, 0.0 ], [ 121.88708354227596, 0.490864388165261, 0.0 ], [ 121.887702216476896, 0.492032680326319, 0.0 ], [ 121.888166237865676, 0.492811527377972, 0.0 ], [ 121.888166121853146, 0.49351245537033, 0.0 ], [ 121.888088748682435, 0.494446964273302, 0.0 ], [ 121.888165784607367, 0.495537289711149, 0.0 ], [ 121.888552600998636, 0.496238282454646, 0.0 ], [ 121.889790181425482, 0.497173015288892, 0.0 ], [ 121.891105274418123, 0.498029918996083, 0.0 ], [ 121.891569204076092, 0.499353942256357, 0.0 ], [ 121.89149157459849, 0.500132698476489, 0.0 ], [ 121.891259534226521, 0.500755710107485, 0.0 ], [ 121.890563087555876, 0.501222853942389, 0.0 ], [ 121.889866974533703, 0.501378488814134, 0.0 ], [ 121.889170580922936, 0.501534123685969, 0.0 ], [ 121.888396981415369, 0.501611868276734, 0.0 ], [ 121.887932659652989, 0.502624223393892, 0.0 ], [ 121.888087257606458, 0.503325177466633, 0.0 ], [ 121.888551330256632, 0.503792518253058, 0.0 ], [ 121.888628671051819, 0.504727090108607, 0.0 ], [ 121.887826184421343, 0.506249190844547, 0.0 ], [ 121.888163654113526, 0.508153664421611, 0.0 ], [ 121.887972962769751, 0.508345849539209, 0.0 ], [ 121.888076713055625, 0.509184104904774, 0.0 ], [ 121.888076659995676, 0.509493102960805, 0.0 ], [ 121.888471251025834, 0.510684893507233, 0.0 ], [ 121.889437255984973, 0.51351990188329, 0.0 ], [ 121.889708793681208, 0.513460128444558, 0.0 ], [ 121.890447038141787, 0.513247968485357, 0.0 ], [ 121.890763501470047, 0.513194951653099, 0.0 ], [ 121.891198456770894, 0.513168490901021, 0.0 ], [ 121.891633429158773, 0.513035850794212, 0.0 ], [ 121.89197600070483, 0.513022660438027, 0.0 ], [ 121.893109600619397, 0.512823819438006, 0.0 ], [ 121.893847831590151, 0.512691231491873, 0.0 ], [ 121.894414774090023, 0.512585185236806, 0.0 ], [ 121.894902533983128, 0.512465839807623, 0.0 ], [ 121.89577247156447, 0.512253701432046, 0.0 ], [ 121.896154644756052, 0.512187409707403, 0.0 ], [ 121.896937518072363, 0.512082460625178, 0.0 ], [ 121.897171437128137, 0.511979466669148, 0.0 ], [ 121.89770246880002, 0.511693278117713, 0.0 ] ] ] ] } },
{ "type": "Feature", "properties": { "KEC_NO": "030", "KECAMATAN": "MARISA" }, "geometry": { "type": "MultiPolygon", "coordinates": [ [ [ [ 121.937723883835588, 0.443461839655811, 0.0 ], [ 121.937639968318763, 0.443455627946946, 0.0 ], [ 121.937443960815926, 0.443540933537804, 0.0 ], [ 121.937384127782479, 0.443703006495184, 0.0 ], [ 121.937341687920366, 0.443984477613753, 0.0 ], [ 121.937433259987074, 0.444221502789105, 0.0 ], [ 121.937443859759128, 0.444248939243266, 0.0 ], [ 121.937469377587036, 0.444487772243235, 0.0 ], [ 121.937460904934937, 0.44482896465388, 0.0 ], [ 121.937622925702044, 0.444820437197791, 0.0 ], [ 121.937768106371095, 0.444752226197409, 0.0 ], [ 121.937863028544143, 0.444659663098207, 0.0 ], [ 121.937989956914862, 0.444598657990184, 0.0 ], [ 121.93841623648018, 0.444376886378791, 0.0 ], [ 121.938638085807497, 0.444231869035605, 0.0 ], [ 121.938689210104144, 0.444095377027509, 0.0 ], [ 121.938689235646166, 0.443916264026257, 0.0 ], [ 121.93855278351964, 0.443813879034394, 0.0 ], [ 121.938314120543509, 0.443720066407934, 0.0 ], [ 121.938151830368383, 0.443651810909103, 0.0 ], [ 121.938015378264367, 0.443549461215241, 0.0 ], [ 121.937870498651023, 0.443472692577757, 0.0 ], [ 121.937723883835588, 0.443461839655811, 0.0 ] ] ] ] } },
{ "type": "Feature", "properties": { "KEC_NO": "031", "KECAMATAN": "PATILANGGIO" }, "geometry": { "type": "MultiPolygon", "coordinates": [ [ [ [ 121.858474102136455, 0.433902385734112, 0.0 ], [ 121.858474243330079, 0.432956917692832, 0.0 ], [ 121.858314003030117, 0.432364449735915, 0.0 ], [ 121.858234042509963, 0.431932125851313, 0.0 ], [ 121.857897696970355, 0.431675903609134, 0.0 ], [ 121.857369268835697, 0.43157985691578, 0.0 ], [ 121.857001150248877, 0.431627890604717, 0.0 ], [ 121.856531664579251, 0.431683117071228, 0.0 ], [ 121.856452192390947, 0.431744762898338, 0.0 ], [ 121.856250540110295, 0.432056625295045, 0.0 ], [ 121.856158651881898, 0.432533584330601, 0.0 ], [ 121.856158846135486, 0.433109386951029, 0.0 ], [ 121.856344438323418, 0.433165100850034, 0.0 ], [ 121.856440714343904, 0.433389274852329, 0.0 ], [ 121.856360390497485, 0.433517382376029, 0.0 ], [ 121.856200341753265, 0.433517358094386, 0.0 ], [ 121.855831962362899, 0.433421300609131, 0.0 ], [ 121.855335790211626, 0.433565423259567, 0.0 ], [ 121.855121241653066, 0.433744109553506, 0.0 ], [ 121.854855302236359, 0.433965718689348, 0.0 ], [ 121.854647195521466, 0.434253941507227, 0.0 ], [ 121.854633138218858, 0.434375382356693, 0.0 ], [ 121.854601054006153, 0.43486786189189, 0.0 ], [ 121.85486410659901, 0.43516389352292, 0.0 ], [ 121.855012027985708, 0.435525700667787, 0.0 ], [ 121.855127078252977, 0.436002621032498, 0.0 ], [ 121.855225853489415, 0.436413781171767, 0.0 ], [ 121.855373788365938, 0.436676900314507, 0.0 ], [ 121.85550069889203, 0.43671554058478, 0.0 ], [ 121.85593315767494, 0.436412829689052, 0.0 ], [ 121.856954688574817, 0.436242570941773, 0.0 ], [ 121.857161109060854, 0.435967315448264, 0.0 ], [ 121.857641604230636, 0.435518965645114, 0.0 ], [ 121.85796177726219, 0.435022571361214, 0.0 ], [ 121.85812187906636, 0.434670279942688, 0.0 ], [ 121.858329998371801, 0.434301991383927, 0.0 ], [ 121.858432512089934, 0.434124699938403, 0.0 ], [ 121.858474102136455, 0.433902385734112, 0.0 ] ] ] ] } },
{ "type": "Feature", "properties": { "KEC_NO": "031", "KECAMATAN": "PATILANGGIO" }, "geometry": { "type": "MultiPolygon", "coordinates": [ [ [ [ 121.852742437758664, 0.435427018960892, 0.0 ], [ 121.853170117544295, 0.43516388273102, 0.0 ], [ 121.853433226794408, 0.435081664912422, 0.0 ], [ 121.853548379584382, 0.434884306894494, 0.0 ], [ 121.853581281280867, 0.434555388855466, 0.0 ], [ 121.853252452274802, 0.434736282985097, 0.0 ], [ 121.852989334930612, 0.43486786189189, 0.0 ], [ 121.852495958771399, 0.435081662214491, 0.0 ], [ 121.852101154601954, 0.435196790722729, 0.0 ], [ 121.85177233818635, 0.435295463436462, 0.0 ], [ 121.851443258269427, 0.435279018433858, 0.0 ], [ 121.85126239471677, 0.435525691674625, 0.0 ], [ 121.851248600016177, 0.43576037695268, 0.0 ], [ 121.851205528786224, 0.436491146248689, 0.0 ], [ 121.851348425660731, 0.436649145438066, 0.0 ], [ 121.851506213509381, 0.436739448161676, 0.0 ], [ 121.851709498958925, 0.436769548469966, 0.0 ], [ 121.851784765917458, 0.436664194692886, 0.0 ], [ 121.851739335765814, 0.436290708052693, 0.0 ], [ 121.851739359148269, 0.436134179254859, 0.0 ], [ 121.851953075833862, 0.435887510510761, 0.0 ], [ 121.852232777575537, 0.435640817484843, 0.0 ], [ 121.852742437758664, 0.435427018960892, 0.0 ] ] ] ] } },
{ "type": "Feature", "properties": { "KEC_NO": "031", "KECAMATAN": "PATILANGGIO" }, "geometry": { "type": "MultiPolygon", "coordinates": [ [ [ [ 121.852992407914002, 0.436827304729297, 0.0 ], [ 121.853188127367261, 0.436753946132055, 0.0 ], [ 121.853515521954705, 0.436775585618702, 0.0 ], [ 121.85364694527884, 0.43667691830092, 0.0 ], [ 121.85366353237427, 0.436545337595477, 0.0 ], [ 121.853745867104763, 0.436117738748835, 0.0 ], [ 121.853959589186402, 0.43583817370421, 0.0 ], [ 121.85422275869108, 0.435361241648317, 0.0 ], [ 121.85428854499682, 0.434818522387407, 0.0 ], [ 121.854266453151212, 0.434221623470803, 0.0 ], [ 121.854203290167746, 0.434120876021131, 0.0 ], [ 121.853979260057116, 0.433868841022393, 0.0 ], [ 121.853877285932143, 0.43419357901258, 0.0 ], [ 121.853729275512578, 0.434423827035805, 0.0 ], [ 121.853729235942538, 0.434686959668377, 0.0 ], [ 121.853630613590752, 0.435130985531211, 0.0 ], [ 121.853334634120387, 0.435328351643109, 0.0 ], [ 121.85305496205639, 0.435377670463159, 0.0 ], [ 121.85262756195992, 0.435657273279348, 0.0 ], [ 121.852232739803981, 0.435887518604642, 0.0 ], [ 121.851969607171412, 0.436117748641367, 0.0 ], [ 121.851887302118683, 0.436348007456492, 0.0 ], [ 121.851923225537135, 0.436462813108144, 0.0 ], [ 121.852018122896979, 0.436521234865798, 0.0 ], [ 121.852130988710996, 0.436588952015908, 0.0 ], [ 121.852123390339116, 0.436701842111668, 0.0 ], [ 121.852115789269305, 0.436829749985916, 0.0 ], [ 121.852130930255015, 0.436972712510934, 0.0 ], [ 121.852206171133247, 0.437040459338726, 0.0 ], [ 121.852326621829334, 0.437085599908675, 0.0 ], [ 121.852439481348043, 0.437198473816584, 0.0 ], [ 121.852552343564767, 0.437288768446224, 0.0 ], [ 121.852671942602825, 0.437399453404312, 0.0 ], [ 121.85276009594682, 0.437487589661183, 0.0 ], [ 121.852906952536202, 0.437463126303354, 0.0 ], [ 121.852967934663639, 0.437120749910162, 0.0 ], [ 121.852887931875244, 0.436978341367515, 0.0 ], [ 121.852992407914002, 0.436827304729297, 0.0 ] ] ] ] } },
{ "type": "Feature", "properties": { "KEC_NO": "031", "KECAMATAN": "PATILANGGIO" }, "geometry": { "type": "MultiPolygon", "coordinates": [ [ [ [ 121.855267478609562, 0.437814920396855, 0.0 ], [ 121.855373122867618, 0.437366088557071, 0.0 ], [ 121.855386368082492, 0.437049252010206, 0.0 ], [ 121.855386397760086, 0.436852688992877, 0.0 ], [ 121.855275219973549, 0.436759143314118, 0.0 ], [ 121.855143560127772, 0.436561782598081, 0.0 ], [ 121.854995632445849, 0.436249302367146, 0.0 ], [ 121.854864020264159, 0.435739483003976, 0.0 ], [ 121.854732400887883, 0.435278991454106, 0.0 ], [ 121.854469341999689, 0.435015854325042, 0.0 ], [ 121.854387046839406, 0.435180321438393, 0.0 ], [ 121.854321291110637, 0.435525700667787, 0.0 ], [ 121.854173262704649, 0.435871067306719, 0.0 ], [ 121.853926662308908, 0.436331537272876, 0.0 ], [ 121.853893770505053, 0.436594663610128, 0.0 ], [ 121.853828011178976, 0.436956472553733, 0.0 ], [ 121.853737265089578, 0.43729644236115, 0.0 ], [ 121.853712886268042, 0.436972920254357, 0.0 ], [ 121.853696334246067, 0.436874266426317, 0.0 ], [ 121.853482648137259, 0.436923594239617, 0.0 ], [ 121.853219542484439, 0.4369729517306, 0.0 ], [ 121.853104406781512, 0.437055155159997, 0.0 ], [ 121.853038668139874, 0.437285416673054, 0.0 ], [ 121.853022067554519, 0.437509466568846, 0.0 ], [ 121.853081576592572, 0.43762855029537, 0.0 ], [ 121.853146683910154, 0.437860669807692, 0.0 ], [ 121.853207025720366, 0.43804126985905, 0.0 ], [ 121.853274664629595, 0.43824445098715, 0.0 ], [ 121.853297359920219, 0.43856051681506, 0.0 ], [ 121.853395068560772, 0.438598126462279, 0.0 ], [ 121.853553154085006, 0.438583098791172, 0.0 ], [ 121.853628420144346, 0.438485271440152, 0.0 ], [ 121.853696109415509, 0.438357336586241, 0.0 ], [ 121.85377140605172, 0.438056338898933, 0.0 ], [ 121.853745886889925, 0.437844578238726, 0.0 ], [ 121.853707484939861, 0.437408375578156, 0.0 ], [ 121.85387730571729, 0.437778772147838, 0.0 ], [ 121.853926671302162, 0.43812413339082, 0.0 ], [ 121.85389377859893, 0.438387294801616, 0.0 ], [ 121.853614057072278, 0.438765537056644, 0.0 ], [ 121.853375930988008, 0.438885387904823, 0.0 ], [ 121.853307680539871, 0.439013463952369, 0.0 ], [ 121.853256275292694, 0.439150092552358, 0.0 ], [ 121.8531685976901, 0.439623482178701, 0.0 ], [ 121.853141332044714, 0.43981378681404, 0.0 ], [ 121.853017208517613, 0.439918497575879, 0.0 ], [ 121.853012973610248, 0.440063648151438, 0.0 ], [ 121.853168516751111, 0.44015151191366, 0.0 ], [ 121.853392888604205, 0.440006324465906, 0.0 ], [ 121.853722864245952, 0.439676285871675, 0.0 ], [ 121.854056493833014, 0.439321336956526, 0.0 ], [ 121.85419832411165, 0.439108649095247, 0.0 ], [ 121.854396325144904, 0.438805019991699, 0.0 ], [ 121.854673508784771, 0.43850140257942, 0.0 ], [ 121.854990293170871, 0.43813175244705, 0.0 ], [ 121.855267478609562, 0.437814920396855, 0.0 ] ] ] ] } },
{ "type": "Feature", "properties": { "KEC_NO": "031", "KECAMATAN": "PATILANGGIO" }, "geometry": { "type": "MultiPolygon", "coordinates": [ [ [ [ 121.867807447819615, 0.439894800440425, 0.0 ], [ 121.86778169303534, 0.439376127251849, 0.0 ], [ 121.867729821040029, 0.438883350041168, 0.0 ], [ 121.867638923864547, 0.438364630987235, 0.0 ], [ 121.867379506331318, 0.438157180777425, 0.0 ], [ 121.867268310558288, 0.438175714005799, 0.0 ], [ 121.866990604412294, 0.438221994916103, 0.0 ], [ 121.86675726002332, 0.438273865112774, 0.0 ], [ 121.866705291800443, 0.438429468508188, 0.0 ], [ 121.866653313685219, 0.438636977173905, 0.0 ], [ 121.866407043340743, 0.438766652215987, 0.0 ], [ 121.866095650390122, 0.438753672301155, 0.0 ], [ 121.865953036801983, 0.438572139652952, 0.0 ], [ 121.865758739176869, 0.438520238879318, 0.0 ], [ 121.865538041054251, 0.438507272454318, 0.0 ], [ 121.865278865438626, 0.438559174127233, 0.0 ], [ 121.865019420925719, 0.438533234981912, 0.0 ], [ 121.864915783954444, 0.438701797607814, 0.0 ], [ 121.864980615180258, 0.438909289186399, 0.0 ], [ 121.865058369663558, 0.439064878192789, 0.0 ], [ 121.864980578307978, 0.439155673744844, 0.0 ], [ 121.864850858299818, 0.439129718411761, 0.0 ], [ 121.864773104715809, 0.43896116387974, 0.0 ], [ 121.864811884381055, 0.438753687589637, 0.0 ], [ 121.864721205740821, 0.438649933706374, 0.0 ], [ 121.864604399996992, 0.43863694839568, 0.0 ], [ 121.864617341240972, 0.438468371380578, 0.0 ], [ 121.864513755531107, 0.438299812351976, 0.0 ], [ 121.864059740898455, 0.438170137309894, 0.0 ], [ 121.863567006855192, 0.437832975185896, 0.0 ], [ 121.863243022496832, 0.437534742014493, 0.0 ], [ 121.863184078233047, 0.437393254377598, 0.0 ], [ 121.862895471404755, 0.437104708703133, 0.0 ], [ 121.862160288236282, 0.435764164897127, 0.0 ], [ 121.861812215537341, 0.43506796104336, 0.0 ], [ 121.861657790253844, 0.435014230149404, 0.0 ], [ 121.861409867854704, 0.434921262734659, 0.0 ], [ 121.861239427444389, 0.434936749060037, 0.0 ], [ 121.861037817431878, 0.434967742395047, 0.0 ], [ 121.860821062836365, 0.434874780376253, 0.0 ], [ 121.860851972534547, 0.434719810103461, 0.0 ], [ 121.860851995916818, 0.434561372044965, 0.0 ], [ 121.860852019299273, 0.434409930711803, 0.0 ], [ 121.860727929046973, 0.434285996042342, 0.0 ], [ 121.860418226821864, 0.434239484905534, 0.0 ], [ 121.860216597923568, 0.434394429098032, 0.0 ], [ 121.860019457541512, 0.434576510332656, 0.0 ], [ 121.859699628950253, 0.434653700941138, 0.0 ], [ 121.859426434702854, 0.43456486501177, 0.0 ], [ 121.859225100782211, 0.434626846286017, 0.0 ], [ 121.85894625249712, 0.434797290293635, 0.0 ], [ 121.858512391671184, 0.435091698648397, 0.0 ], [ 121.858078515556869, 0.435479033948409, 0.0 ], [ 121.85786280597361, 0.435910110473285, 0.0 ], [ 121.857446615926193, 0.43632631670845, 0.0 ], [ 121.857258193571852, 0.436420629509042, 0.0 ], [ 121.857125360110913, 0.436558305819216, 0.0 ], [ 121.856880771498624, 0.436705010423148, 0.0 ], [ 121.856599691995569, 0.436778391503382, 0.0 ], [ 121.856367180378854, 0.436906652811268, 0.0 ], [ 121.856424486077799, 0.436738931950779, 0.0 ], [ 121.856479546169837, 0.436569972723814, 0.0 ], [ 121.856330163384769, 0.43659595593593, 0.0 ], [ 121.856206616323021, 0.436595972123692, 0.0 ], [ 121.855956424934448, 0.436664199189467, 0.0 ], [ 121.855761540951448, 0.43678119558959, 0.0 ], [ 121.855652856984904, 0.436904282198407, 0.0 ], [ 121.855598921045456, 0.437070378883346, 0.0 ], [ 121.855566613800846, 0.437177612243404, 0.0 ], [ 121.85566263980995, 0.437204763674818, 0.0 ], [ 121.855836181981871, 0.437099636526943, 0.0 ], [ 121.855966207759479, 0.436959910661842, 0.0 ], [ 121.85607347169659, 0.436937172203704, 0.0 ], [ 121.856245028165532, 0.436974016527829, 0.0 ], [ 121.856086089184629, 0.437059640978292, 0.0 ], [ 121.855865921662001, 0.437255251613537, 0.0 ], [ 121.855706948506921, 0.437573197923795, 0.0 ], [ 121.855549392683344, 0.437792949959563, 0.0 ], [ 121.855457528736665, 0.438099316599354, 0.0 ], [ 121.854985442227843, 0.438638723657307, 0.0 ], [ 121.854865825203476, 0.438649940900974, 0.0 ], [ 121.854502720336768, 0.438961141396747, 0.0 ], [ 121.854165705701547, 0.439415024728289, 0.0 ], [ 121.854126632857387, 0.439700304964434, 0.0 ], [ 121.853984253992422, 0.439829958422803, 0.0 ], [ 121.85362116531347, 0.440024486274319, 0.0 ], [ 121.853361674035938, 0.440309767409834, 0.0 ], [ 121.853296791548729, 0.440452400782946, 0.0 ], [ 121.853295363425332, 0.44060748077304, 0.0 ], [ 121.853900733955484, 0.44065071747819, 0.0 ], [ 121.854765527414727, 0.440866954064249, 0.0 ], [ 121.855587112047857, 0.440866939675048, 0.0 ], [ 121.855862006013936, 0.440851682676894, 0.0 ], [ 121.856153183104638, 0.440847946893123, 0.0 ], [ 121.856360964264923, 0.440860946593106, 0.0 ], [ 121.856556122541207, 0.440789425310788, 0.0 ], [ 121.856796771223713, 0.440698441800373, 0.0 ], [ 121.857030684883526, 0.440587918720263, 0.0 ], [ 121.85717361773095, 0.440509888145106, 0.0 ], [ 121.857394895916329, 0.44039286026865, 0.0 ], [ 121.857773157057039, 0.440137171324588, 0.0 ], [ 121.858172744720363, 0.439959644256608, 0.0 ], [ 121.858743329474464, 0.439804050753727, 0.0 ], [ 121.859339721173427, 0.439817004588265, 0.0 ], [ 121.859728587119548, 0.439985571710837, 0.0 ], [ 121.859865597032112, 0.440085093384494, 0.0 ], [ 121.860156741747204, 0.440296789293563, 0.0 ], [ 121.860273223735163, 0.440595062035091, 0.0 ], [ 121.860316708653144, 0.440835727804715, 0.0 ], [ 121.86038993325144, 0.441243422856212, 0.0 ], [ 121.860423880859457, 0.441421583046812, 0.0 ], [ 121.860516254721702, 0.441459757468392, 0.0 ], [ 121.860638945628835, 0.441550054795962, 0.0 ], [ 121.860898935130848, 0.441680088667544, 0.0 ], [ 121.861139558632416, 0.441764609649757, 0.0 ], [ 121.86139955802696, 0.441836130932165, 0.0 ], [ 121.861641315573564, 0.441836131831534, 0.0 ], [ 121.861868465432394, 0.441891818750876, 0.0 ], [ 121.862412907794351, 0.441930699140096, 0.0 ], [ 121.862918616356481, 0.441878836138114, 0.0 ], [ 121.863567247873604, 0.441813992321753, 0.0 ], [ 121.864008097330981, 0.441736183879131, 0.0 ], [ 121.864695224327448, 0.44148983439423, 0.0 ], [ 121.865265845953658, 0.44110078768436, 0.0 ], [ 121.865630343870038, 0.440875447261506, 0.0 ], [ 121.866602466916987, 0.440662815158203, 0.0 ], [ 121.866783014807496, 0.440659910348033, 0.0 ], [ 121.867353599561611, 0.440517247297238, 0.0 ], [ 121.867742526661644, 0.440283854344807, 0.0 ], [ 121.867807447819615, 0.439894800440425, 0.0 ] ] ] ] } },
{ "type": "Feature", "properties": { "KEC_NO": "031", "KECAMATAN": "PATILANGGIO" }, "geometry": { "type": "MultiPolygon", "coordinates": [ [ [ [ 121.970149646342776, 0.725044952375268, 0.0 ], [ 121.970833536679223, 0.724241979211575, 0.0 ], [ 121.970861133275079, 0.72420957753823, 0.0 ], [ 121.970229214758632, 0.723365839006211, 0.0 ], [ 121.970726362674441, 0.717873084022118, 0.0 ], [ 121.969735588587938, 0.71188063514163, 0.0 ], [ 121.968496685258401, 0.706637170425343, 0.0 ], [ 121.970483298413015, 0.695651877193741, 0.0 ], [ 121.975693227410744, 0.688911743669189, 0.0 ], [ 121.978918400353933, 0.684667885281014, 0.0 ], [ 121.980159355037046, 0.680423664466127, 0.0 ], [ 121.983880340402735, 0.677927724776887, 0.0 ], [ 121.983187423571096, 0.677329561413513, 0.0 ], [ 121.983600195295367, 0.672015271490193, 0.0 ], [ 121.981140026139769, 0.66924629763279, 0.0 ], [ 121.976219614084371, 0.665456893645748, 0.0 ], [ 121.973470578196284, 0.660939405738263, 0.0 ], [ 121.971300527629396, 0.655256402776176, 0.0 ], [ 121.966235727623513, 0.650447075877052, 0.0 ], [ 121.960740107399374, 0.645997665747915, 0.0 ], [ 121.9603262708778, 0.644254990995856, 0.0 ], [ 121.959578525979168, 0.641260536421333, 0.0 ], [ 121.959204693100119, 0.640262382498262, 0.0 ], [ 121.95845715684429, 0.639014687396537, 0.0 ], [ 121.957335485537072, 0.638266130410185, 0.0 ], [ 121.956336247031714, 0.63751745831067, 0.0 ], [ 121.954588915590222, 0.636893648980878, 0.0 ], [ 121.95309377472995, 0.636145016451488, 0.0 ], [ 121.951842475145554, 0.634897291672169, 0.0 ], [ 121.951346387530393, 0.633025774650191, 0.0 ], [ 121.950720927944843, 0.632152446624827, 0.0 ], [ 121.949469783943101, 0.631528599523649, 0.0 ], [ 121.947974290548743, 0.63115423784315, 0.0 ], [ 121.947226707528102, 0.630156083920079, 0.0 ], [ 121.947348646602137, 0.628409356822983, 0.0 ], [ 121.947478346825136, 0.627161703090033, 0.0 ], [ 121.948027786719621, 0.626234270052732, 0.0 ], [ 121.948401480203856, 0.625111327104237, 0.0 ], [ 121.949027204190088, 0.62323982716939, 0.0 ], [ 121.949279067418317, 0.62049491017631, 0.0 ], [ 121.949523027404567, 0.619371940248152, 0.0 ], [ 121.949400915660746, 0.617749966203566, 0.0 ], [ 121.948775528020846, 0.616502302578085, 0.0 ], [ 121.947531760258471, 0.615504123474002, 0.0 ], [ 121.94640279365106, 0.614755503535162, 0.0 ], [ 121.945036877272486, 0.613757372095173, 0.0 ], [ 121.944533591483975, 0.612759270332778, 0.0 ], [ 121.944411332251278, 0.611885836187413, 0.0 ], [ 121.944281771423249, 0.611012470390575, 0.0 ], [ 121.943663622426385, 0.60864186561516, 0.0 ], [ 121.942786330189477, 0.607518958639579, 0.0 ], [ 121.94154274948599, 0.607019925744838, 0.0 ], [ 121.939795674351217, 0.605148383541847, 0.0 ], [ 121.938666343518364, 0.603401626767068, 0.0 ], [ 121.93767453341286, 0.602029165122912, 0.0 ], [ 121.936797129660178, 0.60003278263319, 0.0 ], [ 121.935797834497379, 0.598161322268469, 0.0 ], [ 121.935050017653111, 0.596913642455136, 0.0 ], [ 121.934928155920858, 0.595416337826231, 0.0 ], [ 121.934805941654318, 0.594293512688919, 0.0 ], [ 121.934928119947941, 0.592671453208675, 0.0 ], [ 121.935301848505645, 0.591299013148232, 0.0 ], [ 121.935912265131691, 0.590070324318263, 0.0 ], [ 121.935667993980104, 0.588448653345201, 0.0 ], [ 121.934790748508021, 0.587076430920712, 0.0 ], [ 121.933295388213324, 0.58607846405672, 0.0 ], [ 121.931677833437064, 0.585330008693789, 0.0 ], [ 121.930174822609985, 0.584706308182019, 0.0 ], [ 121.9296791639714, 0.583458857695822, 0.0 ], [ 121.930678559858165, 0.581837180427529, 0.0 ], [ 121.931922134266415, 0.580839208167498, 0.0 ], [ 121.933295274898725, 0.579217563274818, 0.0 ], [ 121.934790820453671, 0.577720566214017, 0.0 ], [ 121.935912383842236, 0.575974173664599, 0.0 ], [ 121.936911821097851, 0.574102989391827, 0.0 ], [ 121.937789107938812, 0.572231815910866, 0.0 ], [ 121.938284996803617, 0.57073487370876, 0.0 ], [ 121.938162887757898, 0.56898845687761, 0.0 ], [ 121.938033241494139, 0.566992505163037, 0.0 ], [ 121.93791117471639, 0.564996589421378, 0.0 ], [ 121.937415149154603, 0.562626478373866, 0.0 ], [ 121.937354289334849, 0.562215027753625, 0.0 ], [ 121.93735425695931, 0.560842796335885, 0.0 ], [ 121.937232119135189, 0.559221148745185, 0.0 ], [ 121.937046691523264, 0.55821099606768, 0.0 ], [ 121.936980487932033, 0.557848942508458, 0.0 ], [ 121.936405810363482, 0.557177898087806, 0.0 ], [ 121.936404968598069, 0.557173622710953, 0.0 ], [ 121.937088916491149, 0.552909989130716, 0.0 ], [ 121.937682004081026, 0.551120205192683, 0.0 ], [ 121.938127090244507, 0.547838836313845, 0.0 ], [ 121.938127431087509, 0.545899761321804, 0.0 ], [ 121.938868650505441, 0.543215074622898, 0.0 ], [ 121.939017354302365, 0.540679429866068, 0.0 ], [ 121.940202997982752, 0.53844226469482, 0.0 ], [ 121.940351722464015, 0.535757470077351, 0.0 ], [ 121.940351977871359, 0.534265876143296, 0.0 ], [ 121.938870912300359, 0.53008920520468, 0.0 ], [ 121.938385285599111, 0.529172321214792, 0.0 ], [ 121.937781761377138, 0.528032666164994, 0.0 ], [ 121.937772497460841, 0.528015103305117, 0.0 ], [ 121.937758468936536, 0.527988593989663, 0.0 ], [ 121.937686039338928, 0.5278516641168, 0.0 ], [ 121.935760414607088, 0.523973220953548, 0.0 ], [ 121.933834542561698, 0.523227113720397, 0.0 ], [ 121.931612023749054, 0.523226732407904, 0.0 ], [ 121.928580560274327, 0.521367424581802, 0.0 ], [ 121.928486222292804, 0.521309846388211, 0.0 ], [ 121.928204610391191, 0.521137966163314, 0.0 ], [ 121.924469850109972, 0.520364801028288, 0.0 ], [ 121.92329555047759, 0.518731533297627, 0.0 ], [ 121.922732940911374, 0.518092902241589, 0.0 ], [ 121.922702339680669, 0.518058198303821, 0.0 ], [ 121.922695321371535, 0.518050352618386, 0.0 ], [ 121.922414577315621, 0.517731832540695, 0.0 ], [ 121.921180781235918, 0.515913331451693, 0.0 ], [ 121.920730799163238, 0.515107904937499, 0.0 ], [ 121.917829008932031, 0.510297792030938, 0.0 ], [ 121.916436536473356, 0.508636155186907, 0.0 ], [ 121.91527443599324, 0.507947709845906, 0.0 ], [ 121.913579043977407, 0.507740551998763, 0.0 ], [ 121.913561614387007, 0.507738420460972, 0.0 ], [ 121.912989926164826, 0.507668568320278, 0.0 ], [ 121.911795765005536, 0.507285797978811, 0.0 ], [ 121.911748020898386, 0.507338933521621, 0.0 ], [ 121.911619144454193, 0.507290244226981, 0.0 ], [ 121.911328538433082, 0.507180421718738, 0.0 ], [ 121.910220834496414, 0.506971159375018, 0.0 ], [ 121.909907151871835, 0.507172089500089, 0.0 ], [ 121.909628620148197, 0.507066921882719, 0.0 ], [ 121.90960307400664, 0.507032431084235, 0.0 ], [ 121.909532872929063, 0.507040263279838, 0.0 ], [ 121.908420724542793, 0.508225302615743, 0.0 ], [ 121.907797522255493, 0.50892213599492, 0.0 ], [ 121.906966882348954, 0.50920074865755, 0.0 ], [ 121.906205365232836, 0.509200618255905, 0.0 ], [ 121.904820669211787, 0.509757925419522, 0.0 ], [ 121.903643714780898, 0.51059402151286, 0.0 ], [ 121.902466491610753, 0.511360401456455, 0.0 ], [ 121.902000892440242, 0.511494244156933, 0.0 ], [ 121.90101274467068, 0.511778299858471, 0.0 ], [ 121.899628097129167, 0.51205681465885, 0.0 ], [ 121.898935926734652, 0.512126409593465, 0.0 ], [ 121.89796667072639, 0.511847453389817, 0.0 ], [ 121.897744310656748, 0.511673322161891, 0.0 ], [ 121.89770246880002, 0.511693278117713, 0.0 ], [ 121.897171437128137, 0.511979466669148, 0.0 ], [ 121.896937518072363, 0.512082460625178, 0.0 ], [ 121.896154644756052, 0.512187409707403, 0.0 ], [ 121.89577247156447, 0.512253701432046, 0.0 ], [ 121.894902533983128, 0.512465839807623, 0.0 ], [ 121.894414774090023, 0.512585185236806, 0.0 ], [ 121.893847831590151, 0.512691231491873, 0.0 ], [ 121.893109600619397, 0.512823819438006, 0.0 ], [ 121.89197600070483, 0.513022660438027, 0.0 ], [ 121.891633429158773, 0.513035850794212, 0.0 ], [ 121.891198456770894, 0.513168490901021, 0.0 ], [ 121.890763501470047, 0.513194951653099, 0.0 ], [ 121.890447038141787, 0.513247968485357, 0.0 ], [ 121.889708793681208, 0.513460128444558, 0.0 ], [ 121.889437255984973, 0.51351990188329, 0.0 ], [ 121.888471251025834, 0.510684893507233, 0.0 ], [ 121.888076659995676, 0.509493102960805, 0.0 ], [ 121.888076713055625, 0.509184104904774, 0.0 ], [ 121.887972962769751, 0.508345849539209, 0.0 ], [ 121.888163654113526, 0.508153664421611, 0.0 ], [ 121.887826184421343, 0.506249190844547, 0.0 ], [ 121.888628671051819, 0.504727090108607, 0.0 ], [ 121.888551330256632, 0.503792518253058, 0.0 ], [ 121.888087257606458, 0.503325177466633, 0.0 ], [ 121.887932659652989, 0.502624223393892, 0.0 ], [ 121.888396981415369, 0.501611868276734, 0.0 ], [ 121.889170580922936, 0.501534123685969, 0.0 ], [ 121.889866974533703, 0.501378488814134, 0.0 ], [ 121.890563087555876, 0.501222853942389, 0.0 ], [ 121.891259534226521, 0.500755710107485, 0.0 ], [ 121.89149157459849, 0.500132698476489, 0.0 ], [ 121.891569204076092, 0.499353942256357, 0.0 ], [ 121.891105274418123, 0.498029918996083, 0.0 ], [ 121.889790181425482, 0.497173015288892, 0.0 ], [ 121.888552600998636, 0.496238282454646, 0.0 ], [ 121.888165784607367, 0.495537289711149, 0.0 ], [ 121.888088748682435, 0.494446964273302, 0.0 ], [ 121.888166121853146, 0.49351245537033, 0.0 ], [ 121.888166237865676, 0.492811527377972, 0.0 ], [ 121.887702216476896, 0.492032680326319, 0.0 ], [ 121.88708354227596, 0.490864388165261, 0.0 ], [ 121.886929082818114, 0.489306790289427, 0.0 ], [ 121.886852082866014, 0.487982835377591, 0.0 ], [ 121.886542828503096, 0.486892472168181, 0.0 ], [ 121.886465572244191, 0.485412763674135, 0.0 ], [ 121.88685261886188, 0.484711936405828, 0.0 ], [ 121.888012942130558, 0.48416695445062, 0.0 ], [ 121.889018766371251, 0.484011366343599, 0.0 ], [ 121.889715208545226, 0.483544219810765, 0.0 ], [ 121.889715321859825, 0.482843291818406, 0.0 ], [ 121.889251247410996, 0.482375954629281, 0.0 ], [ 121.88809084590136, 0.481674871054265, 0.0 ], [ 121.887239902900674, 0.480818050984082, 0.0 ], [ 121.886270888810017, 0.480817891804035, 0.0 ], [ 121.886156335867867, 0.480752045243741, 0.0 ], [ 121.885740217766283, 0.480655266502099, 0.0 ], [ 121.885323828968723, 0.480494038746686, 0.0 ], [ 121.884971777669222, 0.480107175590687, 0.0 ], [ 121.884331348868386, 0.479752491076306, 0.0 ], [ 121.883947334764585, 0.479075529116661, 0.0 ], [ 121.883947553299819, 0.4777216951297, 0.0 ], [ 121.883947631540877, 0.477238180935861, 0.0 ], [ 121.883627575421045, 0.476948033568929, 0.0 ], [ 121.883371212884782, 0.476947992200154, 0.0 ], [ 121.88311509946071, 0.477141334745239, 0.0 ], [ 121.882794955207387, 0.477399152384565, 0.0 ], [ 121.882538899339949, 0.477237950709446, 0.0 ], [ 121.882154531802584, 0.477012243363121, 0.0 ], [ 121.881674377475889, 0.477012164222783, 0.0 ], [ 121.881065917774507, 0.476915354904354, 0.0 ], [ 121.88080987719546, 0.476657443735488, 0.0 ], [ 121.880649925577998, 0.476044968561355, 0.0 ], [ 121.880489743734032, 0.475110174573183, 0.0 ], [ 121.880489852552046, 0.47443324139194, 0.0 ], [ 121.880615146097199, 0.474055679923717, 0.0 ], [ 121.881194492945724, 0.473595298091149, 0.0 ], [ 121.882027153628982, 0.472886274401878, 0.0 ], [ 121.882027236366611, 0.472370535701154, 0.0 ], [ 121.881995328420999, 0.471725856704479, 0.0 ], [ 121.882059457276199, 0.471048932516309, 0.0 ], [ 121.881931467563774, 0.470726593018016, 0.0 ], [ 121.881419043763941, 0.470597575380375, 0.0 ], [ 121.880714829648923, 0.470532977079001, 0.0 ], [ 121.880266405202093, 0.470532904233893, 0.0 ], [ 121.879209788152508, 0.470532733362754, 0.0 ], [ 121.87872965091303, 0.470435945627949, 0.0 ], [ 121.878153258337221, 0.469984599283828, 0.0 ], [ 121.878249366184605, 0.46950110127784, 0.0 ], [ 121.878473473637015, 0.469275492856917, 0.0 ], [ 121.878569871965269, 0.468727544937701, 0.0 ], [ 121.878409607383759, 0.468308455476078, 0.0 ], [ 121.878537729296653, 0.467792737459786, 0.0 ], [ 121.878794137698364, 0.467502684521585, 0.0 ], [ 121.879530469300988, 0.466890355037579, 0.0 ], [ 121.879722862162097, 0.466568031727048, 0.0 ], [ 121.879722973677957, 0.465858908213094, 0.0 ], [ 121.879530779567204, 0.464924074654797, 0.0 ], [ 121.87930686097242, 0.463957011193665, 0.0 ], [ 121.879370992525651, 0.463247898471523, 0.0 ], [ 121.879691420964633, 0.462957820352309, 0.0 ], [ 121.880075547483671, 0.462925656999262, 0.0 ], [ 121.880652012005115, 0.462925748730063, 0.0 ], [ 121.88119617467791, 0.462990284078861, 0.0 ], [ 121.881580592577379, 0.462893670812585, 0.0 ], [ 121.881580663623836, 0.46244238202509, 0.0 ], [ 121.881292346377137, 0.462087756865896, 0.0 ], [ 121.880972375692963, 0.461249612116914, 0.0 ], [ 121.880812475336811, 0.460282594521226, 0.0 ], [ 121.88074856052026, 0.459605650548082, 0.0 ], [ 121.880588580124481, 0.459154371653118, 0.0 ], [ 121.880140227623315, 0.458703011819166, 0.0 ], [ 121.879371702990042, 0.458702890410682, 0.0 ], [ 121.879019577046705, 0.458799545045822, 0.0 ], [ 121.878283012519645, 0.459121747847151, 0.0 ], [ 121.877738779699683, 0.459508465313023, 0.0 ], [ 121.877645269094387, 0.459559685299852, 0.0 ], [ 121.877628145103714, 0.459532651679621, 0.0 ], [ 121.877350697063079, 0.459704614642158, 0.0 ], [ 121.876970220892062, 0.459733988298287, 0.0 ], [ 121.87658608987644, 0.459798412131222, 0.0 ], [ 121.876233712122982, 0.4597016468795, 0.0 ], [ 121.876041681688761, 0.459508196415674, 0.0 ], [ 121.875967273582688, 0.459500305764253, 0.0 ], [ 121.875966993893528, 0.459493803665926, 0.0 ], [ 121.875849660247695, 0.459257187543409, 0.0 ], [ 121.875928056846874, 0.458902338453031, 0.0 ], [ 121.876515544358568, 0.45842923571036, 0.0 ], [ 121.876868278243521, 0.458034962140834, 0.0 ], [ 121.877103465343367, 0.456970343823242, 0.0 ], [ 121.877299304406364, 0.456142317346435, 0.0 ], [ 121.877338743274635, 0.455314230615071, 0.0 ], [ 121.877142812480727, 0.454919904884958, 0.0 ], [ 121.876751208099009, 0.454288916267513, 0.0 ], [ 121.876437919377466, 0.453815706505471, 0.0 ], [ 121.876477333064798, 0.453145352764154, 0.0 ], [ 121.876829834025315, 0.452435649187448, 0.0 ], [ 121.877182597588032, 0.451844209155565, 0.0 ], [ 121.877456727130294, 0.451331658551383, 0.0 ], [ 121.881546428232781, 0.437504246004509, 0.0 ], [ 121.881450258332293, 0.437408032037227, 0.0 ], [ 121.881314684637005, 0.437078766859881, 0.0 ], [ 121.880888462652365, 0.436962559165214, 0.0 ], [ 121.88061721363853, 0.437001280374476, 0.0 ], [ 121.880249364848169, 0.437098112176075, 0.0 ], [ 121.880036213836121, 0.437311180450565, 0.0 ], [ 121.879939289404447, 0.437659808930428, 0.0 ], [ 121.879745767894164, 0.438047184700023, 0.0 ], [ 121.87958592689337, 0.438525480128086, 0.0 ], [ 121.879706905491361, 0.438810822417439, 0.0 ], [ 121.879789104424177, 0.439292404867535, 0.0 ], [ 121.879930011998312, 0.439621317510612, 0.0 ], [ 121.879918176920427, 0.439903212698693, 0.0 ], [ 121.879694952602193, 0.439879717011342, 0.0 ], [ 121.879577627949615, 0.43957434052511, 0.0 ], [ 121.879436741959097, 0.439104479838308, 0.0 ], [ 121.879339628669868, 0.438831649816355, 0.0 ], [ 121.879274216482031, 0.4387513601442, 0.0 ], [ 121.87919871480041, 0.43854898930518, 0.0 ], [ 121.879135292812208, 0.438298990371626, 0.0 ], [ 121.879131391553344, 0.438100588240724, 0.0 ], [ 121.879111501247934, 0.437791057786034, 0.0 ], [ 121.879083731083014, 0.437604559081554, 0.0 ], [ 121.878996424001087, 0.43747758920019, 0.0 ], [ 121.878920590469647, 0.437612519880152, 0.0 ], [ 121.878855715177039, 0.437703319029596, 0.0 ], [ 121.878713063817514, 0.437768135866205, 0.0 ], [ 121.878713083602491, 0.437638459025473, 0.0 ], [ 121.878842856670687, 0.437314286708838, 0.0 ], [ 121.878778020048927, 0.437132729778904, 0.0 ], [ 121.878635381279864, 0.437119775944454, 0.0 ], [ 121.878479819253229, 0.437145688110023, 0.0 ], [ 121.878362997321545, 0.437236480064866, 0.0 ], [ 121.87822032707615, 0.437430972842838, 0.0 ], [ 121.878194469769269, 0.437599548958571, 0.0 ], [ 121.878090858878295, 0.437599568743722, 0.0 ], [ 121.87796115325925, 0.437469873017208, 0.0 ], [ 121.878051878664223, 0.437262403921616, 0.0 ], [ 121.878155559702378, 0.436795582943387, 0.0 ], [ 121.878142676014917, 0.436575131234944, 0.0 ], [ 121.878168536019899, 0.436393587794929, 0.0 ], [ 121.878246327375479, 0.436302826417049, 0.0 ], [ 121.878371309755124, 0.436099248687886, 0.0 ], [ 121.878097583109067, 0.435803849280285, 0.0 ], [ 121.877897930920511, 0.435874311161326, 0.0 ], [ 121.877815634861037, 0.436038744100502, 0.0 ], [ 121.877850980015381, 0.436273686584725, 0.0 ], [ 121.877831861328303, 0.436441626879728, 0.0 ], [ 121.877713584293744, 0.43688091961072, 0.0 ], [ 121.877557157119327, 0.437060676097926, 0.0 ], [ 121.877436663255821, 0.437301708790931, 0.0 ], [ 121.877416425812186, 0.437436540545492, 0.0 ], [ 121.877334120759457, 0.43765973518604, 0.0 ], [ 121.877263623804879, 0.43778894078204, 0.0 ], [ 121.877063973415062, 0.437847636832904, 0.0 ], [ 121.876930872855411, 0.437886802307234, 0.0 ], [ 121.876852513128256, 0.438023851790019, 0.0 ], [ 121.876805598196057, 0.438176559368512, 0.0 ], [ 121.876656181236712, 0.438421226221779, 0.0 ], [ 121.87651183015852, 0.438587663749805, 0.0 ], [ 121.876276797742051, 0.438669886064984, 0.0 ], [ 121.875901081682628, 0.438799082667644, 0.0 ], [ 121.875630943331572, 0.438928293659595, 0.0 ], [ 121.875501781802271, 0.438916543117988, 0.0 ], [ 121.875301858018616, 0.438928279270483, 0.0 ], [ 121.875149379767166, 0.438987016690122, 0.0 ], [ 121.875090679219724, 0.439092727498051, 0.0 ], [ 121.875102173454621, 0.439210215827339, 0.0 ], [ 121.875067059425874, 0.43931593023248, 0.0 ], [ 121.874879190154616, 0.439456849497892, 0.0 ], [ 121.874820468023458, 0.439703544322371, 0.0 ], [ 121.874702833104763, 0.439597806534779, 0.0 ], [ 121.874529045417859, 0.439456903457218, 0.0 ], [ 121.874397638281479, 0.439445116942698, 0.0 ], [ 121.874385827485327, 0.439562565701772, 0.0 ], [ 121.874291744911233, 0.439680036943839, 0.0 ], [ 121.874127472950661, 0.43975050422083, 0.0 ], [ 121.873951134786594, 0.439762279044169, 0.0 ], [ 121.873880669308249, 0.439680045937089, 0.0 ], [ 121.873845588554573, 0.439562589983415, 0.0 ], [ 121.87373973385499, 0.43953907630974, 0.0 ], [ 121.873622349847238, 0.439633047367875, 0.0 ], [ 121.87342268237019, 0.439809264123551, 0.0 ], [ 121.873293503753942, 0.439914964139669, 0.0 ], [ 121.87312895210421, 0.439973699760658, 0.0 ], [ 121.872952890931288, 0.440008936097084, 0.0 ], [ 121.872835231730861, 0.440067678912763, 0.0 ], [ 121.872776525787458, 0.440208618862518, 0.0 ], [ 121.872670932790712, 0.440314322475936, 0.0 ], [ 121.872412599839777, 0.44036131295118, 0.0 ], [ 121.87228314243373, 0.440455282210754, 0.0 ], [ 121.872189349441342, 0.440514028623644, 0.0 ], [ 121.872012994189959, 0.440643218931162, 0.0 ], [ 121.871825140207193, 0.440678453468939, 0.0 ], [ 121.871590127575971, 0.440631458496936, 0.0 ], [ 121.87144610924679, 0.440451055397188, 0.0 ], [ 121.871226820361784, 0.440402331928284, 0.0 ], [ 121.871056078678592, 0.440548517623478, 0.0 ], [ 121.870934187268745, 0.440743438478756, 0.0 ], [ 121.870641881528854, 0.440767809206414, 0.0 ], [ 121.870398149071093, 0.440816533574688, 0.0 ], [ 121.870056997554542, 0.440767826293546, 0.0 ], [ 121.869910965643527, 0.44091401648532, 0.0 ], [ 121.869862078497917, 0.44110894723313, 0.0 ], [ 121.869657075343369, 0.44128936742001, 0.0 ], [ 121.869558237154365, 0.441295288556302, 0.0 ], [ 121.869415326790104, 0.441217496301442, 0.0 ], [ 121.869233938932666, 0.441204536171673, 0.0 ], [ 121.868974475534074, 0.441295305643434, 0.0 ], [ 121.868818899118239, 0.441424992376697, 0.0 ], [ 121.868780126647493, 0.441580598470041, 0.0 ], [ 121.868728142236932, 0.441839942258885, 0.0 ], [ 121.868468696824763, 0.441814002214284, 0.0 ], [ 121.868300246613998, 0.441658400617521, 0.0 ], [ 121.868027893232735, 0.441580589476879, 0.0 ], [ 121.86774261569451, 0.441554645834978, 0.0 ], [ 121.86747025871594, 0.441502768443706, 0.0 ], [ 121.867133316026553, 0.441476851781468, 0.0 ], [ 121.866316206419825, 0.441567605964747, 0.0 ], [ 121.865642010774735, 0.441710252827691, 0.0 ], [ 121.865226980852839, 0.441865870612305, 0.0 ], [ 121.864760010587091, 0.441995545654387, 0.0 ], [ 121.864072888087208, 0.442203027340442, 0.0 ], [ 121.863515234684655, 0.442254918221545, 0.0 ], [ 121.862983703889086, 0.442241938306713, 0.0 ], [ 121.862607445538401, 0.442254884047281, 0.0 ], [ 121.862232039745095, 0.442198361657757, 0.0 ], [ 121.861172937868758, 0.441986547937505, 0.0 ], [ 121.860755717198487, 0.441784125837179, 0.0 ], [ 121.860508917153197, 0.441706105154553, 0.0 ], [ 121.860359272665463, 0.441602094065212, 0.0 ], [ 121.860268311638123, 0.441504557195253, 0.0 ], [ 121.860268327825978, 0.44140053441473, 0.0 ], [ 121.860198155526632, 0.441233464663364, 0.0 ], [ 121.860156645519737, 0.440932200776815, 0.0 ], [ 121.860066016342245, 0.44050429166405, 0.0 ], [ 121.859832441726851, 0.440231971557674, 0.0 ], [ 121.85948233206355, 0.440011504560837, 0.0 ], [ 121.859028582730957, 0.439985569912186, 0.0 ], [ 121.858678444289339, 0.439959651451298, 0.0 ], [ 121.858289254587277, 0.440076370860103, 0.0 ], [ 121.857965205477768, 0.440206031512984, 0.0 ], [ 121.857679895563933, 0.440400535982226, 0.0 ], [ 121.857573462600342, 0.440486593006577, 0.0 ], [ 121.857278602785996, 0.440703817048175, 0.0 ], [ 121.856968304310286, 0.440889978506868, 0.0 ], [ 121.856658016626469, 0.440998582433698, 0.0 ], [ 121.856239066559837, 0.441091693740007, 0.0 ], [ 121.855711740094677, 0.441138218366559, 0.0 ], [ 121.855261637512982, 0.441138218366559, 0.0 ], [ 121.85476521445068, 0.441076166045855, 0.0 ], [ 121.854470399602405, 0.440998597722268, 0.0 ], [ 121.854098091973498, 0.440889993795261, 0.0 ], [ 121.853725769955403, 0.440874460705247, 0.0 ], [ 121.853167285579232, 0.440858967185269, 0.0 ], [ 121.852887912090182, 0.440796913965284, 0.0 ], [ 121.852670865215032, 0.44078136828463, 0.0 ], [ 121.852545388208213, 0.440552738141812, 0.0 ], [ 121.85251677807652, 0.440356949440738, 0.0 ], [ 121.852904386770462, 0.439560158216716, 0.0 ], [ 121.853079087269151, 0.439223665188253, 0.0 ], [ 121.853035944992826, 0.438575032771853, 0.0 ], [ 121.852776341299887, 0.437753373495057, 0.0 ], [ 121.851565424871865, 0.436974994090926, 0.0 ], [ 121.850481657290317, 0.43650810116687, 0.0 ], [ 121.850430299707156, 0.436333085006106, 0.0 ], [ 121.850355066922802, 0.436212690967368, 0.0 ], [ 121.850114170027382, 0.43609230682116, 0.0 ], [ 121.850001305112727, 0.436017063244991, 0.0 ], [ 121.849858398345688, 0.4359267632194, 0.0 ], [ 121.849670283559448, 0.435843982425181, 0.0 ], [ 121.849482157981498, 0.435836462294352, 0.0 ], [ 121.849233667210953, 0.435791302838621, 0.0 ], [ 121.848925367928047, 0.435761186342569, 0.0 ], [ 121.848669307563938, 0.435648325924491, 0.0 ], [ 121.84862495839738, 0.435547935505669, 0.0 ], [ 121.848411362220901, 0.435245319938042, 0.0 ], [ 121.847598535185625, 0.447447017260787, 0.0 ], [ 121.848015167699529, 0.447806853091785, 0.0 ], [ 121.848670515353447, 0.447866882837315, 0.0 ], [ 121.84914697436588, 0.448106804867558, 0.0 ], [ 121.849385035698916, 0.448406649624049, 0.0 ], [ 121.849503920675275, 0.44948594217911, 0.0 ], [ 121.849622945046434, 0.451464587340604, 0.0 ], [ 121.849146117311975, 0.453563095940738, 0.0 ], [ 121.848788409276878, 0.455241891849071, 0.0 ], [ 121.848550110522893, 0.456441014567969, 0.0 ], [ 121.848549719317788, 0.458899332918809, 0.0 ], [ 121.848311138176626, 0.460098489812059, 0.0 ], [ 121.847596263498161, 0.461777226365116, 0.0 ], [ 121.846523964071125, 0.463335979869699, 0.0 ], [ 121.846225922455474, 0.464115395292834, 0.0 ], [ 121.846166298304169, 0.464714965195893, 0.0 ], [ 121.846344762465577, 0.465434497462995, 0.0 ], [ 121.846821132445214, 0.466214040589845, 0.0 ], [ 121.847475996263938, 0.467533266866597, 0.0 ], [ 121.848488361273638, 0.468492749042974, 0.0 ], [ 121.848965889580128, 0.469053752420149, 0.0 ], [ 121.848963922762749, 0.469065341983059, 0.0 ], [ 121.848963867004869, 0.469403168706188, 0.0 ], [ 121.848985201621332, 0.469436986811748, 0.0 ], [ 121.849237029775935, 0.469676416013546, 0.0 ], [ 121.84946080178122, 0.46977499879504, 0.0 ], [ 121.849572820433877, 0.469873598663666, 0.0 ], [ 121.849544677050261, 0.470267849750198, 0.0 ], [ 121.849418705416426, 0.47135204900635, 0.0 ], [ 121.849446445903752, 0.471704085017359, 0.0 ], [ 121.849600266842941, 0.472013882570747, 0.0 ], [ 121.849684171789576, 0.472323668432865, 0.0 ], [ 121.849656035600546, 0.472675695450712, 0.0 ], [ 121.849642225611575, 0.472985465125068, 0.0 ], [ 121.84948831384078, 0.473224825978428, 0.0 ], [ 121.84914532860661, 0.474090731899083, 0.0 ], [ 121.848949516523177, 0.474710278442396, 0.0 ], [ 121.848697538181781, 0.475386101860335, 0.0 ], [ 121.848641585962383, 0.475836670290812, 0.0 ], [ 121.848627457613233, 0.47637176330098, 0.0 ], [ 121.848529341579891, 0.477103935539284, 0.0 ], [ 121.848431524121494, 0.477723498270359, 0.0 ], [ 121.848165500168491, 0.478427480360315, 0.0 ], [ 121.847808820058503, 0.478899127100644, 0.0 ], [ 121.847613072726304, 0.479124382087929, 0.0 ], [ 121.847445101854333, 0.479476384824133, 0.0 ], [ 121.847235284628965, 0.479884703105808, 0.0 ], [ 121.847109124137305, 0.48040567855863, 0.0 ], [ 121.847081224470017, 0.481011155208781, 0.0 ], [ 121.847108925387133, 0.481588479482146, 0.0 ], [ 121.847276744273842, 0.482137666667119, 0.0 ], [ 121.847395755155162, 0.482398167883362, 0.0 ], [ 121.847563352808606, 0.482595323553907, 0.0 ], [ 121.848108889645459, 0.482806642647064, 0.0 ], [ 121.848542377252699, 0.483102390092353, 0.0 ], [ 121.84864034130068, 0.483285472272436, 0.0 ], [ 121.84869616401771, 0.483609351410079, 0.0 ], [ 121.84872420218062, 0.483848707766858, 0.0 ], [ 121.848961952348162, 0.484313424331555, 0.0 ], [ 121.849115786777276, 0.484538739573485, 0.0 ], [ 121.849311451371847, 0.484806321152158, 0.0 ], [ 121.849325450218544, 0.485045709884461, 0.0 ], [ 121.849297332915313, 0.485270993650059, 0.0 ], [ 121.849199311310699, 0.485425845212299, 0.0 ], [ 121.849017588905568, 0.485735622081255, 0.0 ], [ 121.848888088331933, 0.486070246318552, 0.0 ], [ 121.849000135762907, 0.48599931589071, 0.0 ], [ 121.849308662574202, 0.48635436822793, 0.0 ], [ 121.84988173755093, 0.48644322484173, 0.0 ], [ 121.850719368787026, 0.486221506887956, 0.0 ], [ 121.851688903585071, 0.486399155364329, 0.0 ], [ 121.852217789474565, 0.487109245649479, 0.0 ], [ 121.852658531013375, 0.487686182315032, 0.0 ], [ 121.853187500539775, 0.487908134991892, 0.0 ], [ 121.853627961490162, 0.488485071657356, 0.0 ], [ 121.853892360368064, 0.489106358388751, 0.0 ], [ 121.854377192967917, 0.48963892430403, 0.0 ], [ 121.854906072562244, 0.49039335925916, 0.0 ], [ 121.854950005342602, 0.491280849807855, 0.0 ], [ 121.85468541131182, 0.491813321294314, 0.0 ], [ 121.854200433921051, 0.492123858090325, 0.0 ], [ 121.854068106778385, 0.492567559297834, 0.0 ], [ 121.853979862602856, 0.493011302773576, 0.0 ], [ 121.854067901732975, 0.493765662185667, 0.0 ], [ 121.854090045739241, 0.493988551956041, 0.0 ], [ 121.8543421859587, 0.494039335771683, 0.0 ], [ 121.855239010570699, 0.494143690401953, 0.0 ], [ 121.855446204473623, 0.494317392653291, 0.0 ], [ 121.855790948781745, 0.494699519080237, 0.0 ], [ 121.855929026189571, 0.495116342250261, 0.0 ], [ 121.856135753344347, 0.496366740713964, 0.0 ], [ 121.85630790156722, 0.497860301465396, 0.0 ], [ 121.856393449575279, 0.498398876650378, 0.0 ], [ 121.856583618412927, 0.499597013712476, 0.0 ], [ 121.8567215807075, 0.500673769280117, 0.0 ], [ 121.856652428239386, 0.501125290092678, 0.0 ], [ 121.856134841431839, 0.501646198096521, 0.0 ], [ 121.855134355566832, 0.501819689007136, 0.0 ], [ 121.854375319680258, 0.50216688756504, 0.0 ], [ 121.854237074099132, 0.502722594834752, 0.0 ], [ 121.854375144312357, 0.503174151620227, 0.0 ], [ 121.854443798556062, 0.503972993298544, 0.0 ], [ 121.854167569096845, 0.505188607784861, 0.0 ], [ 121.853615401558585, 0.50595264120397, 0.0 ], [ 121.852649385807723, 0.506508200984816, 0.0 ], [ 121.851855806062517, 0.506890125064289, 0.0 ], [ 121.851387953561954, 0.507211120975474, 0.0 ], [ 121.851332621874718, 0.507299268923526, 0.0 ], [ 121.851105725624748, 0.507404664968751, 0.0 ], [ 121.851096458111243, 0.507410988101968, 0.0 ], [ 121.851091403921373, 0.507411340636148, 0.0 ], [ 121.849613485078066, 0.508097683423907, 0.0 ], [ 121.848555608977748, 0.508896250808925, 0.0 ], [ 121.848066988433374, 0.509158446347983, 0.0 ], [ 121.847894286228211, 0.509251096302003, 0.0 ], [ 121.847767374042022, 0.509221569660249, 0.0 ], [ 121.846655682498493, 0.511053605372717, 0.0 ], [ 121.846393347598564, 0.511486043887847, 0.0 ], [ 121.846265174264659, 0.512234321042397, 0.0 ], [ 121.846085564366945, 0.51326638929841, 0.0 ], [ 121.845982909455259, 0.514195297223834, 0.0 ], [ 121.845781570138669, 0.51426970892721, 0.0 ], [ 121.845978969525547, 0.514244657412836, 0.0 ], [ 121.845674145223029, 0.515174658913801, 0.0 ], [ 121.845222691859448, 0.516421719094166, 0.0 ], [ 121.844823531374075, 0.517298843157858, 0.0 ], [ 121.844728828267748, 0.517721594658686, 0.0 ], [ 121.844781246151555, 0.518218327087742, 0.0 ], [ 121.844833521942547, 0.519497172905873, 0.0 ], [ 121.845064466040967, 0.520300459033711, 0.0 ], [ 121.845116918099038, 0.520606954276496, 0.0 ], [ 121.845103439959729, 0.520607940832844, 0.0 ], [ 121.845130371057252, 0.520743310381925, 0.0 ], [ 121.844888468719887, 0.521521139400986, 0.0 ], [ 121.844350576120277, 0.522508584197316, 0.0 ], [ 121.844135465485465, 0.522650586246458, 0.0 ], [ 121.844050922020074, 0.52278678227247, 0.0 ], [ 121.844054850258701, 0.522806146474446, 0.0 ], [ 121.843786099561527, 0.522995485237869, 0.0 ], [ 121.841850929425576, 0.524341201944205, 0.0 ], [ 121.840950405902092, 0.524510106312474, 0.0 ], [ 121.840936085997356, 0.524508442566711, 0.0 ], [ 121.840433174326648, 0.524603750017442, 0.0 ], [ 121.840102102411521, 0.524714812690811, 0.0 ], [ 121.838725595616751, 0.525129515259452, 0.0 ], [ 121.837275515286905, 0.525581197050799, 0.0 ], [ 121.836877883648981, 0.525766377349095, 0.0 ], [ 121.836208137849354, 0.526107081003361, 0.0 ], [ 121.836082876679825, 0.526262666412362, 0.0 ], [ 121.836080349584932, 0.526263408353004, 0.0 ], [ 121.836097755962783, 0.52627750972241, 0.0 ], [ 121.835942994332783, 0.526529374749289, 0.0 ], [ 121.835523412942095, 0.526973899735798, 0.0 ], [ 121.835096557834746, 0.527270198465528, 0.0 ], [ 121.834978620743712, 0.527299821233855, 0.0 ], [ 121.834507715044751, 0.52741827633425, 0.0 ], [ 121.834272083679934, 0.527684965785395, 0.0 ], [ 121.834139545196535, 0.527714585855791, 0.0 ], [ 121.834006996820534, 0.527803460456004, 0.0 ], [ 121.83383032680662, 0.528092421617225, 0.0 ], [ 121.833786156605171, 0.528551786316571, 0.0 ], [ 121.833764232932694, 0.528671527447537, 0.0 ], [ 121.833786132323439, 0.528685170162672, 0.0 ], [ 121.833734361951457, 0.52924827345671, 0.0 ], [ 121.833152885508269, 0.530544873690468, 0.0 ], [ 121.833241009174685, 0.53078197904413, 0.0 ], [ 121.833373495497398, 0.53102651279782, 0.0 ], [ 121.833395601732107, 0.53143405586387, 0.0 ], [ 121.833490891196419, 0.532382500661059, 0.0 ], [ 121.833473482120638, 0.53238776169489, 0.0 ], [ 121.833365737945556, 0.533456866730146, 0.0 ], [ 121.833174101414286, 0.534190357374546, 0.0 ], [ 121.833100401974136, 0.534894260324163, 0.0 ], [ 121.833064124222659, 0.535190561751823, 0.0 ], [ 121.833102018955088, 0.535250706610428, 0.0 ], [ 121.833246585870597, 0.535463690348718, 0.0 ], [ 121.833525052843001, 0.535867289887663, 0.0 ], [ 121.833725487441697, 0.536125157889015, 0.0 ], [ 121.834205509568022, 0.536801995742157, 0.0 ], [ 121.834682198806945, 0.537282095210249, 0.0 ], [ 121.835043790114597, 0.537629742529803, 0.0 ], [ 121.835290261007884, 0.53796083063287, 0.0 ], [ 121.835635576385513, 0.538258795806294, 0.0 ], [ 121.835914902210476, 0.538573319296835, 0.0 ], [ 121.836539552406308, 0.539136198659688, 0.0 ], [ 121.837368904483725, 0.539671346528551, 0.0 ], [ 121.838316735943266, 0.540283226351538, 0.0 ], [ 121.840128172857774, 0.541452521256706, 0.0 ], [ 121.840275569939777, 0.541547596682372, 0.0 ], [ 121.840252782918085, 0.543244884450215, 0.0 ], [ 121.84017759599918, 0.544376998684841, 0.0 ], [ 121.840102418073428, 0.545458832723992, 0.0 ], [ 121.840077017622079, 0.547597332376108, 0.0 ], [ 121.840001741670307, 0.549182319104284, 0.0 ], [ 121.839951371542767, 0.551195025188215, 0.0 ], [ 121.8398634403313, 0.554314695066908, 0.0 ], [ 121.83985585814726, 0.554318827451565, 0.0 ], [ 121.839863720020546, 0.554322150446511, 0.0 ], [ 121.830536626424049, 0.563221161360987, 0.0 ], [ 121.830590846549242, 0.563085315171223, 0.0 ], [ 121.830427938860225, 0.56332972032183, 0.0 ], [ 121.828885855188787, 0.564649436728919, 0.0 ], [ 121.828858339531934, 0.564639820278527, 0.0 ], [ 121.827680762770228, 0.565755168452435, 0.0 ], [ 121.827166837102695, 0.566147513875519, 0.0 ], [ 121.826723721353801, 0.566290136456819, 0.0 ], [ 121.825837836094962, 0.566254268796333, 0.0 ], [ 121.825341658547558, 0.566361192789726, 0.0 ], [ 121.825146779061143, 0.566414683564646, 0.0 ], [ 121.824756765580076, 0.566396760076619, 0.0 ], [ 121.824260591630065, 0.566485840621604, 0.0 ], [ 121.824012632358901, 0.566592815876303, 0.0 ], [ 121.823604932810824, 0.566557045342657, 0.0 ], [ 121.823020335720088, 0.566521273909552, 0.0 ], [ 121.822436840299133, 0.5665882536156, 0.0 ], [ 121.821913343147187, 0.567108820776356, 0.0 ], [ 121.821911380826492, 0.567094687031426, 0.0 ], [ 121.82189839641498, 0.567429964176406, 0.0 ], [ 121.821711523592612, 0.568160940316468, 0.0 ], [ 121.821586725573937, 0.568787519558027, 0.0 ], [ 121.821549583574068, 0.569170703587511, 0.0 ], [ 121.821495932719813, 0.569266870790068, 0.0 ], [ 121.82112822062642, 0.570047877113859, 0.0 ], [ 121.820107168165876, 0.570540993368977, 0.0 ], [ 121.819147125711908, 0.570651247551827, 0.0 ], [ 121.819143195674542, 0.570646123214873, 0.0 ], [ 121.818377763809622, 0.570645964934195, 0.0 ], [ 121.817765112368406, 0.570491678146227, 0.0 ], [ 121.817203606270255, 0.570131867496153, 0.0 ], [ 121.816957639896586, 0.570107048006844, 0.0 ], [ 121.81692060131877, 0.569984291449126, 0.0 ], [ 121.816513800193462, 0.569676948145607, 0.0 ], [ 121.815574744318269, 0.568772358787255, 0.0 ], [ 121.814104624395583, 0.568319822640033, 0.0 ], [ 121.813206162118121, 0.569388507691863, 0.0 ], [ 121.812674988353407, 0.57037501179729, 0.0 ], [ 121.812429589452023, 0.571690459122846, 0.0 ], [ 121.812184513407146, 0.572800370895114, 0.0 ], [ 121.811285784930263, 0.573786832732397, 0.0 ], [ 121.809325538098918, 0.574074176912668, 0.0 ], [ 121.808427150465306, 0.574772846707398, 0.0 ], [ 121.808263603358341, 0.575389449769696, 0.0 ], [ 121.808467548910158, 0.576293920417496, 0.0 ], [ 121.808874495725689, 0.577239844415116, 0.0 ], [ 121.808875618978917, 0.577239490981567, 0.0 ], [ 121.808880389882319, 0.577253201145859, 0.0 ], [ 121.808998264020687, 0.577527307305851, 0.0 ], [ 121.808975517468667, 0.577541012074194, 0.0 ], [ 121.808998246933555, 0.57760952782238, 0.0 ], [ 121.809161554820861, 0.578143979615868, 0.0 ], [ 121.809365423030982, 0.579418425950732, 0.0 ], [ 121.810141037019847, 0.580405203450089, 0.0 ], [ 121.810712586746504, 0.581063089890081, 0.0 ], [ 121.812264423565381, 0.581474487450366, 0.0 ], [ 121.813815920440433, 0.582173675254553, 0.0 ], [ 121.814428500835291, 0.582667130554108, 0.0 ], [ 121.814223853812223, 0.583777050420257, 0.0 ], [ 121.813815455490939, 0.584393603120529, 0.0 ], [ 121.812876154100849, 0.584681157742155, 0.0 ], [ 121.811324372140675, 0.585338593621846, 0.0 ], [ 121.809241311194981, 0.586119227626307, 0.0 ], [ 121.808873671047408, 0.586530252867261, 0.0 ], [ 121.808817351005359, 0.587294253910757, 0.0 ], [ 121.808817465219249, 0.587294172971857, 0.0 ], [ 121.80911924531668, 0.587080480567818, 0.0 ], [ 121.809758074223623, 0.586924197284881, 0.0 ], [ 121.810828232364912, 0.586594271105882, 0.0 ], [ 121.811553279274719, 0.586368540377195, 0.0 ], [ 121.811863847546974, 0.586299105521996, 0.0 ], [ 121.81267531121, 0.586386163491718, 0.0 ], [ 121.81409074336014, 0.586525467574743, 0.0 ], [ 121.814153634748237, 0.586552617207507, 0.0 ], [ 121.81537196158979, 0.586651492268712, 0.0 ], [ 121.819176669339896, 0.586652301658512, 0.0 ], [ 121.828609609541815, 0.586414913018389, 0.0 ], [ 121.839706244236581, 0.590407089841376, 0.0 ], [ 121.847473195775123, 0.596154138921027, 0.0 ], [ 121.85238695644486, 0.599506663058173, 0.0 ], [ 121.858983012285051, 0.605359145055421, 0.0 ], [ 121.859268324896902, 0.605242957145817, 0.0 ], [ 121.859426987785952, 0.60517832916676, 0.0 ], [ 121.859507281055215, 0.605243007507843, 0.0 ], [ 121.859520195319632, 0.605253469320947, 0.0 ], [ 121.867901391898172, 0.611978183069998, 0.0 ], [ 121.876718997981243, 0.617266680437493, 0.0 ], [ 121.887517629731093, 0.62544836602119, 0.0 ], [ 121.896810782914002, 0.631714500178963, 0.0 ], [ 121.902039812612401, 0.637230623146694, 0.0 ], [ 121.905880879952051, 0.641282621072418, 0.0 ], [ 121.908519845118889, 0.645302778501681, 0.0 ], [ 121.903502503235771, 0.661999650652882, 0.0 ], [ 121.902868181730938, 0.663219397523944, 0.0 ], [ 121.902876882671535, 0.66324067098658, 0.0 ], [ 121.899944707946105, 0.669720851881221, 0.0 ], [ 121.899397077487606, 0.671270284812335, 0.0 ], [ 121.901626779185378, 0.678217195853685, 0.0 ], [ 121.902358345280632, 0.679138250899162, 0.0 ], [ 121.903211863939674, 0.679691006593978, 0.0 ], [ 121.903730227761315, 0.679691125304531, 0.0 ], [ 121.904980660399374, 0.67962999928544, 0.0 ], [ 121.905255005779026, 0.679630062238016, 0.0 ], [ 121.906169754778333, 0.680121420318551, 0.0 ], [ 121.907053799125038, 0.681042511336942, 0.0 ], [ 121.908303836061322, 0.681503206133564, 0.0 ], [ 121.909371076801989, 0.68193318818353, 0.0 ], [ 121.909706163290849, 0.682792814138482, 0.0 ], [ 121.90946224557274, 0.683590824843198, 0.0 ], [ 121.908913113246371, 0.684296683818201, 0.0 ], [ 121.908058894914831, 0.685585775612311, 0.0 ], [ 121.907906076719669, 0.687089862028615, 0.0 ], [ 121.907997423556168, 0.687949361179134, 0.0 ], [ 121.908668231455081, 0.68810300854925, 0.0 ], [ 121.910193133579213, 0.687520127365131, 0.0 ], [ 121.910985894041914, 0.687305404338038, 0.0 ], [ 121.911717678672403, 0.687274901133454, 0.0 ], [ 121.912510609107045, 0.687551329342932, 0.0 ], [ 121.913150726742387, 0.688073297647333, 0.0 ], [ 121.913272457173633, 0.688687299870354, 0.0 ], [ 121.912586095500188, 0.690252606734569, 0.0 ], [ 121.911915007012823, 0.691326836106691, 0.0 ], [ 121.910420514563839, 0.692769202951497, 0.0 ], [ 121.909810436982227, 0.693505787263708, 0.0 ], [ 121.909718921972512, 0.694610819314638, 0.0 ], [ 121.910175960125713, 0.695102076671121, 0.0 ], [ 121.910755366329525, 0.695869607553616, 0.0 ], [ 121.911578610211834, 0.696207456759649, 0.0 ], [ 121.911944520963047, 0.696115459713402, 0.0 ], [ 121.912218924798694, 0.695869947497334, 0.0 ], [ 121.912340857577334, 0.695593729729209, 0.0 ], [ 121.913103742562285, 0.693414467406876, 0.0 ], [ 121.913408738635312, 0.693230303342344, 0.0 ], [ 121.913744308060004, 0.693199710205609, 0.0 ], [ 121.914140447722758, 0.693537459586872, 0.0 ], [ 121.914170986000798, 0.693844453953422, 0.0 ], [ 121.913652310114387, 0.695194964945526, 0.0 ], [ 121.913011448739667, 0.696698940745337, 0.0 ], [ 121.912675926979063, 0.697742505934266, 0.0 ], [ 121.912508067622952, 0.698694027312045, 0.0 ], [ 121.912903810684568, 0.700750806470678, 0.0 ], [ 121.913391412297074, 0.702654042580634, 0.0 ], [ 121.914183573811329, 0.705048572919269, 0.0 ], [ 121.91491508504798, 0.706215212126464, 0.0 ], [ 121.915906039898161, 0.707473923923123, 0.0 ], [ 121.917277811762261, 0.708548631734489, 0.0 ], [ 121.918985333814902, 0.708825280277851, 0.0 ], [ 121.920571022014315, 0.708948475704689, 0.0 ], [ 121.921790798562967, 0.709163597131405, 0.0 ], [ 121.922522482469404, 0.70959358008074, 0.0 ], [ 121.92310165305085, 0.710176880348916, 0.0 ], [ 121.92426015429308, 0.711865516639003, 0.0 ], [ 121.924930803911238, 0.712725156083697, 0.0 ], [ 121.925510024854802, 0.713093621808917, 0.0 ], [ 121.926394224784161, 0.713370076998058, 0.0 ], [ 121.926577002094064, 0.71349294327299, 0.0 ], [ 121.92826930402066, 0.714045835664771, 0.0 ], [ 121.929397448647805, 0.71466007800665, 0.0 ], [ 121.929671698699266, 0.715089883789614, 0.0 ], [ 121.929305592795004, 0.716010694219475, 0.0 ], [ 121.929031078342859, 0.716716618844985, 0.0 ], [ 121.929122493527885, 0.717269205467223, 0.0 ], [ 121.929610114925367, 0.717883227475306, 0.0 ], [ 121.930585810978656, 0.718374611636223, 0.0 ], [ 121.931653120967127, 0.718559027510794, 0.0 ], [ 121.933909622461329, 0.718897218459195, 0.0 ], [ 121.936044015808989, 0.71905121386691, 0.0 ], [ 121.938117503471616, 0.719082370878636, 0.0 ], [ 121.938513963293033, 0.719266629371899, 0.0 ], [ 121.938742457638341, 0.719635084305307, 0.0 ], [ 121.938559359270499, 0.720893600049725, 0.0 ], [ 121.938589587282422, 0.721323350973994, 0.0 ], [ 121.939138498375527, 0.721630398400501, 0.0 ], [ 121.939870266818261, 0.721722653552285, 0.0 ], [ 121.940846130145474, 0.721508045638446, 0.0 ], [ 121.942035543783817, 0.720710178825205, 0.0 ], [ 121.94295051401636, 0.72031138975988, 0.0 ], [ 121.943682276163955, 0.720434314490718, 0.0 ], [ 121.944444412912873, 0.721570299407252, 0.0 ], [ 121.944932102658868, 0.721908074868986, 0.0 ], [ 121.945542078617152, 0.721662639095326, 0.0 ], [ 121.946548628610543, 0.721110305182497, 0.0 ], [ 121.947432921170176, 0.721018427746082, 0.0 ], [ 121.9483780582609, 0.721325638849217, 0.0 ], [ 121.9495061858009, 0.722062565803076, 0.0 ], [ 121.949811039781011, 0.722523123003453, 0.0 ], [ 121.95095429661545, 0.723413548939193, 0.0 ], [ 121.951838337364862, 0.724426740425903, 0.0 ], [ 121.952265042285404, 0.724979409785779, 0.0 ], [ 121.952966472998838, 0.725133067947707, 0.0 ], [ 121.953484808042248, 0.725317355219283, 0.0 ], [ 121.953789846383415, 0.724979764118609, 0.0 ], [ 121.953789951604136, 0.724519348111867, 0.0 ], [ 121.953515775296978, 0.723751806437471, 0.0 ], [ 121.952814528045323, 0.722800070121669, 0.0 ], [ 121.952113216941825, 0.722124583949517, 0.0 ], [ 121.951869536644722, 0.721848277148611, 0.0 ], [ 121.95189991394416, 0.721633376955059, 0.0 ], [ 121.952448954539733, 0.721387924993637, 0.0 ], [ 121.952936722526701, 0.72138803830815, 0.0 ], [ 121.953577203488209, 0.721603094983729, 0.0 ], [ 121.953943029703311, 0.721910170289268, 0.0 ], [ 121.954217150252333, 0.722923220582432, 0.0 ], [ 121.955070949499898, 0.723568001202439, 0.0 ], [ 121.957052633470425, 0.72479635548464, 0.0 ], [ 121.958119878707762, 0.725318431707782, 0.0 ], [ 121.958729850169362, 0.725103664613984, 0.0 ], [ 121.9594920777498, 0.724643424874242, 0.0 ], [ 121.960010862454325, 0.724090973150319, 0.0 ], [ 121.960468038203757, 0.724029736514735, 0.0 ], [ 121.961245612714762, 0.723999174854244, 0.0 ], [ 121.96237383018692, 0.724367839329636, 0.0 ], [ 121.963837541540812, 0.725074174045952, 0.0 ], [ 121.964874188245389, 0.7255655716967, 0.0 ], [ 121.96551444707427, 0.725535048706964, 0.0 ], [ 121.966520988973883, 0.725044120502387, 0.0 ], [ 121.967832073688186, 0.725167175635048, 0.0 ], [ 121.969509268803336, 0.72559730787181, 0.0 ], [ 121.970149646342776, 0.725044952375268, 0.0 ] ] ] ] } },
{ "type": "Feature", "properties": { "KEC_NO": "040", "KECAMATAN": "RANDANGAN" }, "geometry": { "type": "MultiPolygon", "coordinates": [ [ [ [ 121.846690292781219, 0.432134140558764, 0.0 ], [ 121.846517355852981, 0.431953523420274, 0.0 ], [ 121.84635169174193, 0.431953533312894, 0.0 ], [ 121.846276427481229, 0.432043836036504, 0.0 ], [ 121.84627640949482, 0.432164218383972, 0.0 ], [ 121.846299129966638, 0.432322233761199, 0.0 ], [ 121.846411975096231, 0.432525420285161, 0.0 ], [ 121.846472040814589, 0.432675917330209, 0.0 ], [ 121.846554858480914, 0.432766242536812, 0.0 ], [ 121.846667714402315, 0.432901694823622, 0.0 ], [ 121.846780566726437, 0.433059689516328, 0.0 ], [ 121.846938625270994, 0.433225252903328, 0.0 ], [ 121.847096689211597, 0.433345659532529, 0.0 ], [ 121.847209581106, 0.433240311151399, 0.0 ], [ 121.847217190269703, 0.433059720992661, 0.0 ], [ 121.84718690200306, 0.432818915828052, 0.0 ], [ 121.847028856048951, 0.432570565351779, 0.0 ], [ 121.846901136132971, 0.432322255344912, 0.0 ], [ 121.846690292781219, 0.432134140558764, 0.0 ] ] ] ] } },
{ "type": "Feature", "properties": { "KEC_NO": "040", "KECAMATAN": "RANDANGAN" }, "geometry": { "type": "MultiPolygon", "coordinates": [ [ [ [ 121.754446908678233, 0.596325389620604, 0.0 ], [ 121.754764266831856, 0.596006125803532, 0.0 ], [ 121.756117927249662, 0.596006433371636, 0.0 ], [ 121.758086839948049, 0.594520435019267, 0.0 ], [ 121.759317684452952, 0.59377745562819, 0.0 ], [ 121.760671038201934, 0.593901637611198, 0.0 ], [ 121.762024370367286, 0.595388390494848, 0.0 ], [ 121.763747206974784, 0.594397837641595, 0.0 ], [ 121.765223855975378, 0.594398170390713, 0.0 ], [ 121.765346675485588, 0.595141387202895, 0.0 ], [ 121.765469300742197, 0.596751741107519, 0.0 ], [ 121.767706518973498, 0.597112570689466, 0.0 ], [ 121.768652959181836, 0.597508581749055, 0.0 ], [ 121.768881230495239, 0.59754389542717, 0.0 ], [ 121.770412292975237, 0.597825349048113, 0.0 ], [ 121.77070963761642, 0.597860890254713, 0.0 ], [ 121.771167063377419, 0.597747574779665, 0.0 ], [ 121.771785371554344, 0.597669275307248, 0.0 ], [ 121.77225344169095, 0.597670935455711, 0.0 ], [ 121.772608351935247, 0.597683734606873, 0.0 ], [ 121.773145498097463, 0.597674174813649, 0.0 ], [ 121.773627383619086, 0.597422924923067, 0.0 ], [ 121.773947226599631, 0.59729756482814, 0.0 ], [ 121.774050568593253, 0.597240419208349, 0.0 ], [ 121.774267923036504, 0.59712620171342, 0.0 ], [ 121.774439498391317, 0.597057765105573, 0.0 ], [ 121.774680460937148, 0.59684023889182, 0.0 ], [ 121.775036283093954, 0.596542533622495, 0.0 ], [ 121.775287916095763, 0.596324939060215, 0.0 ], [ 121.775494630660077, 0.596072708009325, 0.0 ], [ 121.775689827607295, 0.595843512192866, 0.0 ], [ 121.775919849900689, 0.595579768021297, 0.0 ], [ 121.77611477884976, 0.595292978722765, 0.0 ], [ 121.776309988387453, 0.595006331517149, 0.0 ], [ 121.776562458658105, 0.594811632794405, 0.0 ], [ 121.776768290088128, 0.594743485768249, 0.0 ], [ 121.777008946864598, 0.594640791286442, 0.0 ], [ 121.777238091419662, 0.594538023959527, 0.0 ], [ 121.777501491150844, 0.594435546214304, 0.0 ], [ 121.777776413895225, 0.594287068147219, 0.0 ], [ 121.777936492317124, 0.594149658036462, 0.0 ], [ 121.778120769696173, 0.593782378516953, 0.0 ], [ 121.778076789251728, 0.593310744367174, 0.0 ], [ 121.77815770665056, 0.593080956796869, 0.0 ], [ 121.778238628546049, 0.592828344433398, 0.0 ], [ 121.778330194817158, 0.592690707693348, 0.0 ], [ 121.778456851734376, 0.592587633697609, 0.0 ], [ 121.778651181735171, 0.592473339760273, 0.0 ], [ 121.778926106278135, 0.592313413323823, 0.0 ], [ 121.7791443051849, 0.59218771148644, 0.0 ], [ 121.779487754469187, 0.591970419096314, 0.0 ], [ 121.779762677213498, 0.59182186998286, 0.0 ], [ 121.780175189933217, 0.591650914261014, 0.0 ], [ 121.780575059983704, 0.59151433512377, 0.0 ], [ 121.780941501334922, 0.591446682724798, 0.0 ], [ 121.781387387895052, 0.591459713001745, 0.0 ], [ 121.781844515980566, 0.591426883251005, 0.0 ], [ 121.782142167290559, 0.591347449733463, 0.0 ], [ 121.782428595061575, 0.591233529014738, 0.0 ], [ 121.782909344739423, 0.591039797962471, 0.0 ], [ 121.783356128823016, 0.590799844455984, 0.0 ], [ 121.783676804575549, 0.590720486481393, 0.0 ], [ 121.783848372735761, 0.590686604523975, 0.0 ], [ 121.784042692843855, 0.590618348679887, 0.0 ], [ 121.784214268198483, 0.590550017292761, 0.0 ], [ 121.784454915082421, 0.590493360904291, 0.0 ], [ 121.784637426193086, 0.590494036295146, 0.0 ], [ 121.784945700294884, 0.590633033709346, 0.0 ], [ 121.785276986248761, 0.590829735222202, 0.0 ], [ 121.785561945426963, 0.591014802205984, 0.0 ], [ 121.785767734588944, 0.591142010407734, 0.0 ], [ 121.786041755313278, 0.591269411064425, 0.0 ], [ 121.78633823120947, 0.591431478786601, 0.0 ], [ 121.787173889332962, 0.591273476000013, 0.0 ], [ 121.787390388520961, 0.591216814215505, 0.0 ], [ 121.787722877767763, 0.591045487073609, 0.0 ], [ 121.788009598717863, 0.5908740430199, 0.0 ], [ 121.788376073344153, 0.590656860347165, 0.0 ], [ 121.788571250506138, 0.590519598624466, 0.0 ], [ 121.788800397759218, 0.590405382028818, 0.0 ], [ 121.789074478738115, 0.590256937236715, 0.0 ], [ 121.789498505477695, 0.590085876294148, 0.0 ], [ 121.789806802062586, 0.590121489446486, 0.0 ], [ 121.789977473598597, 0.590340627245415, 0.0 ], [ 121.790090546256678, 0.590731930354264, 0.0 ], [ 121.790101153759991, 0.591019509257533, 0.0 ], [ 121.790088464326146, 0.591272385122314, 0.0 ], [ 121.790099349719966, 0.591571447468579, 0.0 ], [ 121.790234873053237, 0.592020383629714, 0.0 ], [ 121.790439793470142, 0.592274049998513, 0.0 ], [ 121.79058802422368, 0.592389586798995, 0.0 ], [ 121.790815993364845, 0.592528389959605, 0.0 ], [ 121.791146719041109, 0.592725020426092, 0.0 ], [ 121.791330995520866, 0.592357738208653, 0.0 ], [ 121.791549485807892, 0.592186102599372, 0.0 ], [ 121.79182441934401, 0.591991617915281, 0.0 ], [ 121.792167579046705, 0.591820363618493, 0.0 ], [ 121.792660133225567, 0.591580594472889, 0.0 ], [ 121.793060852236081, 0.591421047550371, 0.0 ], [ 121.793571909965635, 0.591311308679047, 0.0 ], [ 121.793716256547341, 0.59121170067045, 0.0 ], [ 121.794804631355674, 0.59102410749106, 0.0 ], [ 121.796172953420566, 0.590836574566227, 0.0 ], [ 121.797557804124992, 0.590821718665628, 0.0 ], [ 121.801185510011166, 0.589899356005956, 0.0 ], [ 121.803100548823409, 0.589625903653106, 0.0 ], [ 121.805702175938208, 0.589079011537956, 0.0 ], [ 121.805868979490242, 0.589012126260728, 0.0 ], [ 121.805866742876333, 0.588965980248739, 0.0 ], [ 121.806668153018308, 0.588790794116027, 0.0 ], [ 121.807607523656216, 0.588174359226938, 0.0 ], [ 121.808792007211181, 0.587640197015142, 0.0 ], [ 121.808817465219249, 0.587294172971857, 0.0 ], [ 121.808873671047408, 0.586530252867261, 0.0 ], [ 121.809241311194981, 0.586119227626307, 0.0 ], [ 121.811324372140675, 0.585338593621846, 0.0 ], [ 121.812876154100849, 0.584681157742155, 0.0 ], [ 121.813815455490939, 0.584393603120529, 0.0 ], [ 121.814223853812223, 0.583777050420257, 0.0 ], [ 121.814428500835291, 0.582667130554108, 0.0 ], [ 121.813815920440433, 0.582173675254553, 0.0 ], [ 121.812264423565381, 0.581474487450366, 0.0 ], [ 121.810712586746504, 0.581063089890081, 0.0 ], [ 121.810141037019847, 0.580405203450089, 0.0 ], [ 121.809365423030982, 0.579418425950732, 0.0 ], [ 121.809161554820861, 0.578143979615868, 0.0 ], [ 121.808998246933555, 0.57760952782238, 0.0 ], [ 121.808975517468667, 0.577541012074194, 0.0 ], [ 121.808998264020687, 0.577527307305851, 0.0 ], [ 121.808880389882319, 0.577253201145859, 0.0 ], [ 121.808875618978917, 0.577239490981567, 0.0 ], [ 121.808874495725689, 0.577239844415116, 0.0 ], [ 121.808467548910158, 0.576293920417496, 0.0 ], [ 121.808263603358341, 0.575389449769696, 0.0 ], [ 121.808427150465306, 0.574772846707398, 0.0 ], [ 121.809325538098918, 0.574074176912668, 0.0 ], [ 121.811285784930263, 0.573786832732397, 0.0 ], [ 121.812184513407146, 0.572800370895114, 0.0 ], [ 121.812429589452023, 0.571690459122846, 0.0 ], [ 121.812674988353407, 0.57037501179729, 0.0 ], [ 121.813206162118121, 0.569388507691863, 0.0 ], [ 121.814104624395583, 0.568319822640033, 0.0 ], [ 121.815574744318269, 0.568772358787255, 0.0 ], [ 121.816513800193462, 0.569676948145607, 0.0 ], [ 121.81692060131877, 0.569984291449126, 0.0 ], [ 121.816957639896586, 0.570107048006844, 0.0 ], [ 121.817203606270255, 0.570131867496153, 0.0 ], [ 121.817765112368406, 0.570491678146227, 0.0 ], [ 121.818377763809622, 0.570645964934195, 0.0 ], [ 121.819143195674542, 0.570646123214873, 0.0 ], [ 121.819147125711908, 0.570651247551827, 0.0 ], [ 121.820107168165876, 0.570540993368977, 0.0 ], [ 121.82112822062642, 0.570047877113859, 0.0 ], [ 121.821495932719813, 0.569266870790068, 0.0 ], [ 121.821549583574068, 0.569170703587511, 0.0 ], [ 121.821586725573937, 0.568787519558027, 0.0 ], [ 121.821711523592612, 0.568160940316468, 0.0 ], [ 121.82189839641498, 0.567429964176406, 0.0 ], [ 121.821911380826492, 0.567094687031426, 0.0 ], [ 121.821913343147187, 0.567108820776356, 0.0 ], [ 121.822436840299133, 0.5665882536156, 0.0 ], [ 121.823020335720088, 0.566521273909552, 0.0 ], [ 121.823604932810824, 0.566557045342657, 0.0 ], [ 121.824012632358901, 0.566592815876303, 0.0 ], [ 121.824260591630065, 0.566485840621604, 0.0 ], [ 121.824756765580076, 0.566396760076619, 0.0 ], [ 121.825146779061143, 0.566414683564646, 0.0 ], [ 121.825341658547558, 0.566361192789726, 0.0 ], [ 121.825837836094962, 0.566254268796333, 0.0 ], [ 121.826723721353801, 0.566290136456819, 0.0 ], [ 121.827166837102695, 0.566147513875519, 0.0 ], [ 121.827680762770228, 0.565755168452435, 0.0 ], [ 121.828858339531934, 0.564639820278527, 0.0 ], [ 121.828885855188787, 0.564649436728919, 0.0 ], [ 121.830427938860225, 0.56332972032183, 0.0 ], [ 121.830590846549242, 0.563085315171223, 0.0 ], [ 121.830536626424049, 0.563221161360987, 0.0 ], [ 121.839863720020546, 0.554322150446511, 0.0 ], [ 121.83985585814726, 0.554318827451565, 0.0 ], [ 121.8398634403313, 0.554314695066908, 0.0 ], [ 121.839951371542767, 0.551195025188215, 0.0 ], [ 121.840001741670307, 0.549182319104284, 0.0 ], [ 121.840077017622079, 0.547597332376108, 0.0 ], [ 121.840102418073428, 0.545458832723992, 0.0 ], [ 121.84017759599918, 0.544376998684841, 0.0 ], [ 121.840252782918085, 0.543244884450215, 0.0 ], [ 121.840275569939777, 0.541547596682372, 0.0 ], [ 121.840128203434645, 0.541452476290631, 0.0 ], [ 121.838316735943266, 0.540283226351538, 0.0 ], [ 121.837368904483725, 0.539671346528551, 0.0 ], [ 121.836539552406308, 0.539136198659688, 0.0 ], [ 121.835914902210476, 0.538573319296835, 0.0 ], [ 121.835635576385513, 0.538258795806294, 0.0 ], [ 121.835290261007884, 0.53796083063287, 0.0 ], [ 121.835043790114597, 0.537629742529803, 0.0 ], [ 121.834682198806945, 0.537282095210249, 0.0 ], [ 121.834205509568022, 0.536801995742157, 0.0 ], [ 121.833725487441697, 0.536125157889015, 0.0 ], [ 121.833525052843001, 0.535867289887663, 0.0 ], [ 121.833246585870597, 0.535463690348718, 0.0 ], [ 121.833102018955088, 0.535250706610428, 0.0 ], [ 121.833064124222659, 0.535190561751823, 0.0 ], [ 121.833100401974136, 0.534894260324163, 0.0 ], [ 121.833174101414286, 0.534190357374546, 0.0 ], [ 121.833365737945556, 0.533456866730146, 0.0 ], [ 121.833473482120638, 0.53238776169489, 0.0 ], [ 121.833490891196419, 0.532382500661059, 0.0 ], [ 121.833395601732107, 0.53143405586387, 0.0 ], [ 121.833373495497398, 0.53102651279782, 0.0 ], [ 121.833241009174685, 0.53078197904413, 0.0 ], [ 121.8331528854509, 0.530544873548448, 0.0 ], [ 121.833734361593869, 0.529248273445341, 0.0 ], [ 121.833786131932101, 0.528685170543434, 0.0 ], [ 121.833764232921766, 0.52867152760581, 0.0 ], [ 121.833786156816913, 0.528551785942825, 0.0 ], [ 121.83383032636813, 0.528092421238328, 0.0 ], [ 121.834006996585074, 0.527803460492331, 0.0 ], [ 121.83413954562171, 0.527714585983156, 0.0 ], [ 121.83427208362788, 0.527684966036128, 0.0 ], [ 121.834507715386422, 0.527418276539508, 0.0 ], [ 121.834978620930499, 0.527299820785058, 0.0 ], [ 121.835096557918945, 0.52727019804089, 0.0 ], [ 121.8355234126482, 0.526973899425025, 0.0 ], [ 121.835942994346652, 0.526529374459565, 0.0 ], [ 121.836097755954256, 0.526277509604371, 0.0 ], [ 121.836080349631658, 0.526263408188159, 0.0 ], [ 121.836082876872652, 0.526262666655279, 0.0 ], [ 121.836208137737259, 0.526107080565845, 0.0 ], [ 121.836877883387231, 0.525766377334528, 0.0 ], [ 121.837275515400236, 0.525581197233586, 0.0 ], [ 121.838725595578921, 0.525129515066185, 0.0 ], [ 121.840102102530892, 0.52471481279757, 0.0 ], [ 121.840433173977161, 0.524603749928802, 0.0 ], [ 121.840936085843353, 0.524508442581188, 0.0 ], [ 121.840950405812379, 0.524510105937929, 0.0 ], [ 121.841850929600994, 0.524341201675442, 0.0 ], [ 121.843786099302008, 0.522995485475634, 0.0 ], [ 121.844054849907337, 0.522806146143155, 0.0 ], [ 121.844050922389556, 0.522786782492916, 0.0 ], [ 121.84413546506606, 0.522650586358191, 0.0 ], [ 121.844350576124356, 0.52250858431873, 0.0 ], [ 121.844888469137601, 0.521521139237828, 0.0 ], [ 121.845130370980343, 0.520743310017417, 0.0 ], [ 121.845103439778626, 0.520607941210942, 0.0 ], [ 121.845116917875842, 0.520606954349505, 0.0 ], [ 121.845064465909161, 0.520300459183547, 0.0 ], [ 121.844833521800965, 0.519497173110865, 0.0 ], [ 121.844781246069658, 0.518218326918722, 0.0 ], [ 121.844728828329295, 0.517721594606905, 0.0 ], [ 121.844823530971112, 0.517298842938389, 0.0 ], [ 121.845222691702958, 0.516421718781439, 0.0 ], [ 121.845674145612151, 0.515174658786259, 0.0 ], [ 121.84597896970034, 0.514244657432287, 0.0 ], [ 121.845781570008199, 0.51426970851474, 0.0 ], [ 121.845982909621441, 0.514195296795643, 0.0 ], [ 121.846085564528593, 0.513266389179305, 0.0 ], [ 121.846265173937979, 0.512234320662523, 0.0 ], [ 121.846393347758067, 0.5114860440304, 0.0 ], [ 121.846655730660331, 0.51105362239519, 0.0 ], [ 121.847767374088122, 0.509221569626587, 0.0 ], [ 121.847894286228211, 0.509251096302003, 0.0 ], [ 121.848066988433374, 0.509158446347983, 0.0 ], [ 121.848555608977748, 0.508896250808925, 0.0 ], [ 121.849613485078066, 0.508097683423907, 0.0 ], [ 121.851091403921373, 0.507411340636148, 0.0 ], [ 121.851096458111243, 0.507410988101968, 0.0 ], [ 121.851105725624748, 0.507404664968751, 0.0 ], [ 121.851332621874718, 0.507299268923526, 0.0 ], [ 121.851387953561954, 0.507211120975474, 0.0 ], [ 121.851855806062517, 0.506890125064289, 0.0 ], [ 121.852649385807723, 0.506508200984816, 0.0 ], [ 121.853615401558585, 0.50595264120397, 0.0 ], [ 121.854167569096845, 0.505188607784861, 0.0 ], [ 121.854443798556062, 0.503972993298544, 0.0 ], [ 121.854375144312357, 0.503174151620227, 0.0 ], [ 121.854237074099132, 0.502722594834752, 0.0 ], [ 121.854375319680258, 0.50216688756504, 0.0 ], [ 121.855134355566832, 0.501819689007136, 0.0 ], [ 121.856134841431839, 0.501646198096521, 0.0 ], [ 121.856652428239386, 0.501125290092678, 0.0 ], [ 121.8567215807075, 0.500673769280117, 0.0 ], [ 121.856583618412927, 0.499597013712476, 0.0 ], [ 121.85630790156722, 0.497860301465396, 0.0 ], [ 121.856135753344347, 0.496366740713964, 0.0 ], [ 121.855929026189571, 0.495116342250261, 0.0 ], [ 121.855790948781745, 0.494699519080237, 0.0 ], [ 121.855446204473623, 0.494317392653291, 0.0 ], [ 121.855239010570699, 0.494143690401953, 0.0 ], [ 121.8543421859587, 0.494039335771683, 0.0 ], [ 121.854090045739241, 0.493988551956041, 0.0 ], [ 121.854067901732975, 0.493765662185667, 0.0 ], [ 121.853979862602856, 0.493011302773576, 0.0 ], [ 121.854068106778385, 0.492567559297834, 0.0 ], [ 121.854200433921051, 0.492123858090325, 0.0 ], [ 121.85468541131182, 0.491813321294314, 0.0 ], [ 121.854950005342602, 0.491280849807855, 0.0 ], [ 121.854906072562244, 0.49039335925916, 0.0 ], [ 121.854377192967917, 0.48963892430403, 0.0 ], [ 121.853892360368064, 0.489106358388751, 0.0 ], [ 121.853627961490162, 0.488485071657356, 0.0 ], [ 121.853187500539775, 0.487908134991892, 0.0 ], [ 121.852658531013375, 0.487686182315032, 0.0 ], [ 121.852217789474565, 0.487109245649479, 0.0 ], [ 121.851688903585071, 0.486399155364329, 0.0 ], [ 121.850719368787026, 0.486221506887956, 0.0 ], [ 121.84988173755093, 0.48644322484173, 0.0 ], [ 121.849308662574202, 0.48635436822793, 0.0 ], [ 121.849000135762907, 0.48599931589071, 0.0 ], [ 121.848888088331933, 0.486070246318552, 0.0 ], [ 121.849017588905568, 0.485735622081255, 0.0 ], [ 121.849199311310699, 0.485425845212299, 0.0 ], [ 121.849297332915313, 0.485270993650059, 0.0 ], [ 121.849325450218544, 0.485045709884461, 0.0 ], [ 121.849311451371847, 0.484806321152158, 0.0 ], [ 121.849115786777276, 0.484538739573485, 0.0 ], [ 121.848961952348162, 0.484313424331555, 0.0 ], [ 121.84872420218062, 0.483848707766858, 0.0 ], [ 121.84869616401771, 0.483609351410079, 0.0 ], [ 121.84864034130068, 0.483285472272436, 0.0 ], [ 121.848542377252699, 0.483102390092353, 0.0 ], [ 121.848108889645459, 0.482806642647064, 0.0 ], [ 121.847563352808606, 0.482595323553907, 0.0 ], [ 121.847395755155162, 0.482398167883362, 0.0 ], [ 121.847276744273842, 0.482137666667119, 0.0 ], [ 121.847108925387133, 0.481588479482146, 0.0 ], [ 121.847081224470017, 0.481011155208781, 0.0 ], [ 121.847109124137305, 0.48040567855863, 0.0 ], [ 121.847235284628965, 0.479884703105808, 0.0 ], [ 121.847445101854333, 0.479476384824133, 0.0 ], [ 121.847613072726304, 0.479124382087929, 0.0 ], [ 121.847808820058503, 0.478899127100644, 0.0 ], [ 121.848165500168491, 0.478427480360315, 0.0 ], [ 121.848431524121494, 0.477723498270359, 0.0 ], [ 121.848529341579891, 0.477103935539284, 0.0 ], [ 121.848627457613233, 0.47637176330098, 0.0 ], [ 121.848641585962383, 0.475836670290812, 0.0 ], [ 121.848697538181781, 0.475386101860335, 0.0 ], [ 121.848949516523177, 0.474710278442396, 0.0 ], [ 121.84914532860661, 0.474090731899083, 0.0 ], [ 121.84948831384078, 0.473224825978428, 0.0 ], [ 121.849642225611575, 0.472985465125068, 0.0 ], [ 121.849656035600546, 0.472675695450712, 0.0 ], [ 121.849684171789576, 0.472323668432865, 0.0 ], [ 121.849600266842941, 0.472013882570747, 0.0 ], [ 121.849446445903752, 0.471704085017359, 0.0 ], [ 121.849418705416426, 0.47135204900635, 0.0 ], [ 121.849544677050261, 0.470267849750198, 0.0 ], [ 121.849572820433877, 0.469873598663666, 0.0 ], [ 121.84946080178122, 0.46977499879504, 0.0 ], [ 121.849237029775935, 0.469676416013546, 0.0 ], [ 121.848985201621332, 0.469436986811748, 0.0 ], [ 121.848963867004869, 0.469403168706188, 0.0 ], [ 121.848963922762749, 0.469065341983059, 0.0 ], [ 121.848965889580128, 0.469053752420149, 0.0 ], [ 121.848488361273638, 0.468492749042974, 0.0 ], [ 121.847475996263938, 0.467533266866597, 0.0 ], [ 121.846821132445214, 0.466214040589845, 0.0 ], [ 121.846344762465577, 0.465434497462995, 0.0 ], [ 121.846166298304169, 0.464714965195893, 0.0 ], [ 121.846225922455474, 0.464115395292834, 0.0 ], [ 121.846523964071125, 0.463335979869699, 0.0 ], [ 121.847596263498161, 0.461777226365116, 0.0 ], [ 121.848311138176626, 0.460098489812059, 0.0 ], [ 121.848549719317788, 0.458899332918809, 0.0 ], [ 121.848550110522893, 0.456441014567969, 0.0 ], [ 121.848788409276878, 0.455241891849071, 0.0 ], [ 121.849146117311975, 0.453563095940738, 0.0 ], [ 121.849622945046434, 0.451464587340604, 0.0 ], [ 121.849503920675275, 0.44948594217911, 0.0 ], [ 121.849385035698916, 0.448406649624049, 0.0 ], [ 121.84914697436588, 0.448106804867558, 0.0 ], [ 121.848670515353447, 0.447866882837315, 0.0 ], [ 121.848015167699529, 0.447806853091785, 0.0 ], [ 121.847598535185625, 0.447447017260787, 0.0 ], [ 121.848411362220901, 0.435245319938042, 0.0 ], [ 121.848284717893961, 0.435065894401391, 0.0 ], [ 121.847917757633923, 0.43488690683449, 0.0 ], [ 121.847505583958636, 0.434745295990461, 0.0 ], [ 121.847425316769659, 0.43449413153545, 0.0 ], [ 121.84720125877989, 0.434430106102228, 0.0 ], [ 121.847057258437303, 0.434141867096586, 0.0 ], [ 121.846944127323226, 0.433975320750716, 0.0 ], [ 121.846928433254519, 0.433777837726916, 0.0 ], [ 121.846852072720353, 0.433688466700958, 0.0 ], [ 121.846269210421923, 0.433355497216174, 0.0 ], [ 121.846176603635243, 0.433004971166832, 0.0 ], [ 121.846064332273173, 0.432716735758491, 0.0 ], [ 121.846000347309442, 0.432492568051516, 0.0 ], [ 121.845840061144131, 0.432204325448575, 0.0 ], [ 121.84565588538851, 0.432072714166169, 0.0 ], [ 121.84571516240149, 0.431867044613936, 0.0 ], [ 121.84577022609065, 0.431669395215665, 0.0 ], [ 121.845872724520305, 0.431594220887214, 0.0 ], [ 121.845937132165304, 0.430880805808469, 0.0 ], [ 121.845706706076427, 0.430218720433943, 0.0 ], [ 121.845131148071431, 0.429858898992057, 0.0 ], [ 121.844209962624404, 0.429369527513872, 0.0 ], [ 121.843447135195987, 0.428908940635901, 0.0 ], [ 121.842986402627972, 0.428664254896764, 0.0 ], [ 121.842525943453623, 0.428462746507678, 0.0 ], [ 121.841892540156522, 0.428131714162587, 0.0 ], [ 121.841475041595643, 0.427930212968012, 0.0 ], [ 121.841014578824087, 0.427757501769603, 0.0 ], [ 121.840726786781445, 0.427671138076428, 0.0 ], [ 121.840899506073825, 0.427426442444849, 0.0 ], [ 121.841388911726185, 0.427455242333545, 0.0 ], [ 121.841993421605139, 0.427599143750727, 0.0 ], [ 121.842554650712145, 0.428016555976755, 0.0 ], [ 121.842871346964756, 0.428218076956392, 0.0 ], [ 121.842928925158432, 0.428102933159673, 0.0 ], [ 121.842900054223279, 0.427771886425469, 0.0 ], [ 121.842741724982716, 0.427541592536799, 0.0 ], [ 121.842281290090099, 0.4271817531085, 0.0 ], [ 121.841863796025891, 0.42695145562253, 0.0 ], [ 121.841431955976574, 0.426893902609952, 0.0 ], [ 121.840985794223883, 0.426850727058552, 0.0 ], [ 121.840582859283884, 0.426893879227501, 0.0 ], [ 121.839906185107367, 0.426764348976354, 0.0 ], [ 121.839732399219116, 0.426631467851317, 0.0 ], [ 121.839369071320675, 0.42657491398546, 0.0 ], [ 121.838754200352582, 0.426245544486763, 0.0 ], [ 121.838304108562696, 0.426190638178907, 0.0 ], [ 121.837645414531465, 0.426003976697169, 0.0 ], [ 121.837447472853569, 0.425923102465768, 0.0 ], [ 121.837208258589627, 0.425825121330651, 0.0 ], [ 121.837097371284159, 0.425671191573444, 0.0 ], [ 121.836504693785074, 0.425270840385687, 0.0 ], [ 121.835896306029525, 0.424774451497649, 0.0 ], [ 121.835223878451643, 0.424422178065624, 0.0 ], [ 121.834855509853256, 0.424278066207, 0.0 ], [ 121.834503126703751, 0.424262078060015, 0.0 ], [ 121.834247062742435, 0.424182008721745, 0.0 ], [ 121.834006732419851, 0.424037881574728, 0.0 ], [ 121.833750675653036, 0.42390979293672, 0.0 ], [ 121.833651001994028, 0.423881934638208, 0.0 ], [ 121.833519600253595, 0.423841528099471, 0.0 ], [ 121.833378095529582, 0.423770803616401, 0.0 ], [ 121.833287136300896, 0.423669771980987, 0.0 ], [ 121.833196171676263, 0.423609161273512, 0.0 ], [ 121.833044826570571, 0.423619242673494, 0.0 ], [ 121.832943746371868, 0.423599052893868, 0.0 ], [ 121.832872999405708, 0.423528339202699, 0.0 ], [ 121.832873017392131, 0.423407073720953, 0.0 ], [ 121.832761849498212, 0.42325554605294, 0.0 ], [ 121.832630433368678, 0.423316158559066, 0.0 ], [ 121.83244874963431, 0.423427290480153, 0.0 ], [ 121.832317341598667, 0.423427306668005, 0.0 ], [ 121.832115176704505, 0.423427311164585, 0.0 ], [ 121.831953448026667, 0.423407075519604, 0.0 ], [ 121.831781901450356, 0.423316172048897, 0.0 ], [ 121.831539317426731, 0.423225220914096, 0.0 ], [ 121.831316935773287, 0.423225222712746, 0.0 ], [ 121.83107462244574, 0.423205010450127, 0.0 ], [ 121.830801705189486, 0.423164618300502, 0.0 ], [ 121.830569497543564, 0.423154512618877, 0.0 ], [ 121.830205601273661, 0.423154492833726, 0.0 ], [ 121.829831888903627, 0.423073698641944, 0.0 ], [ 121.829649949761915, 0.423013073545357, 0.0 ], [ 121.829468289409917, 0.422962555029675, 0.0 ], [ 121.829316684400212, 0.422841301239111, 0.0 ], [ 121.829175173380946, 0.42281099948263, 0.0 ], [ 121.829013436609245, 0.422841326420124, 0.0 ], [ 121.828821664280298, 0.422821087177842, 0.0 ], [ 121.828659932904543, 0.422821097070462, 0.0 ], [ 121.828518426381862, 0.422760479168387, 0.0 ], [ 121.828366804285025, 0.422750386077224, 0.0 ], [ 121.828195243319414, 0.422760500752099, 0.0 ], [ 121.827942531131256, 0.422800883009104, 0.0 ], [ 121.82782123866977, 0.422760479168387, 0.0 ], [ 121.827690128309854, 0.422659440338373, 0.0 ], [ 121.827568827754575, 0.42266956220776, 0.0 ], [ 121.827477843344781, 0.42274028669083, 0.0 ], [ 121.82733632782886, 0.422740265107117, 0.0 ], [ 121.827204938679074, 0.422619050886679, 0.0 ], [ 121.827073812131317, 0.422619031101616, 0.0 ], [ 121.826880071186523, 0.422619036497566, 0.0 ], [ 121.826880366164076, 0.422601499717982, 0.0 ], [ 121.826881770905203, 0.422518018351985, 0.0 ], [ 121.826811025737697, 0.422437163905646, 0.0 ], [ 121.826316000221922, 0.422457369872946, 0.0 ], [ 121.825598613737128, 0.422346243347719, 0.0 ], [ 121.82472987675078, 0.422285620049782, 0.0 ], [ 121.823739572110441, 0.422154275866075, 0.0 ], [ 121.823082821514049, 0.422134070797968, 0.0 ], [ 121.822183750395695, 0.422144180076982, 0.0 ], [ 121.821345319662328, 0.422214895566712, 0.0 ], [ 121.820557157433058, 0.422235127614483, 0.0 ], [ 121.819654997143473, 0.422250677791629, 0.0 ], [ 121.819213333799624, 0.422194712981776, 0.0 ], [ 121.818647561317789, 0.422154275866075, 0.0 ], [ 121.817960490978493, 0.422113890910962, 0.0 ], [ 121.816940148982439, 0.421952225185711, 0.0 ], [ 121.816394604951071, 0.421830983086328, 0.0 ], [ 121.815566053270118, 0.421578398601889, 0.0 ], [ 121.814333487462918, 0.421103540382565, 0.0 ], [ 121.813464808033103, 0.42068933513895, 0.0 ], [ 121.812919024781991, 0.420305389383584, 0.0 ], [ 121.812474600519522, 0.419941669380667, 0.0 ], [ 121.81237859609432, 0.419786717993746, 0.0 ], [ 121.812242151855202, 0.419679000798316, 0.0 ], [ 121.811706763867491, 0.419254670987294, 0.0 ], [ 121.811181224355309, 0.418688903002033, 0.0 ], [ 121.810575120877772, 0.417981647379877, 0.0 ], [ 121.809807318400004, 0.417072368057107, 0.0 ], [ 121.809271975378266, 0.416344949635076, 0.0 ], [ 121.809128523622007, 0.416164656252631, 0.0 ], [ 121.809079966527747, 0.416041829547824, 0.0 ], [ 121.808564545287581, 0.415405327186961, 0.0 ], [ 121.8082515389533, 0.414970890794945, 0.0 ], [ 121.808173514673371, 0.414748632348631, 0.0 ], [ 121.807938284406106, 0.414314209446446, 0.0 ], [ 121.807493614628669, 0.413718103731879, 0.0 ], [ 121.806968388080548, 0.412940160498935, 0.0 ], [ 121.806422686667688, 0.412010670712108, 0.0 ], [ 121.806028820491036, 0.411535801700972, 0.0 ], [ 121.805644765917833, 0.411172092489957, 0.0 ], [ 121.804624262043717, 0.410242602703219, 0.0 ], [ 121.803745506609872, 0.409636398501538, 0.0 ], [ 121.803139098262164, 0.409100937668709, 0.0 ], [ 121.802967548088446, 0.409050420052308, 0.0 ], [ 121.802846230446022, 0.409191876212959, 0.0 ], [ 121.802785524410453, 0.409575798585963, 0.0 ], [ 121.802846067668767, 0.410283003846005, 0.0 ], [ 121.802664262525923, 0.411222594817877, 0.0 ], [ 121.80259908955783, 0.411434725099484, 0.0 ], [ 121.80261306861938, 0.411835230071337, 0.0 ], [ 121.802345900728909, 0.412807880120906, 0.0 ], [ 121.802021684345476, 0.414104773533567, 0.0 ], [ 121.801583209997617, 0.415268160792452, 0.0 ], [ 121.801398035994467, 0.4161934759263, 0.0 ], [ 121.801468673243221, 0.416984597824337, 0.0 ], [ 121.801258813749797, 0.417747481909929, 0.0 ], [ 121.800782218040325, 0.418472199667911, 0.0 ], [ 121.800171717777275, 0.419006202699749, 0.0 ], [ 121.799809423199818, 0.419578369361177, 0.0 ], [ 121.799351644904647, 0.420264963959065, 0.0 ], [ 121.798722349710459, 0.42068452016875, 0.0 ], [ 121.798112150720371, 0.421085033234573, 0.0 ], [ 121.797635311294741, 0.42156181690232, 0.0 ], [ 121.797158430500147, 0.422305612877798, 0.0 ], [ 121.796490881744234, 0.423163858373447, 0.0 ], [ 121.795918806813688, 0.423964878209597, 0.0 ], [ 121.795327653665481, 0.424670530340636, 0.0 ], [ 121.794736473537696, 0.425547830671417, 0.0 ], [ 121.794474166482686, 0.425923311108382, 0.0 ], [ 121.794183175551694, 0.426577705481028, 0.0 ], [ 121.793668401823425, 0.427226129254636, 0.0 ], [ 121.793115144307009, 0.42798902683006, 0.0 ], [ 121.792485801448819, 0.428713750883362, 0.0 ], [ 121.792066219158755, 0.429324029013704, 0.0 ], [ 121.791818483818687, 0.429877130048188, 0.0 ], [ 121.791532283576075, 0.430411109697663, 0.0 ], [ 121.791017247245776, 0.430945122622032, 0.0 ], [ 121.790616802528575, 0.431269346200151, 0.0 ], [ 121.790006588249994, 0.431765218877204, 0.0 ], [ 121.789033864455945, 0.432394593211631, 0.0 ], [ 121.788213867126274, 0.433138399979009, 0.0 ], [ 121.787565453245193, 0.433710550452675, 0.0 ], [ 121.786840650051545, 0.43439713156073, 0.0 ], [ 121.785978838744086, 0.434993766975937, 0.0 ], [ 121.785276769512166, 0.435732149932137, 0.0 ], [ 121.7849905935512, 0.436113594672997, 0.0 ], [ 121.784799876127039, 0.436533143688082, 0.0 ], [ 121.784227813786956, 0.437238827295365, 0.0 ], [ 121.783922573997785, 0.43742954112214, 0.0 ], [ 121.783617615696244, 0.437620254049635, 0.0 ], [ 121.783312408282583, 0.437620239660434, 0.0 ], [ 121.782835656091081, 0.437543948374168, 0.0 ], [ 121.782282524479726, 0.437505804529552, 0.0 ], [ 121.781805756999645, 0.437524877351185, 0.0 ], [ 121.781309887020612, 0.437601185724672, 0.0 ], [ 121.780661276187928, 0.43765838980037, 0.0 ], [ 121.779555231500353, 0.43798260078776, 0.0 ], [ 121.778396386717205, 0.438392979416262, 0.0 ], [ 121.778163038730938, 0.438516606517618, 0.0 ], [ 121.77705693648673, 0.439203191222974, 0.0 ], [ 121.77623667925296, 0.439813503527579, 0.0 ], [ 121.775606995551684, 0.440288547906524, 0.0 ], [ 121.775133551966107, 0.450238673818352, 0.0 ], [ 121.773947041339198, 0.465844958829047, 0.0 ], [ 121.773046935101121, 0.47025798508689, 0.0 ], [ 121.772147677822971, 0.471389396950909, 0.0 ], [ 121.769449243188291, 0.475349445494393, 0.0 ], [ 121.768645808672403, 0.476042390205071, 0.0 ], [ 121.766325661258833, 0.481100781642256, 0.0 ], [ 121.763735059832129, 0.486459159928758, 0.0 ], [ 121.762643533799363, 0.488716862017861, 0.0 ], [ 121.760802262775883, 0.492833701061927, 0.0 ], [ 121.759165404052396, 0.49839154537719, 0.0 ], [ 121.757937699080657, 0.502096757533836, 0.0 ], [ 121.757632985394821, 0.503934210035987, 0.0 ], [ 121.757477132887217, 0.504040072829363, 0.0 ], [ 121.75678291743445, 0.50470952814801, 0.0 ], [ 121.756622809334871, 0.505043744992344, 0.0 ], [ 121.75644642980194, 0.505302274894807, 0.0 ], [ 121.756370878657577, 0.505412851934155, 0.0 ], [ 121.756279298896644, 0.505654792043079, 0.0 ], [ 121.755974305521548, 0.506001275640004, 0.0 ], [ 121.755844560332463, 0.506128554888123, 0.0 ], [ 121.75532583228528, 0.506798573182392, 0.0 ], [ 121.754868026110984, 0.507503158717463, 0.0 ], [ 121.754761026574556, 0.507618852899254, 0.0 ], [ 121.754478798637351, 0.507850686427184, 0.0 ], [ 121.753860730579461, 0.508222866352374, 0.0 ], [ 121.753303812822395, 0.508905807904129, 0.0 ], [ 121.752891794729948, 0.509496030254057, 0.0 ], [ 121.752541015971019, 0.509936099999235, 0.0 ], [ 121.752189962918891, 0.510341579121158, 0.0 ], [ 121.751892594895352, 0.510458860606393, 0.0 ], [ 121.751663734526034, 0.510587143497902, 0.0 ], [ 121.751045668266784, 0.510948474901544, 0.0 ], [ 121.750923528644108, 0.510949299579825, 0.0 ], [ 121.750580108138024, 0.511089926565526, 0.0 ], [ 121.750488556256045, 0.511182726706431, 0.0 ], [ 121.750236957428584, 0.511288145234649, 0.0 ], [ 121.750000376379603, 0.510684194734016, 0.0 ], [ 121.749626638828659, 0.51078686853148, 0.0 ], [ 121.749336592185685, 0.510792111578899, 0.0 ], [ 121.748985596690176, 0.510902175105458, 0.0 ], [ 121.748566059366269, 0.511174506003735, 0.0 ], [ 121.748359944649678, 0.511293289356666, 0.0 ], [ 121.747604810022054, 0.511905489338309, 0.0 ], [ 121.747108799748588, 0.51269701772985, 0.0 ], [ 121.746956403335489, 0.513792755287605, 0.0 ], [ 121.746887657360986, 0.515002068224506, 0.0 ], [ 121.746887598904976, 0.515301087403345, 0.0 ], [ 121.74689515500873, 0.515427579744747, 0.0 ], [ 121.74675779525991, 0.515729115226486, 0.0 ], [ 121.746529136338694, 0.516262591255705, 0.0 ], [ 121.746536668160701, 0.516515609213401, 0.0 ], [ 121.746177961878146, 0.517281476350133, 0.0 ], [ 121.745903311628325, 0.517528218838707, 0.0 ], [ 121.745430375260298, 0.518054579431952, 0.0 ], [ 121.74523965693686, 0.518403237589497, 0.0 ], [ 121.744011226212251, 0.519933031126056, 0.0 ], [ 121.743752020019642, 0.520167869288927, 0.0 ], [ 121.743309342240678, 0.521027384627208, 0.0 ], [ 121.742622822286549, 0.522512588878347, 0.0 ], [ 121.742432114754919, 0.52280372549947, 0.0 ], [ 121.741920973388346, 0.523422929401045, 0.0 ], [ 121.741089131987522, 0.524289607839394, 0.0 ], [ 121.740410364189287, 0.52491181637591, 0.0 ], [ 121.73994494255615, 0.525760230483056, 0.0 ], [ 121.739067386817851, 0.526363176441018, 0.0 ], [ 121.738701193679361, 0.526645937676155, 0.0 ], [ 121.737793237259353, 0.527629124182587, 0.0 ], [ 121.737457635458966, 0.527980436239454, 0.0 ], [ 121.736664233779678, 0.528973044043583, 0.0 ], [ 121.736282725187053, 0.530015447308445, 0.0 ], [ 121.736183678355331, 0.531064127841078, 0.0 ], [ 121.736069004904067, 0.531630022630684, 0.0 ], [ 121.735924129521095, 0.532978806924449, 0.0 ], [ 121.735695152239856, 0.533673287677176, 0.0 ], [ 121.735504442010296, 0.533975869969909, 0.0 ], [ 121.734978123685195, 0.534652870600309, 0.0 ], [ 121.734702927546962, 0.534809124205564, 0.0 ], [ 121.734161803683293, 0.535116544850771, 0.0 ], [ 121.733559183279937, 0.535449744561971, 0.0 ], [ 121.73324634691744, 0.535685628636377, 0.0 ], [ 121.732689211524416, 0.536029508695916, 0.0 ], [ 121.732231454812947, 0.53645223501582, 0.0 ], [ 121.730965195006419, 0.537556883056327, 0.0 ], [ 121.730232521845792, 0.538145648504455, 0.0 ], [ 121.729767214426531, 0.538418811275613, 0.0 ], [ 121.728622894593329, 0.539130127336688, 0.0 ], [ 121.728172754240063, 0.539380044432062, 0.0 ], [ 121.727173347561504, 0.539939143944439, 0.0 ], [ 121.726654420764049, 0.540167386479533, 0.0 ], [ 121.725357378963253, 0.540777971278787, 0.0 ], [ 121.724411302980357, 0.541416684173183, 0.0 ], [ 121.72386206273525, 0.541599305900346, 0.0 ], [ 121.723610204003791, 0.541603951797968, 0.0 ], [ 121.722824540091096, 0.541825530356847, 0.0 ], [ 121.722351376194496, 0.542075863838258, 0.0 ], [ 121.7216190204946, 0.542491886611733, 0.0 ], [ 121.72088662252645, 0.543103613549993, 0.0 ], [ 121.720329690380098, 0.543815720115175, 0.0 ], [ 121.720215373959689, 0.544001860889435, 0.0 ], [ 121.720077976439384, 0.544464647509128, 0.0 ], [ 121.719993975265197, 0.544696302971319, 0.0 ], [ 121.719971101009463, 0.545318037565083, 0.0 ], [ 121.720085609884819, 0.545545919472028, 0.0 ], [ 121.720260946204235, 0.546256062817223, 0.0 ], [ 121.720535661205204, 0.547044806008427, 0.0 ], [ 121.720718653453133, 0.547398131647396, 0.0 ], [ 121.720886717854555, 0.547970230859666, 0.0 ], [ 121.720886676485776, 0.548165794730186, 0.0 ], [ 121.720970675861238, 0.549268812299823, 0.0 ], [ 121.721039307621965, 0.55001532602648, 0.0 ], [ 121.72104682235684, 0.550325861923211, 0.0 ], [ 121.72117659992162, 0.551370309347047, 0.0 ], [ 121.721375028132812, 0.551757804726387, 0.0 ], [ 121.721756469276201, 0.552395102987217, 0.0 ], [ 121.722297948372074, 0.553063952162729, 0.0 ], [ 121.722572688554138, 0.553726172435657, 0.0 ], [ 121.722641430931361, 0.553954928483628, 0.0 ], [ 121.723053258367599, 0.554304029107681, 0.0 ], [ 121.723923035869618, 0.554656127171897, 0.0 ], [ 121.724777680479718, 0.554870531838984, 0.0 ], [ 121.725014023208402, 0.555211362297507, 0.0 ], [ 121.725113311058436, 0.555715715581444, 0.0 ], [ 121.725090449393065, 0.55626837774672, 0.0 ], [ 121.725052176945454, 0.556671792924605, 0.0 ], [ 121.724709072101547, 0.557943607843229, 0.0 ], [ 121.724331552002013, 0.558652643223682, 0.0 ], [ 121.724251216464495, 0.558803281462276, 0.0 ], [ 121.724052801743127, 0.55965838382737, 0.0 ], [ 121.723793425578762, 0.560664023707007, 0.0 ], [ 121.72364836583472, 0.561483556986468, 0.0 ], [ 121.723373675115482, 0.561891371647798, 0.0 ], [ 121.72327476048406, 0.562261278086877, 0.0 ], [ 121.722999982530609, 0.563071632885874, 0.0 ], [ 121.72265651076313, 0.563434700880209, 0.0 ], [ 121.722534624749144, 0.563563495486034, 0.0 ], [ 121.722389662131945, 0.563934310240403, 0.0 ], [ 121.722122567086572, 0.564272874407505, 0.0 ], [ 121.72179454747031, 0.564589484325255, 0.0 ], [ 121.721695384626059, 0.564809900060696, 0.0 ], [ 121.721466510766817, 0.564986615940048, 0.0 ], [ 121.720588962223204, 0.565509125636447, 0.0 ], [ 121.719879661542791, 0.565752195293827, 0.0 ], [ 121.719574428048759, 0.565872892404089, 0.0 ], [ 121.718742720646873, 0.566060815634577, 0.0 ], [ 121.718345947861494, 0.56620619014132, 0.0 ], [ 121.718140088552332, 0.566428525030042, 0.0 ], [ 121.718117216095166, 0.567015669000552, 0.0 ], [ 121.718124726333457, 0.567337722514542, 0.0 ], [ 121.718117051519258, 0.567763438180817, 0.0 ], [ 121.718056051405412, 0.568086713873432, 0.0 ], [ 121.717949243424556, 0.568594907262403, 0.0 ], [ 121.717842509188159, 0.568769494446579, 0.0 ], [ 121.717537196553707, 0.569246727775256, 0.0 ], [ 121.717545027849937, 0.569384736834637, 0.0 ], [ 121.717339074112047, 0.570032823362458, 0.0 ], [ 121.7171025578143, 0.570485763305255, 0.0 ], [ 121.717071800101479, 0.571176675548139, 0.0 ], [ 121.717193877671136, 0.571450562273527, 0.0 ], [ 121.717567742026517, 0.572053412903299, 0.0 ], [ 121.717895922621395, 0.572277527550317, 0.0 ], [ 121.718407121544587, 0.572728303724305, 0.0 ], [ 121.718651315354478, 0.573103409144009, 0.0 ], [ 121.718712170677563, 0.573435863317266, 0.0 ], [ 121.718765772069077, 0.573561516591185, 0.0 ], [ 121.718834225764141, 0.573813308772956, 0.0 ], [ 121.718971728505068, 0.574167509452143, 0.0 ], [ 121.719246268138221, 0.574449981105589, 0.0 ], [ 121.719368343009862, 0.574735386347518, 0.0 ], [ 121.719513419840936, 0.575123896162148, 0.0 ], [ 121.719925196015794, 0.575691564414819, 0.0 ], [ 121.720077908090957, 0.57583836884361, 0.0 ], [ 121.720474529790252, 0.576371762135101, 0.0 ], [ 121.720581478964661, 0.576496332625291, 0.0 ], [ 121.720696009423733, 0.57662072774776, 0.0 ], [ 121.721214802222136, 0.577013808816255, 0.0 ], [ 121.721847854783618, 0.577485460053166, 0.0 ], [ 121.722435469998956, 0.5777392784075, 0.0 ], [ 121.722908534969974, 0.577960635733125, 0.0 ], [ 121.723427085850787, 0.578181190863551, 0.0 ], [ 121.72376284413312, 0.57842806195512, 0.0 ], [ 121.724281645025414, 0.578786660319012, 0.0 ], [ 121.724747136805732, 0.578973743582826, 0.0 ], [ 121.725197177334309, 0.579195519992508, 0.0 ], [ 121.725693014038455, 0.579289934416431, 0.0 ], [ 121.726227250894084, 0.579682808640873, 0.0 ], [ 121.72644840946954, 0.580115890653969, 0.0 ], [ 121.726524743024044, 0.580287127863625, 0.0 ], [ 121.726791678889541, 0.580673299440919, 0.0 ], [ 121.726921363824061, 0.580831970423849, 0.0 ], [ 121.727333425084026, 0.581388157931455, 0.0 ], [ 121.727630914515956, 0.582003925523659, 0.0 ], [ 121.727768451431331, 0.582208425057855, 0.0 ], [ 121.727890524504218, 0.582505384789149, 0.0 ], [ 121.728126868132094, 0.58283470032852, 0.0 ], [ 121.728699227248541, 0.583514410616219, 0.0 ], [ 121.729187416118322, 0.583908123908054, 0.0 ], [ 121.729446789584671, 0.584214019303113, 0.0 ], [ 121.729584009039314, 0.584579492084662, 0.0 ], [ 121.729736704926623, 0.58479526551987, 0.0 ], [ 121.729935093567605, 0.585343915809604, 0.0 ], [ 121.730179192948754, 0.586144848411622, 0.0 ], [ 121.730362383047492, 0.586854715664957, 0.0 ], [ 121.73049953235487, 0.587530936583151, 0.0 ], [ 121.730499654662722, 0.588232742313747, 0.0 ], [ 121.73043860238802, 0.588774549662245, 0.0 ], [ 121.730446124317595, 0.589039048364918, 0.0 ], [ 121.730431133518678, 0.58952249690825, 0.0 ], [ 121.730392891647938, 0.589764867792412, 0.0 ], [ 121.73040062132084, 0.590351420908446, 0.0 ], [ 121.730476676085544, 0.590511175574386, 0.0 ], [ 121.730553012338078, 0.590670718899604, 0.0 ], [ 121.730774224872761, 0.590862235821036, 0.0 ], [ 121.730850511662624, 0.591240485270665, 0.0 ], [ 121.730926827230718, 0.591492281049648, 0.0 ], [ 121.730995571406666, 0.591698036936732, 0.0 ], [ 121.73102615105357, 0.591812590778166, 0.0 ], [ 121.731140655432341, 0.592052028973215, 0.0 ], [ 121.731331254145957, 0.592278694996855, 0.0 ], [ 121.732345843179019, 0.592961690507936, 0.0 ], [ 121.732864890485573, 0.593481477956485, 0.0 ], [ 121.733246356810056, 0.593992118400636, 0.0 ], [ 121.733398795491283, 0.59410429803191, 0.0 ], [ 121.733551504868515, 0.594262551729434, 0.0 ], [ 121.734283931614883, 0.594847329583752, 0.0 ], [ 121.734756983096162, 0.595137729660182, 0.0 ], [ 121.735100296582957, 0.595499682495264, 0.0 ], [ 121.735443548016363, 0.596137581503191, 0.0 ], [ 121.735695229581552, 0.596926753671072, 0.0 ], [ 121.735840315405881, 0.597269299136753, 0.0 ], [ 121.736313338108943, 0.597686118709566, 0.0 ], [ 121.73667936667141, 0.598174214049711, 0.0 ], [ 121.737038039679064, 0.598903911353803, 0.0 ], [ 121.737244079751889, 0.599141675011276, 0.0 ], [ 121.737457700210101, 0.599379370320223, 0.0 ], [ 121.737541642029115, 0.599435426860877, 0.0 ], [ 121.737656175186117, 0.599548305265456, 0.0 ], [ 121.737701903013331, 0.599719960659799, 0.0 ], [ 121.737709426741546, 0.599973012791759, 0.0 ], [ 121.737739971314909, 0.600237094209026, 0.0 ], [ 121.737953518028732, 0.600796879904157, 0.0 ], [ 121.738212896891113, 0.601079740964065, 0.0 ], [ 121.738548624596405, 0.601464729932859, 0.0 ], [ 121.739464102046696, 0.602138096403086, 0.0 ], [ 121.740059230198156, 0.60271394129157, 0.0 ], [ 121.740547704153045, 0.603096069517077, 0.0 ], [ 121.740608616133386, 0.603175582175046, 0.0 ], [ 121.74085874277084, 0.60339576138884, 0.0 ], [ 121.740967103880706, 0.60349104275919, 0.0 ], [ 121.741310391287115, 0.603967969419132, 0.0 ], [ 121.741661546861863, 0.604421719651009, 0.0 ], [ 121.741714819101645, 0.604754351890006, 0.0 ], [ 121.741920747658611, 0.605475323971775, 0.0 ], [ 121.741997279963272, 0.606003137869342, 0.0 ], [ 121.742073563155742, 0.606392872560617, 0.0 ], [ 121.742081008642828, 0.606979463448125, 0.0 ], [ 121.742111661134913, 0.607991392286715, 0.0 ], [ 121.742233626289163, 0.608748525207873, 0.0 ], [ 121.742630506993194, 0.609384037415088, 0.0 ], [ 121.743446807210034, 0.609114289369765, 0.0 ], [ 121.746101813583991, 0.608270040922169, 0.0 ], [ 121.746986689803492, 0.607721180191083, 0.0 ], [ 121.747704035818884, 0.606750197484489, 0.0 ], [ 121.748131321701379, 0.605821474819405, 0.0 ], [ 121.748512587477038, 0.604766039479125, 0.0 ], [ 121.749145968291145, 0.603837223284502, 0.0 ], [ 121.749565390501886, 0.60290842687503, 0.0 ], [ 121.749706495027553, 0.60224611577067, 0.0 ], [ 121.750456284085061, 0.601827032604278, 0.0 ], [ 121.752425704001098, 0.599350035334937, 0.0 ], [ 121.753287288679459, 0.597492232074641, 0.0 ], [ 121.754446908678233, 0.596325389620604, 0.0 ] ] ] ] } },
{ "type": "Feature", "properties": { "KEC_NO": "031", "KECAMATAN": "PATILANGGIO" }, "geometry": { "type": "MultiPolygon", "coordinates": [ [ [ [ 121.853285339582044, 0.434506052948336, 0.0 ], [ 121.853581313656491, 0.434341583136927, 0.0 ], [ 121.853712749571059, 0.434160693504055, 0.0 ], [ 121.853781001817765, 0.434015905355295, 0.0 ], [ 121.853815583447954, 0.433722286605132, 0.0 ], [ 121.853854412575743, 0.433190621810638, 0.0 ], [ 121.853802524392563, 0.432801587691245, 0.0 ], [ 121.853685783400124, 0.432360672583457, 0.0 ], [ 121.853595159618521, 0.431893862397033, 0.0 ], [ 121.853534017411675, 0.431430025369025, 0.0 ], [ 121.853469759053951, 0.43114797999425, 0.0 ], [ 121.853387497168569, 0.431089878395369, 0.0 ], [ 121.853231964819656, 0.430934244422815, 0.0 ], [ 121.853232013382922, 0.430610055918294, 0.0 ], [ 121.852985623428594, 0.429663457429285, 0.0 ], [ 121.852116745248736, 0.428600093666034, 0.0 ], [ 121.851520193470492, 0.42779612225479, 0.0 ], [ 121.850923894401717, 0.427173661008851, 0.0 ], [ 121.850690341369841, 0.426758735408328, 0.0 ], [ 121.85075523195087, 0.426564196764843, 0.0 ], [ 121.850810007857035, 0.426415271734811, 0.0 ], [ 121.850845962751919, 0.426317826595607, 0.0 ], [ 121.8506904268055, 0.426188164144151, 0.0 ], [ 121.850521675321943, 0.426175170739384, 0.0 ], [ 121.850443874973166, 0.426330804711768, 0.0 ], [ 121.850340230807205, 0.426551237534511, 0.0 ], [ 121.850223408875763, 0.426654995914191, 0.0 ], [ 121.850054936182005, 0.426654970733239, 0.0 ], [ 121.850015920894293, 0.426564191368982, 0.0 ], [ 121.850042048897308, 0.426460455472125, 0.0 ], [ 121.850119858239395, 0.42625298637671, 0.0 ], [ 121.850086470908991, 0.426075817238825, 0.0 ], [ 121.849899471282015, 0.426045508287757, 0.0 ], [ 121.84976971080448, 0.426291871262606, 0.0 ], [ 121.849655402477879, 0.426484529423476, 0.0 ], [ 121.849446454896906, 0.426769431045216, 0.0 ], [ 121.849159472244196, 0.426897084411337, 0.0 ], [ 121.849056401845701, 0.427043986866181, 0.0 ], [ 121.848953412386209, 0.427108379222659, 0.0 ], [ 121.8487452607053, 0.427238523710912, 0.0 ], [ 121.848420923812682, 0.427433022784157, 0.0 ], [ 121.848097724562535, 0.427522828182646, 0.0 ], [ 121.84776018382388, 0.427764037142822, 0.0 ], [ 121.847647572517985, 0.42787051597179, 0.0 ], [ 121.847603755750015, 0.427969302899385, 0.0 ], [ 121.847592776826673, 0.428155969777094, 0.0 ], [ 121.847504862702522, 0.428342624963477, 0.0 ], [ 121.847450079601799, 0.428540239288395, 0.0 ], [ 121.847340256194116, 0.428781799883382, 0.0 ], [ 121.847230437283201, 0.428990429104317, 0.0 ], [ 121.847021798169749, 0.429089226823805, 0.0 ], [ 121.846769343187702, 0.429275891902762, 0.0 ], [ 121.846483757182, 0.429451564568694, 0.0 ], [ 121.846341083339325, 0.429682130951903, 0.0 ], [ 121.846275352791395, 0.42985780181931, 0.0 ], [ 121.846417885440474, 0.43057146061409, 0.0 ], [ 121.846483810241921, 0.430966714444651, 0.0 ], [ 121.846659547659101, 0.431197295217089, 0.0 ], [ 121.846804139755477, 0.431285263300765, 0.0 ], [ 121.846981554408217, 0.431569479638881, 0.0 ], [ 121.847111820304917, 0.431697655511073, 0.0 ], [ 121.847217059867944, 0.432058889787868, 0.0 ], [ 121.847367486765961, 0.432555529586864, 0.0 ], [ 121.847442938085578, 0.433089788925315, 0.0 ], [ 121.847570662498015, 0.433308030100136, 0.0 ], [ 121.847541689040213, 0.433656913088271, 0.0 ], [ 121.847540532512198, 0.433879940454972, 0.0 ], [ 121.847646092234072, 0.433985286138068, 0.0 ], [ 121.84777384722338, 0.434000322802433, 0.0 ], [ 121.847864246174481, 0.434098176233761, 0.0 ], [ 121.847886675265954, 0.434323927646858, 0.0 ], [ 121.848037430416298, 0.434504507013799, 0.0 ], [ 121.848142723938849, 0.434512048728209, 0.0 ], [ 121.848232867482466, 0.434444327980827, 0.0 ], [ 121.848376046744193, 0.434587275217439, 0.0 ], [ 121.848383331252649, 0.434692641585002, 0.0 ], [ 121.84837600897265, 0.43483560141209, 0.0 ], [ 121.84840603643579, 0.434940972276308, 0.0 ], [ 121.848430547457838, 0.434957327346638, 0.0 ], [ 121.848541362817514, 0.435031270503316, 0.0 ], [ 121.848661800023592, 0.435166723689406, 0.0 ], [ 121.848767348054366, 0.435347330935201, 0.0 ], [ 121.84891025032482, 0.435467735765826, 0.0 ], [ 121.849053163387111, 0.43552040545967, 0.0 ], [ 121.849196071952861, 0.43559565263314, 0.0 ], [ 121.849399353804984, 0.435648332219728, 0.0 ], [ 121.849647563087842, 0.435685930175737, 0.0 ], [ 121.849858424425975, 0.435753662614445, 0.0 ], [ 121.850076577467235, 0.435874078236964, 0.0 ], [ 121.850415172211228, 0.436099808066274, 0.0 ], [ 121.850603265413838, 0.436325584660324, 0.0 ], [ 121.850731293797253, 0.436393304508556, 0.0 ], [ 121.850859323979194, 0.436453497031152, 0.0 ], [ 121.850949447737662, 0.436513685057264, 0.0 ], [ 121.851077485114502, 0.436521231268557, 0.0 ], [ 121.851130943513795, 0.43580526841049, 0.0 ], [ 121.851147284195122, 0.435443452272409, 0.0 ], [ 121.851393857611015, 0.435163892623564, 0.0 ], [ 121.851772366065461, 0.435114554018526, 0.0 ], [ 121.852249159625671, 0.434999438100647, 0.0 ], [ 121.852726239170352, 0.434851426781904, 0.0 ], [ 121.853285339582044, 0.434506052948336, 0.0 ] ] ] ] } }
]
}
