{
"type": "FeatureCollection",
"name": "kemisinan",
"crs": { "type": "name", "properties": { "name": "urn:ogc:def:crs:OGC:1.3:CRS84" } },
"features": [
{ "type": "Feature", "properties": { "KECAMATAN": "POPAYATO TIMUR", "ID": 126, "KEMISKINAN": "29.05", "STUNTING": "4.73" }, "geometry": { "type": "MultiPolygon", "coordinates": [ [ [ [ 121.449978204732901, 0.846478660421388 ], [ 121.445526721090488, 0.847165195398523 ], [ 121.437302178355637, 0.84693265822696 ], [ 121.43335015576308, 0.844210042029756 ], [ 121.425926683274, 0.843256711947324 ], [ 121.420159016258282, 0.844037569698939 ], [ 121.416954453531645, 0.847465772903453 ], [ 121.412819542892322, 0.846538704767417 ], [ 121.410515261342312, 0.844721506957589 ], [ 121.406688361806559, 0.844472567775609 ], [ 121.408774735283572, 0.842231559138638 ], [ 121.408845778963126, 0.840816094899131 ], [ 121.410992870071595, 0.836287659998289 ], [ 121.412787421524541, 0.834306809360994 ], [ 121.412506698353965, 0.832820473973781 ], [ 121.413020779311324, 0.831377842643297 ], [ 121.411309042738836, 0.811380894251021 ], [ 121.410571245686498, 0.809149753232061 ], [ 121.404221226691689, 0.801711290552118 ], [ 121.399844485035132, 0.782895470728127 ], [ 121.393515969816235, 0.775754290535167 ], [ 121.392192282863036, 0.771144953020295 ], [ 121.391750929628898, 0.766683268298705 ], [ 121.393082328618448, 0.761924727575822 ], [ 121.395447276272506, 0.758356380773249 ], [ 121.403890035028084, 0.749760033203648 ], [ 121.403780086169718, 0.747139985870424 ], [ 121.406269986428399, 0.744999993916649 ], [ 121.406589870360719, 0.743130026767167 ], [ 121.408209902285066, 0.741269997428615 ], [ 121.408900013778165, 0.7380399897822 ], [ 121.412079961224507, 0.737559975448674 ], [ 121.410029908227457, 0.734430015495944 ], [ 121.409890068717004, 0.731320031241998 ], [ 121.410879874374615, 0.726049970113172 ], [ 121.412689262552121, 0.722948514223196 ], [ 121.410479955059174, 0.72240002120064 ], [ 121.408069930757719, 0.719380031324155 ], [ 121.401510015658147, 0.714379987316347 ], [ 121.398589895683784, 0.712949981515285 ], [ 121.395760029599032, 0.712770022697304 ], [ 121.39321997377327, 0.711560028247602 ], [ 121.397580107348176, 0.697180031682541 ], [ 121.397709970340799, 0.693380009673836 ], [ 121.39829991606338, 0.692250025447469 ], [ 121.402869894353131, 0.690589997921185 ], [ 121.404230074237674, 0.688169977853468 ], [ 121.40952987565575, 0.684329985159335 ], [ 121.412370019798118, 0.683150009325137 ], [ 121.414900070981076, 0.680710009041183 ], [ 121.415729949867213, 0.679020007757378 ], [ 121.421220016333905, 0.679749986871867 ], [ 121.425489866700687, 0.67730997138443 ], [ 121.427000138388138, 0.675179997952666 ], [ 121.430189996226446, 0.674340025491125 ], [ 121.432550115303954, 0.671260002882965 ], [ 121.432129886110729, 0.667559996807752 ], [ 121.432660035204421, 0.667260022719693 ], [ 121.433080006186145, 0.668240007070073 ], [ 121.433670125110183, 0.668290008656767 ], [ 121.435130013284265, 0.66565001007258 ], [ 121.434899937118857, 0.664319988021687 ], [ 121.433130003782168, 0.664610029099064 ], [ 121.432040046935171, 0.662219973678821 ], [ 121.429459916234165, 0.660600013987453 ], [ 121.429670027272238, 0.65934997614657 ], [ 121.428929867848893, 0.657899964889728 ], [ 121.426730099981825, 0.657349993272502 ], [ 121.42566987675653, 0.655940015122267 ], [ 121.422340113232423, 0.65446996960282 ], [ 121.422340107242462, 0.652690026861533 ], [ 121.421189881433634, 0.65181000819968 ], [ 121.421000099255039, 0.647279971455381 ], [ 121.421529954535757, 0.646090023823751 ], [ 121.421279902039984, 0.644879977963617 ], [ 121.422130062621733, 0.643769969542616 ], [ 121.423139896560699, 0.639220024393969 ], [ 121.424250014530429, 0.637219978939028 ], [ 121.421339957016613, 0.634859980441425 ], [ 121.42197988400207, 0.632650015832779 ], [ 121.419139940849249, 0.628669998542639 ], [ 121.419169957741687, 0.625939970043552 ], [ 121.420409897165797, 0.622550035743528 ], [ 121.416480002506773, 0.618880023289412 ], [ 121.415699881157295, 0.61676000161671 ], [ 121.413709871676801, 0.61613997424895 ], [ 121.417139888446613, 0.610790022409011 ], [ 121.418430099704622, 0.610129992984474 ], [ 121.419360126097772, 0.611360018228622 ], [ 121.420579873019364, 0.608770024938385 ], [ 121.422259980745906, 0.60830999031146 ], [ 121.422500026993674, 0.606339984938229 ], [ 121.421029902514633, 0.604909989883771 ], [ 121.422289956206782, 0.601730032000978 ], [ 121.42253992793249, 0.599390007916787 ], [ 121.423390020259873, 0.598409985141677 ], [ 121.423239980670147, 0.596870013308068 ], [ 121.424090043156326, 0.59599003673557 ], [ 121.424369967978038, 0.593930024796583 ], [ 121.425389932911173, 0.592860032537166 ], [ 121.42603241168581, 0.592377288037502 ], [ 121.426785903511004, 0.592467730223332 ], [ 121.427732231833915, 0.593677407078905 ], [ 121.429734739431524, 0.592835061766115 ], [ 121.431772877566232, 0.595071251331012 ], [ 121.433229154100701, 0.594888458362339 ], [ 121.434794950987779, 0.59360615485736 ], [ 121.435843068147875, 0.594268637297288 ], [ 121.43756144071628, 0.594523204532491 ], [ 121.43923569825148, 0.595916304514352 ], [ 121.442804335686901, 0.595663313856241 ], [ 121.443244927241864, 0.593301062409344 ], [ 121.443758495070938, 0.593005937203115 ], [ 121.446178366625091, 0.593597163682622 ], [ 121.448048072036926, 0.594852683566591 ], [ 121.452521622185913, 0.593414400791668 ], [ 121.454721275234419, 0.594448578647464 ], [ 121.456371789461656, 0.593452437111273 ], [ 121.458351647265943, 0.593379157211613 ], [ 121.461138989757785, 0.591091377669626 ], [ 121.460992996933726, 0.589061166607605 ], [ 121.459306026584002, 0.589909668555064 ], [ 121.4578028325719, 0.589134114437426 ], [ 121.457473278031969, 0.587952826187097 ], [ 121.457972953700278, 0.58713331676322 ], [ 121.459698713059524, 0.587133795739456 ], [ 121.460913406622325, 0.586490700064966 ], [ 121.463151234506924, 0.583467151509351 ], [ 121.463216601379287, 0.578448334027213 ], [ 121.460469113625976, 0.574586954658782 ], [ 121.46014996685652, 0.573299968167005 ], [ 121.462259671259517, 0.571627606363121 ], [ 121.462260218059015, 0.569568607008106 ], [ 121.461301652101639, 0.568860548780057 ], [ 121.456507976736006, 0.568537561851121 ], [ 121.456700255730695, 0.566542952014002 ], [ 121.455805846782894, 0.564226318168357 ], [ 121.453163278180909, 0.562788147436875 ], [ 121.452103939901065, 0.559900149307344 ], [ 121.455034583736932, 0.560152039784354 ], [ 121.455720990802874, 0.559147808303981 ], [ 121.455783758787291, 0.557452887886098 ], [ 121.458215470979781, 0.557892941065772 ], [ 121.459463415708669, 0.555633361954753 ], [ 121.462955233443012, 0.556073690296008 ], [ 121.464140624527232, 0.554692948749489 ], [ 121.466073829391249, 0.553689035026137 ], [ 121.467384032206198, 0.551680502483896 ], [ 121.469628698924822, 0.552434425879076 ], [ 121.471374959815918, 0.551304900324032 ], [ 121.47237064800035, 0.550696732026443 ], [ 121.473906846447207, 0.550919449960494 ], [ 121.47511759333004, 0.55029349483152 ], [ 121.477273646196593, 0.551783285876004 ], [ 121.476362121975157, 0.589920614816917 ], [ 121.480232741579897, 0.595414028645456 ], [ 121.476357576935172, 0.606397698395886 ], [ 121.474947713630669, 0.613129908048569 ], [ 121.473889889679569, 0.619862139790071 ], [ 121.474133298207036, 0.628638494961029 ], [ 121.463821098705338, 0.670174182785308 ], [ 121.470052543440403, 0.686786895636891 ], [ 121.46010983135821, 0.696593183748204 ], [ 121.458029591121075, 0.701301032873678 ], [ 121.451402332270305, 0.704045513311788 ], [ 121.447633473975088, 0.706660074998942 ], [ 121.446722807049568, 0.710583502075677 ], [ 121.447761325377087, 0.713068963712002 ], [ 121.447823978704406, 0.719608544164627 ], [ 121.450811044412262, 0.723402593866771 ], [ 121.456396741542335, 0.727328261710189 ], [ 121.460682757477201, 0.732299844673099 ], [ 121.461979354382862, 0.73949396152023 ], [ 121.466329366158462, 0.746950659942511 ], [ 121.469966483166473, 0.749698643187378 ], [ 121.471264653588037, 0.753099735905236 ], [ 121.473473342787116, 0.753231300935928 ], [ 121.476421464147307, 0.752010399753642 ], [ 121.47785943890392, 0.752236229737333 ], [ 121.479400803509549, 0.753883078068815 ], [ 121.481971097812902, 0.753272514897771 ], [ 121.483606383329857, 0.753696394822176 ], [ 121.485754978952173, 0.756331246900208 ], [ 121.485520666935273, 0.758400854286299 ], [ 121.483930985465435, 0.760846231256727 ], [ 121.48444461616198, 0.762116474836914 ], [ 121.485612535555887, 0.762257990782365 ], [ 121.485705716808553, 0.763151766317192 ], [ 121.482201447959056, 0.762586043610289 ], [ 121.480145136286396, 0.763431995806583 ], [ 121.480470699318033, 0.767759570104429 ], [ 121.478809049177613, 0.768847728031039 ], [ 121.478922875224868, 0.770892086247263 ], [ 121.477091149171997, 0.771790677252246 ], [ 121.476912024529057, 0.773364282656628 ], [ 121.477760285277625, 0.774713500001409 ], [ 121.479056143480946, 0.77273557396512 ], [ 121.48026227972214, 0.772781017067912 ], [ 121.479948806836006, 0.774759299512082 ], [ 121.480886415684253, 0.775928658266798 ], [ 121.482225127792717, 0.779750981922609 ], [ 121.485753110195375, 0.781550839191167 ], [ 121.485708049801119, 0.782719845616695 ], [ 121.484054615876047, 0.784337927942067 ], [ 121.484322485612125, 0.785057456393643 ], [ 121.485707015562554, 0.785597499539135 ], [ 121.485796045093949, 0.786300500165202 ], [ 121.484599312577217, 0.787408461324288 ], [ 121.482016507557319, 0.787586772198976 ], [ 121.482015857989268, 0.789379835687773 ], [ 121.479745421425008, 0.788347974199253 ], [ 121.476807504738446, 0.785298826521261 ], [ 121.475961368954614, 0.785074392509619 ], [ 121.475871668490043, 0.787001807508068 ], [ 121.47676177413382, 0.788302079932555 ], [ 121.472353610747319, 0.788076331010599 ], [ 121.471195487950908, 0.78879306855991 ], [ 121.470347153328618, 0.795337256677895 ], [ 121.471281182256149, 0.797802958109193 ], [ 121.46896819265622, 0.801026153206505 ], [ 121.467082458997126, 0.799878829078713 ], [ 121.46767016074422, 0.804979605979126 ], [ 121.467354520486637, 0.810394321939176 ], [ 121.464171027787231, 0.810946701193336 ], [ 121.461536634562506, 0.814662359600247 ], [ 121.460082638453656, 0.815215392575572 ], [ 121.461142480071771, 0.818260311561678 ], [ 121.46019903752493, 0.819208861318641 ], [ 121.457408793653599, 0.819286845151899 ], [ 121.45721195764655, 0.820077553134189 ], [ 121.456033068901348, 0.819998031246625 ], [ 121.455050274070501, 0.821065193060297 ], [ 121.453006663178968, 0.821657484484737 ], [ 121.450350922095481, 0.823890448952467 ], [ 121.451017741227119, 0.827488725448076 ], [ 121.448541109659203, 0.829741533423975 ], [ 121.448658165677244, 0.83195572414275 ], [ 121.448107470960039, 0.832983549444242 ], [ 121.445434516410245, 0.834682679493168 ], [ 121.444176255537158, 0.837252211356541 ], [ 121.443742398318918, 0.841008238970806 ], [ 121.444683997355611, 0.843323936105831 ], [ 121.447355162866529, 0.845460159471321 ], [ 121.449555732787559, 0.845579676138462 ], [ 121.449978204732901, 0.846478660421388 ] ] ] ] } },
{ "type": "Feature", "properties": { "KECAMATAN": "POPAYATO TIMUR", "ID": 127, "KEMISKINAN": "29.05", "STUNTING": "4.73" }, "geometry": { "type": "MultiPolygon", "coordinates": [ [ [ [ 121.559450832660062, 0.459478898342622 ], [ 121.560187633558314, 0.460386564434865 ], [ 121.559878094716638, 0.462511553913378 ], [ 121.558468496851447, 0.463525973457832 ], [ 121.556781139509695, 0.463611407415163 ], [ 121.55657839703683, 0.46240478437297 ], [ 121.557464649208399, 0.460076909938243 ], [ 121.558778215355716, 0.459115854128287 ], [ 121.559450832660062, 0.459478898342622 ] ] ], [ [ [ 121.525012247538911, 0.480775542362997 ], [ 121.526240345807935, 0.482975621533486 ], [ 121.523937866765039, 0.48829679759602 ], [ 121.521226039066732, 0.489780589008246 ], [ 121.518876315007418, 0.490291349713177 ], [ 121.515134164570242, 0.48908480369799 ], [ 121.514779401179482, 0.487324664345854 ], [ 121.515853687075463, 0.485431545570956 ], [ 121.521686709894709, 0.480929029447905 ], [ 121.525012247538911, 0.480775542362997 ] ] ], [ [ [ 121.502188182071606, 0.54773474643258 ], [ 121.499141992202723, 0.550117332833642 ], [ 121.498740012958251, 0.55101094433204 ], [ 121.500206735616331, 0.555184642634918 ], [ 121.498950270170781, 0.556692579964233 ], [ 121.500750608830714, 0.558295770090131 ], [ 121.502131569851983, 0.561849821181246 ], [ 121.501392048748343, 0.563023573188657 ], [ 121.498524507384602, 0.564963901779079 ], [ 121.497635758204481, 0.566708595543473 ], [ 121.498481204017224, 0.568496277905792 ], [ 121.4963662574946, 0.56972997022263 ], [ 121.496653463299154, 0.570826721974447 ], [ 121.499284011750575, 0.572305536786208 ], [ 121.499177547112851, 0.574688720988368 ], [ 121.500470096633862, 0.576979997472291 ], [ 121.502169943176327, 0.578490015968312 ], [ 121.502340014713795, 0.581939997063428 ], [ 121.503930002246449, 0.584830008469615 ], [ 121.50339007663726, 0.587079996356108 ], [ 121.50064989462787, 0.587169981713762 ], [ 121.501049964475698, 0.589289997927542 ], [ 121.499279945739232, 0.588790003759518 ], [ 121.499510013369061, 0.599750024133625 ], [ 121.498699966450459, 0.601040008973106 ], [ 121.496480067795602, 0.601979987654309 ], [ 121.495490100742728, 0.604130033472137 ], [ 121.491449913066859, 0.607689967996548 ], [ 121.486900018230315, 0.609729974735194 ], [ 121.485259939521299, 0.612450024454168 ], [ 121.484145826546708, 0.618716502786318 ], [ 121.482285318292583, 0.621524445558483 ], [ 121.474357824632222, 0.627931074135821 ], [ 121.474133298207036, 0.628638494961029 ], [ 121.473889889679569, 0.619862139790071 ], [ 121.474947713630669, 0.613129908048569 ], [ 121.476357576935172, 0.606397698395886 ], [ 121.480232741579897, 0.595414028645456 ], [ 121.476362121975157, 0.589920614816917 ], [ 121.477273646196593, 0.551783285876004 ], [ 121.480795655074118, 0.551743211403197 ], [ 121.483211227904675, 0.539399180782238 ], [ 121.486313776532825, 0.532590966755562 ], [ 121.490314994346519, 0.525725011211362 ], [ 121.492016357998793, 0.525636856062048 ], [ 121.493267585122481, 0.521244879243552 ], [ 121.494821194022322, 0.519129802161009 ], [ 121.496296216152444, 0.519289170388602 ], [ 121.503863632665428, 0.516602059415225 ], [ 121.504432849380791, 0.512407026127546 ], [ 121.507438303370378, 0.508687838485065 ], [ 121.507013268846094, 0.503680247329639 ], [ 121.511267851765751, 0.492307823427227 ], [ 121.513659844267067, 0.49459994383537 ], [ 121.517837996213359, 0.494556935858457 ], [ 121.51880607383444, 0.495614201792902 ], [ 121.520016043695279, 0.498454727278572 ], [ 121.52000345012874, 0.500785778882049 ], [ 121.519468303119183, 0.504670805466754 ], [ 121.518333734171591, 0.506625707654793 ], [ 121.513179214617026, 0.512309055319458 ], [ 121.512680180011216, 0.512859288397669 ], [ 121.496888172033465, 0.533960408258691 ], [ 121.494659525604561, 0.544443351012367 ], [ 121.502188182071606, 0.54773474643258 ] ] ] ] } },
{ "type": "Feature", "properties": { "KECAMATAN": "POPAYATO TIMUR", "ID": 119, "KEMISKINAN": "29.05", "STUNTING": "4.73" }, "geometry": { "type": "MultiPolygon", "coordinates": [ [ [ [ 121.490314994346519, 0.525725011211362 ], [ 121.486313776532825, 0.532590966755562 ], [ 121.483211227904675, 0.539399180782238 ], [ 121.480795655074118, 0.551743211403197 ], [ 121.477273646196593, 0.551783285876004 ], [ 121.47511759333004, 0.55029349483152 ], [ 121.473906846447207, 0.550919449960494 ], [ 121.47237064800035, 0.550696732026443 ], [ 121.473121204925405, 0.550238150972602 ], [ 121.475180060228269, 0.546409325571693 ], [ 121.472998344977057, 0.54314438773285 ], [ 121.47620829630776, 0.540268548465681 ], [ 121.476460097336144, 0.539261927516419 ], [ 121.475827801871446, 0.538335279496414 ], [ 121.474899796234041, 0.537741104196341 ], [ 121.472936539046643, 0.537689913763648 ], [ 121.472030512215568, 0.53677743584962 ], [ 121.471980446990898, 0.536017191664682 ], [ 121.473490901883793, 0.53475051738757 ], [ 121.474296879208495, 0.532672771716056 ], [ 121.473542496462883, 0.530442618751001 ], [ 121.471830817064486, 0.53029014003104 ], [ 121.47253616198509, 0.527553494946451 ], [ 121.471847299336744, 0.526049392105419 ], [ 121.47926560267129, 0.525571388094468 ], [ 121.486432648891181, 0.526327477832131 ], [ 121.48914972028021, 0.525239346798143 ], [ 121.490314994346519, 0.525725011211362 ] ] ] ] } },
{ "type": "Feature", "properties": { "KECAMATAN": "POPAYATO TIMUR", "ID": 120, "KEMISKINAN": "29.05", "STUNTING": "4.73" }, "geometry": { "type": "MultiPolygon", "coordinates": [ [ [ [ 121.490314994346519, 0.525725011211362 ], [ 121.48914972028021, 0.525239346798143 ], [ 121.486432648891181, 0.526327477832131 ], [ 121.47926560267129, 0.525571388094468 ], [ 121.471847299336744, 0.526049392105419 ], [ 121.470322274977235, 0.522586168246795 ], [ 121.470977111691155, 0.52086315203673 ], [ 121.469261698117393, 0.518746423572933 ], [ 121.470300249431503, 0.517283587633797 ], [ 121.472002816633832, 0.516782372813216 ], [ 121.473456896529612, 0.512853321861071 ], [ 121.475024700686603, 0.511183016162695 ], [ 121.476945978431942, 0.508255910669417 ], [ 121.477568858056884, 0.508674100482152 ], [ 121.47773469728439, 0.510220821003768 ], [ 121.478399013850236, 0.509928353289011 ], [ 121.478441220325436, 0.507127625992885 ], [ 121.480143710386642, 0.506960818795852 ], [ 121.480464692400759, 0.506584115858031 ], [ 121.491352962650808, 0.516125817727895 ], [ 121.496296216152444, 0.519289170388602 ], [ 121.494821194022322, 0.519129802161009 ], [ 121.493267585122481, 0.521244879243552 ], [ 121.492016357998793, 0.525636856062048 ], [ 121.490314994346519, 0.525725011211362 ] ] ] ] } },
{ "type": "Feature", "properties": { "KECAMATAN": "POPAYATO TIMUR", "ID": 121, "KEMISKINAN": "29.05", "STUNTING": "4.73" }, "geometry": { "type": "MultiPolygon", "coordinates": [ [ [ [ 121.512104924982097, 0.486242683261926 ], [ 121.511396841637605, 0.486381758453645 ], [ 121.510208152003685, 0.485066830699585 ], [ 121.5106382756871, 0.483714000478317 ], [ 121.513154256662659, 0.484194466009589 ], [ 121.513154087872167, 0.486255316557758 ], [ 121.512104924982097, 0.486242683261926 ] ] ], [ [ [ 121.511267851765751, 0.492307823427227 ], [ 121.507013268846094, 0.503680247329639 ], [ 121.507438303370378, 0.508687838485065 ], [ 121.504432849380791, 0.512407026127546 ], [ 121.503863632665428, 0.516602059415225 ], [ 121.496296216152444, 0.519289170388602 ], [ 121.491352962650808, 0.516125817727895 ], [ 121.480464692400759, 0.506584115858031 ], [ 121.480642173279108, 0.506375684078462 ], [ 121.481915017682681, 0.503021891251896 ], [ 121.48418152949931, 0.502861747291403 ], [ 121.486001824314457, 0.500741183409579 ], [ 121.48737422385247, 0.501512762061394 ], [ 121.489130111101403, 0.5011275225809 ], [ 121.489481509317883, 0.499103023498213 ], [ 121.488556131907799, 0.498010199814756 ], [ 121.488875751595856, 0.496210631117142 ], [ 121.491014694597055, 0.495311300579635 ], [ 121.499763808142262, 0.484213466785475 ], [ 121.500705392561315, 0.484812469778815 ], [ 121.50097279202825, 0.486786847230389 ], [ 121.501839111046721, 0.487118037775067 ], [ 121.502106695260892, 0.488251695276896 ], [ 121.500807288981946, 0.489958565917989 ], [ 121.505214528434266, 0.487270883509447 ], [ 121.507698404581703, 0.48690147336413 ], [ 121.510612958585625, 0.489062138648864 ], [ 121.510233597498896, 0.49190688799615 ], [ 121.511267851765751, 0.492307823427227 ] ] ] ] } },
{ "type": "Feature", "properties": { "KECAMATAN": "POPAYATO BARAT", "ID": 109, "KEMISKINAN": "49.38", "STUNTING": "2.06" }, "geometry": { "type": "MultiPolygon", "coordinates": [ [ [ [ 121.385448426401325, 0.479271650827426 ], [ 121.383862979039833, 0.490021132354377 ], [ 121.382420224200246, 0.493789487197658 ], [ 121.383768556685013, 0.498544922777198 ], [ 121.382541798744711, 0.513085052141546 ], [ 121.376690401226114, 0.519953732289045 ], [ 121.370478848737122, 0.528807417924702 ], [ 121.369701186487063, 0.53427662387203 ], [ 121.370474152262531, 0.546517939052924 ], [ 121.369177978408416, 0.555893766368341 ], [ 121.370729509619565, 0.559280045457475 ], [ 121.376066906822629, 0.566172299595911 ], [ 121.378560552342037, 0.567660860774231 ], [ 121.382348352600374, 0.577313756146145 ], [ 121.384351671001312, 0.589210730787668 ], [ 121.382788157977203, 0.598188737367087 ], [ 121.381437208752885, 0.601178682499457 ], [ 121.372520658927016, 0.608836392593224 ], [ 121.368395071704867, 0.615840049950398 ], [ 121.368136008481187, 0.620250425630351 ], [ 121.365815678777082, 0.62310352555893 ], [ 121.361691489912445, 0.625437175260855 ], [ 121.358339965377922, 0.629327750616602 ], [ 121.357050571051943, 0.631921712901038 ], [ 121.345191513885538, 0.644889770475663 ], [ 121.337974063271574, 0.649297790693479 ], [ 121.328697380929185, 0.64618151124761 ], [ 121.318388001857514, 0.647994109459225 ], [ 121.307819765845963, 0.654216969984232 ], [ 121.304468305279201, 0.657847852166702 ], [ 121.299313661368913, 0.659143232911772 ], [ 121.285913765720906, 0.656284903855129 ], [ 121.283595981858909, 0.651614412745714 ], [ 121.280504461009727, 0.648759585222356 ], [ 121.263497541783664, 0.64304639775826 ], [ 121.255251464058219, 0.641746449717138 ], [ 121.248295165498718, 0.636814959346941 ], [ 121.242626084875027, 0.635775329906627 ], [ 121.235668258934112, 0.635513519936302 ], [ 121.232576477782487, 0.633696514125068 ], [ 121.231222832033751, 0.633761115843354 ], [ 121.227554829039704, 0.629209132063222 ], [ 121.227882889404881, 0.626166221765621 ], [ 121.229302108362177, 0.62307613358846 ], [ 121.231095028080816, 0.6214601690231 ], [ 121.231590802175134, 0.617994407494491 ], [ 121.233246385012535, 0.615712670963395 ], [ 121.233383657339544, 0.613145147700243 ], [ 121.235130761009287, 0.608235811669209 ], [ 121.239410830522758, 0.602251739220803 ], [ 121.24285944505678, 0.600518860366881 ], [ 121.247581924672772, 0.601555179650424 ], [ 121.249642011107809, 0.601024424654382 ], [ 121.257249433559792, 0.595069243056754 ], [ 121.261804328211383, 0.589909933447172 ], [ 121.271588963119015, 0.586869095558482 ], [ 121.273248561301628, 0.584216289384107 ], [ 121.275426082661838, 0.58250525845934 ], [ 121.282500434150265, 0.582049444627861 ], [ 121.286033053190053, 0.581138078973451 ], [ 121.289553230609471, 0.581475307834642 ], [ 121.294934290983832, 0.580105230860992 ], [ 121.297691587021717, 0.577236589899774 ], [ 121.300228716086252, 0.575570949872803 ], [ 121.301210800221156, 0.570447507306246 ], [ 121.302702930584772, 0.568274836356784 ], [ 121.303848694374395, 0.567854943697474 ], [ 121.307631547654267, 0.568576453353762 ], [ 121.3123286732217, 0.574320685837035 ], [ 121.315078400359056, 0.576228452106973 ], [ 121.315042018517346, 0.57775323772705 ], [ 121.31640222072599, 0.578449983474902 ], [ 121.319792080613183, 0.576313893874767 ], [ 121.32403941184586, 0.576637325282823 ], [ 121.326414233429503, 0.576181795301443 ], [ 121.32987556036889, 0.574489929213504 ], [ 121.333107007013908, 0.575584112447123 ], [ 121.336508276503082, 0.574828711196771 ], [ 121.34091942427618, 0.569874313672534 ], [ 121.343323635620322, 0.565831365578893 ], [ 121.345698339544128, 0.565844058812024 ], [ 121.345731607845309, 0.565342754136386 ], [ 121.351222202904097, 0.565206801294158 ], [ 121.356646537362764, 0.564151524583343 ], [ 121.358221761340516, 0.562038285916442 ], [ 121.359347255722923, 0.553807434928997 ], [ 121.356764267411947, 0.539221677077881 ], [ 121.351850328872317, 0.532969594230357 ], [ 121.349523389922965, 0.526457803419431 ], [ 121.349525294513938, 0.51916532903614 ], [ 121.353148028151821, 0.517343122763512 ], [ 121.359098332686159, 0.517605136932451 ], [ 121.364516482600578, 0.51529908665656 ], [ 121.36521470407321, 0.494916865145631 ], [ 121.365387793283375, 0.491966609898062 ], [ 121.370643570750843, 0.476435440352594 ], [ 121.374248537845716, 0.476613428691861 ], [ 121.376075322985855, 0.477541826109205 ], [ 121.377093707163283, 0.476823062492491 ], [ 121.38305318891635, 0.477631658289388 ], [ 121.385448426401325, 0.479271650827426 ] ] ] ] } },
{ "type": "Feature", "properties": { "KECAMATAN": "POPAYATO BARAT", "ID": 110, "KEMISKINAN": "49.38", "STUNTING": "2.06" }, "geometry": { "type": "MultiPolygon", "coordinates": [ [ [ [ 121.404705941099948, 0.508371393861671 ], [ 121.413692997893278, 0.50806164687077 ], [ 121.414310758929645, 0.522271546833784 ], [ 121.409061242495298, 0.566123855939891 ], [ 121.399103694094364, 0.570157965146754 ], [ 121.39116637779334, 0.566057450788113 ], [ 121.38702826150184, 0.561107730954289 ], [ 121.385736328989054, 0.554856556649161 ], [ 121.385738710487431, 0.546001193898169 ], [ 121.386775436028216, 0.538708863667301 ], [ 121.395314759717266, 0.532720719771183 ], [ 121.398679611291797, 0.527512542758322 ], [ 121.402305161906185, 0.513709444346508 ], [ 121.404266003864777, 0.513013284421957 ], [ 121.404705941099948, 0.508371393861671 ] ] ] ] } },
{ "type": "Feature", "properties": { "KECAMATAN": "POPAYATO BARAT", "ID": 111, "KEMISKINAN": "49.38", "STUNTING": "2.06" }, "geometry": { "type": "MultiPolygon", "coordinates": [ [ [ [ 121.36521470407321, 0.494916865145631 ], [ 121.364516482600578, 0.51529908665656 ], [ 121.359098332686159, 0.517605136932451 ], [ 121.353148028151821, 0.517343122763512 ], [ 121.349525294513938, 0.51916532903614 ], [ 121.349523389922965, 0.526457803419431 ], [ 121.351850328872317, 0.532969594230357 ], [ 121.356764267411947, 0.539221677077881 ], [ 121.359347255722923, 0.553807434928997 ], [ 121.358221761340516, 0.562038285916442 ], [ 121.356646537362764, 0.564151524583343 ], [ 121.351222202904097, 0.565206801294158 ], [ 121.345731607845309, 0.565342754136386 ], [ 121.346105186356368, 0.562626451944146 ], [ 121.34912962970067, 0.558187438128774 ], [ 121.350266008590594, 0.555242747659355 ], [ 121.343952285767642, 0.547387324956103 ], [ 121.347665905268698, 0.53765996752225 ], [ 121.347262881373027, 0.535175539901642 ], [ 121.345067603544877, 0.532953773733622 ], [ 121.344167488361421, 0.529091247749767 ], [ 121.342568772969884, 0.526821606958547 ], [ 121.340958072369261, 0.52635292752746 ], [ 121.335676953700485, 0.526539091915188 ], [ 121.334266419239427, 0.523946278253282 ], [ 121.332574495617592, 0.523856662313902 ], [ 121.331297760583112, 0.522739030843864 ], [ 121.333158141953305, 0.521678123737166 ], [ 121.333689681368895, 0.520146706895295 ], [ 121.33417950274, 0.516034536737662 ], [ 121.333693566274889, 0.511689664129475 ], [ 121.335554048557611, 0.511299126602003 ], [ 121.336137729942976, 0.508925086300946 ], [ 121.338092485378894, 0.506540059041347 ], [ 121.339446318725209, 0.505898674517367 ], [ 121.344424613419378, 0.505352116848199 ], [ 121.344347093132299, 0.504397336007143 ], [ 121.343071696029355, 0.503473512501449 ], [ 121.344300867492194, 0.502910338866078 ], [ 121.343729265045923, 0.500834285230765 ], [ 121.345444147505873, 0.497818816778937 ], [ 121.344795764629595, 0.496290229597838 ], [ 121.346909082848683, 0.494048605489104 ], [ 121.348038140463899, 0.494182350843095 ], [ 121.351576161051867, 0.492258027054957 ], [ 121.36521470407321, 0.494916865145631 ] ] ] ] } },
{ "type": "Feature", "properties": { "KECAMATAN": "POPAYATO BARAT", "ID": 112, "KEMISKINAN": "49.38", "STUNTING": "2.06" }, "geometry": { "type": "MultiPolygon", "coordinates": [ [ [ [ 121.412522869034845, 0.477274844672957 ], [ 121.41261721946924, 0.480833147365276 ], [ 121.410048772291191, 0.484391458512787 ], [ 121.41050447591563, 0.485305908197651 ], [ 121.409223999820782, 0.486653696133219 ], [ 121.406443131845521, 0.486182405678202 ], [ 121.404534389434815, 0.482647671933298 ], [ 121.40363890993271, 0.477510491619535 ], [ 121.406608089366216, 0.475790251330652 ], [ 121.407998601424424, 0.473221678141575 ], [ 121.408611184141876, 0.4731509534012 ], [ 121.410189949281914, 0.473575140256619 ], [ 121.410567055068242, 0.474470599154495 ], [ 121.409954272328321, 0.475413203068351 ], [ 121.410897093795171, 0.474941906566704 ], [ 121.412593668092754, 0.475813826000158 ], [ 121.412522869034845, 0.477274844672957 ] ] ], [ [ [ 121.439110584091551, 0.525600981233785 ], [ 121.436838952025369, 0.536233759175628 ], [ 121.433161400514493, 0.547562276470535 ], [ 121.425264467022387, 0.555925989360437 ], [ 121.426311524806692, 0.542311598135035 ], [ 121.426133663156207, 0.535247299822847 ], [ 121.42445329588395, 0.528011280415894 ], [ 121.424886925300243, 0.506854575378233 ], [ 121.41871650097319, 0.507060539771151 ], [ 121.417820594506665, 0.50618405658077 ], [ 121.41818436306346, 0.505310320584149 ], [ 121.416881508746044, 0.501591467581006 ], [ 121.415324339831528, 0.501226544294395 ], [ 121.404542754495807, 0.502943250576413 ], [ 121.403918411301589, 0.499399174128277 ], [ 121.403994878858413, 0.494150961159354 ], [ 121.403552251730488, 0.486428368244338 ], [ 121.404317015634874, 0.487405639017444 ], [ 121.405547166882855, 0.487950109899957 ], [ 121.410969143117939, 0.487505923691609 ], [ 121.409120818120797, 0.487300586174486 ], [ 121.410661045062255, 0.485657700367712 ], [ 121.411824573312174, 0.486205337801513 ], [ 121.412064221615879, 0.485435221905304 ], [ 121.412862100955621, 0.485333350173809 ], [ 121.412921676419828, 0.4862849072894 ], [ 121.420843240896914, 0.48394639993897 ], [ 121.423119318298674, 0.482166635101331 ], [ 121.423513045444224, 0.482816930717531 ], [ 121.425326914676731, 0.482748465915082 ], [ 121.425344036646266, 0.483980625494516 ], [ 121.426593381031452, 0.483741043152994 ], [ 121.427312153597271, 0.484613803938592 ], [ 121.427774025765331, 0.489217246132698 ], [ 121.428510068246084, 0.487043885535874 ], [ 121.428937755877797, 0.488943413134288 ], [ 121.431470629155655, 0.489987342987517 ], [ 121.432155165880658, 0.493204587830318 ], [ 121.433438997853742, 0.494378479731603 ], [ 121.434328443980263, 0.497705330251028 ], [ 121.435085469470295, 0.497076959391949 ], [ 121.436992162995679, 0.498694014480892 ], [ 121.437914716823499, 0.498532713051878 ], [ 121.438222545411719, 0.498626660309496 ], [ 121.437763136386934, 0.505041301982088 ], [ 121.438061595922505, 0.519322327289293 ], [ 121.439110584091551, 0.525600981233785 ] ] ] ] } },
{ "type": "Feature", "properties": { "KECAMATAN": "POPAYATO BARAT", "ID": 113, "KEMISKINAN": "49.38", "STUNTING": "2.06" }, "geometry": { "type": "MultiPolygon", "coordinates": [ [ [ [ 121.370643570750843, 0.476435440352594 ], [ 121.365387793283375, 0.491966609898062 ], [ 121.36521470407321, 0.494916865145631 ], [ 121.351576161051867, 0.492258027054957 ], [ 121.350464509511625, 0.490638564227828 ], [ 121.350555826250954, 0.488013453992506 ], [ 121.348839185336473, 0.487951067630652 ], [ 121.347275334142864, 0.485286340266731 ], [ 121.345436596684038, 0.485155427946813 ], [ 121.343773356749452, 0.48369986211326 ], [ 121.342445842123055, 0.483509375053357 ], [ 121.341751708250897, 0.478423652046631 ], [ 121.340813316312961, 0.478093478250239 ], [ 121.340248755418571, 0.477002010880687 ], [ 121.338402281890268, 0.476387595061931 ], [ 121.336615739102882, 0.474037977760764 ], [ 121.337797214173179, 0.473288855941432 ], [ 121.340044464280524, 0.47432607886587 ], [ 121.342090100996714, 0.473231214542134 ], [ 121.344279608959027, 0.473922720994766 ], [ 121.34658475905357, 0.475881902906048 ], [ 121.350287879589033, 0.475724675832732 ], [ 121.361122015498154, 0.471119640852722 ], [ 121.361999544202689, 0.47125822273256 ], [ 121.363231251200872, 0.4730364627033 ], [ 121.370643570750843, 0.476435440352594 ] ] ] ] } },
{ "type": "Feature", "properties": { "KECAMATAN": "POPAYATO BARAT", "ID": 114, "KEMISKINAN": "49.38", "STUNTING": "2.06" }, "geometry": { "type": "MultiPolygon", "coordinates": [ [ [ [ 121.406688361806559, 0.844472567775609 ], [ 121.401405764651471, 0.843497121161816 ], [ 121.399742655597805, 0.84739251993514 ], [ 121.398018478252553, 0.849572473136382 ], [ 121.394173201344643, 0.851041247484039 ], [ 121.390602566017492, 0.850335470865735 ], [ 121.387871218100855, 0.853432140534158 ], [ 121.385483304221339, 0.85433154344666 ], [ 121.380081625768184, 0.852236708103424 ], [ 121.374199350375449, 0.852741645215636 ], [ 121.370667109373088, 0.851621771734399 ], [ 121.369637150856747, 0.849994331651436 ], [ 121.36796620895457, 0.849100989438254 ], [ 121.365173974273233, 0.849480621484764 ], [ 121.363747181305911, 0.852179946445828 ], [ 121.359291554184068, 0.853093840174699 ], [ 121.357681709860444, 0.852476985986348 ], [ 121.354904645636893, 0.850209113687859 ], [ 121.350220236804674, 0.850442868654708 ], [ 121.348465505931003, 0.849894486113021 ], [ 121.346909093424401, 0.847769863890333 ], [ 121.347481266246675, 0.84510149792961 ], [ 121.348236520821999, 0.843009590967467 ], [ 121.351463901809083, 0.841261681606573 ], [ 121.35335597845733, 0.83360261210955 ], [ 121.350578719838694, 0.820916559315163 ], [ 121.351585893158543, 0.819907776346005 ], [ 121.355370129476981, 0.818438354205773 ], [ 121.358597227979004, 0.815228585724723 ], [ 121.361305798982045, 0.814753637186802 ], [ 121.364471844151907, 0.805548490847761 ], [ 121.364326930629659, 0.80214041342944 ], [ 121.363617594047383, 0.801147312084103 ], [ 121.36256467531544, 0.800728552430483 ], [ 121.358208229235032, 0.800952109945561 ], [ 121.355843031040408, 0.800009849178727 ], [ 121.354073145877265, 0.798747631648764 ], [ 121.353363450488672, 0.795134876548884 ], [ 121.352730211815796, 0.794821489852202 ], [ 121.348373981104714, 0.794573373070326 ], [ 121.345314672238032, 0.793237023218216 ], [ 121.343079207569446, 0.792974567975788 ], [ 121.340134289970962, 0.794159771121548 ], [ 121.335045353773452, 0.794599355906653 ], [ 121.33216144566282, 0.794184659279926 ], [ 121.328789357043462, 0.792305859068696 ], [ 121.326294539812892, 0.791961831302066 ], [ 121.322929856448425, 0.787044104298493 ], [ 121.319489023994535, 0.785119013247124 ], [ 121.317307040123879, 0.784591989185932 ], [ 121.314735926008581, 0.785536967307285 ], [ 121.3095938195722, 0.79061560502228 ], [ 121.306145380673939, 0.791602949631196 ], [ 121.304535383224888, 0.792885730723567 ], [ 121.302971513212199, 0.795331299020772 ], [ 121.301483798445361, 0.7948417090316 ], [ 121.297676482484547, 0.795390145675787 ], [ 121.293282030360047, 0.794865646278629 ], [ 121.289040142191226, 0.798152155399121 ], [ 121.284439491461967, 0.798006664726811 ], [ 121.281563295763732, 0.79678610742838 ], [ 121.274780710931992, 0.796838925301477 ], [ 121.269692014008868, 0.795747501399466 ], [ 121.25557188470512, 0.798676414449071 ], [ 121.255089962983661, 0.790422638469499 ], [ 121.25066208418049, 0.780754728076003 ], [ 121.250959103538577, 0.777334599561739 ], [ 121.254508087027972, 0.768413603555294 ], [ 121.260124502341597, 0.761129220823973 ], [ 121.267956092589017, 0.756076291703698 ], [ 121.274457145213518, 0.753550837843084 ], [ 121.294035324540943, 0.742330897089003 ], [ 121.29861630408891, 0.738763614760449 ], [ 121.302163166189899, 0.734898474918664 ], [ 121.306447238125415, 0.734751392186181 ], [ 121.307777694949777, 0.73237251546586 ], [ 121.307336141627687, 0.728505831244872 ], [ 121.308223695297357, 0.725085809841373 ], [ 121.321746940904603, 0.70836067007721 ], [ 121.330172848600071, 0.693641095928319 ], [ 121.331504800417449, 0.686800701212951 ], [ 121.331062958569447, 0.682636537226164 ], [ 121.331876864192083, 0.678398485322615 ], [ 121.338528717516766, 0.666503677063011 ], [ 121.348131855679043, 0.664871041998181 ], [ 121.355223660412818, 0.662047811173059 ], [ 121.363203311039484, 0.655358286745154 ], [ 121.366010620440875, 0.653872032137413 ], [ 121.372511054631971, 0.653279256996084 ], [ 121.383148895450518, 0.649713500701585 ], [ 121.390537225520575, 0.64421327309808 ], [ 121.398444125099829, 0.634028567804199 ], [ 121.404358825811784, 0.61633280489036 ], [ 121.405394385888414, 0.610979201298276 ], [ 121.402884876643299, 0.60413740712014 ], [ 121.402806318728452, 0.60204099659372 ], [ 121.398403542073908, 0.5910629550928 ], [ 121.399103694094364, 0.570157965146754 ], [ 121.409061242495298, 0.566123855939891 ], [ 121.414310758929645, 0.522271546833784 ], [ 121.413692997893278, 0.50806164687077 ], [ 121.404705941099948, 0.508371393861671 ], [ 121.404542754495807, 0.502943250576413 ], [ 121.415324339831528, 0.501226544294395 ], [ 121.416881508746044, 0.501591467581006 ], [ 121.41818436306346, 0.505310320584149 ], [ 121.417820594506665, 0.50618405658077 ], [ 121.41871650097319, 0.507060539771151 ], [ 121.424886925300243, 0.506854575378233 ], [ 121.42445329588395, 0.528011280415894 ], [ 121.426133663156207, 0.535247299822847 ], [ 121.426311524806692, 0.542311598135035 ], [ 121.425264467022387, 0.555925989360437 ], [ 121.42443124873185, 0.556808452391619 ], [ 121.424025857124803, 0.556808343290269 ], [ 121.423369968543312, 0.559199171874623 ], [ 121.423367948197736, 0.566719809956515 ], [ 121.422565053181842, 0.567651883996154 ], [ 121.413796789561601, 0.572248849639498 ], [ 121.412469758068738, 0.575184644533442 ], [ 121.412903231859019, 0.579202372998742 ], [ 121.415750003323438, 0.584059990759931 ], [ 121.419330028422038, 0.587079987520331 ], [ 121.421020125343745, 0.589990007941941 ], [ 121.426010233690278, 0.592374490813716 ], [ 121.425389932911173, 0.592860032537166 ], [ 121.424369967978038, 0.593930024796583 ], [ 121.424090043156326, 0.59599003673557 ], [ 121.423239980670147, 0.596870013308068 ], [ 121.423390020259873, 0.598409985141677 ], [ 121.42253992793249, 0.599390007916787 ], [ 121.422289956206782, 0.601730032000978 ], [ 121.421029902514633, 0.604909989883771 ], [ 121.422500026993674, 0.606339984938229 ], [ 121.422259980745906, 0.60830999031146 ], [ 121.420579873019364, 0.608770024938385 ], [ 121.419360126097772, 0.611360018228622 ], [ 121.418430099704622, 0.610129992984474 ], [ 121.417139888446613, 0.610790022409011 ], [ 121.413709871676801, 0.61613997424895 ], [ 121.415699881157295, 0.61676000161671 ], [ 121.416480002506773, 0.618880023289412 ], [ 121.420409897165797, 0.622550035743528 ], [ 121.419169957741687, 0.625939970043552 ], [ 121.419139940849249, 0.628669998542639 ], [ 121.42197988400207, 0.632650015832779 ], [ 121.421339957016613, 0.634859980441425 ], [ 121.424250014530429, 0.637219978939028 ], [ 121.423139896560699, 0.639220024393969 ], [ 121.422130062621733, 0.643769969542616 ], [ 121.421279902039984, 0.644879977963617 ], [ 121.421529954535757, 0.646090023823751 ], [ 121.421000099255039, 0.647279971455381 ], [ 121.421189881433634, 0.65181000819968 ], [ 121.422340107242462, 0.652690026861533 ], [ 121.422340113232423, 0.65446996960282 ], [ 121.42566987675653, 0.655940015122267 ], [ 121.426730099981825, 0.657349993272502 ], [ 121.428929867848893, 0.657899964889728 ], [ 121.429670027272238, 0.65934997614657 ], [ 121.429459916234165, 0.660600013987453 ], [ 121.432040046935171, 0.662219973678821 ], [ 121.433130003782168, 0.664610029099064 ], [ 121.434899937118857, 0.664319988021687 ], [ 121.435130013284265, 0.66565001007258 ], [ 121.433670125110183, 0.668290008656767 ], [ 121.433080006186145, 0.668240007070073 ], [ 121.432660035204421, 0.667260022719693 ], [ 121.432129886110729, 0.667559996807752 ], [ 121.432550115303954, 0.671260002882965 ], [ 121.430189996226446, 0.674340025491125 ], [ 121.427000138388138, 0.675179997952666 ], [ 121.425489866700687, 0.67730997138443 ], [ 121.421220016333905, 0.679749986871867 ], [ 121.415729949867213, 0.679020007757378 ], [ 121.414900070981076, 0.680710009041183 ], [ 121.412370019798118, 0.683150009325137 ], [ 121.40952987565575, 0.684329985159335 ], [ 121.404230074237674, 0.688169977853468 ], [ 121.402869894353131, 0.690589997921185 ], [ 121.39829991606338, 0.692250025447469 ], [ 121.397709970340799, 0.693380009673836 ], [ 121.397580107348176, 0.697180031682541 ], [ 121.39321997377327, 0.711560028247602 ], [ 121.395760029599032, 0.712770022697304 ], [ 121.398589895683784, 0.712949981515285 ], [ 121.401510015658147, 0.714379987316347 ], [ 121.408069930757719, 0.719380031324155 ], [ 121.410479955059174, 0.72240002120064 ], [ 121.412689262552121, 0.722948514223196 ], [ 121.410879874374615, 0.726049970113172 ], [ 121.409890068717004, 0.731320031241998 ], [ 121.410029908227457, 0.734430015495944 ], [ 121.412079961224507, 0.737559975448674 ], [ 121.408900013778165, 0.7380399897822 ], [ 121.408209902285066, 0.741269997428615 ], [ 121.406589870360719, 0.743130026767167 ], [ 121.406269986428399, 0.744999993916649 ], [ 121.403780086169718, 0.747139985870424 ], [ 121.403890035028084, 0.749760033203648 ], [ 121.395447276272506, 0.758356380773249 ], [ 121.393082328618448, 0.761924727575822 ], [ 121.391750929628898, 0.766683268298705 ], [ 121.392192282863036, 0.771144953020295 ], [ 121.393515969816235, 0.775754290535167 ], [ 121.399844485035132, 0.782895470728127 ], [ 121.404221226691689, 0.801711290552118 ], [ 121.410571245686498, 0.809149753232061 ], [ 121.411309042738836, 0.811380894251021 ], [ 121.413020779311324, 0.831377842643297 ], [ 121.412506698353965, 0.832820473973781 ], [ 121.412787421524541, 0.834306809360994 ], [ 121.410992870071595, 0.836287659998289 ], [ 121.408845778963126, 0.840816094899131 ], [ 121.408774735283572, 0.842231559138638 ], [ 121.406688361806559, 0.844472567775609 ] ] ] ] } },
{ "type": "Feature", "properties": { "KECAMATAN": "POPAYATO BARAT", "ID": 115, "KEMISKINAN": "49.38", "STUNTING": "2.06" }, "geometry": { "type": "MultiPolygon", "coordinates": [ [ [ [ 121.25557188470512, 0.798676414449071 ], [ 121.252228465482659, 0.798450181020902 ], [ 121.250664344503789, 0.800170587830982 ], [ 121.245186482870693, 0.801394410058363 ], [ 121.23813673527043, 0.801521426691663 ], [ 121.235901389651076, 0.799969021448375 ], [ 121.234375493783631, 0.797652370407596 ], [ 121.232292706733602, 0.796481254189194 ], [ 121.216683096846538, 0.79203647481104 ], [ 121.215736970829269, 0.790254899653062 ], [ 121.216820445207404, 0.78857367365873 ], [ 121.217461205021849, 0.784264094180562 ], [ 121.213738054019771, 0.77870360214237 ], [ 121.213860018948864, 0.773709939395415 ], [ 121.209206173609985, 0.768359118132365 ], [ 121.200882597784158, 0.76605688661334 ], [ 121.195282516839683, 0.766002378199202 ], [ 121.193054642808903, 0.766855268202979 ], [ 121.19136869593595, 0.765377331417758 ], [ 121.190972029740692, 0.762714918034133 ], [ 121.186920674435768, 0.758037469396298 ], [ 121.185913695849109, 0.749999819912359 ], [ 121.184448733226532, 0.747016026647982 ], [ 121.182556596867997, 0.745208461650568 ], [ 121.182083825340655, 0.743258853538284 ], [ 121.183930129151378, 0.736983613941176 ], [ 121.182701743810284, 0.734130272892939 ], [ 121.184830361294786, 0.731484802717395 ], [ 121.187149550549378, 0.725399840221206 ], [ 121.187439411248107, 0.722166823164292 ], [ 121.184982888949463, 0.718552346688659 ], [ 121.181953987901011, 0.716363997697931 ], [ 121.180588477272167, 0.713796029043321 ], [ 121.178826015750914, 0.705526836750456 ], [ 121.178879307970348, 0.701295297601332 ], [ 121.174293951092778, 0.693020508360318 ], [ 121.173912642337797, 0.688136961953232 ], [ 121.173065639732599, 0.685426447666613 ], [ 121.171555269653808, 0.683571555877114 ], [ 121.161263165447593, 0.678696527274267 ], [ 121.163582312094931, 0.675179056565076 ], [ 121.165520254823008, 0.66937915531212 ], [ 121.17327184999435, 0.665435789634392 ], [ 121.179207311361012, 0.655139630955501 ], [ 121.183746866228233, 0.652336066453705 ], [ 121.186676684157561, 0.651481319652012 ], [ 121.194382164549893, 0.6453981732757 ], [ 121.196678785608285, 0.641903742523473 ], [ 121.19937178704258, 0.641571880391565 ], [ 121.202583895833172, 0.64266656326267 ], [ 121.209816630253528, 0.641528095939945 ], [ 121.215912419810124, 0.638962624673054 ], [ 121.218941248900236, 0.638440678110461 ], [ 121.221069959381367, 0.639154609332158 ], [ 121.225456741335236, 0.64400597663453 ], [ 121.228485774561619, 0.645385875497615 ], [ 121.231850114199162, 0.641525354295522 ], [ 121.231222832033751, 0.633761115843354 ], [ 121.232576477782487, 0.633696514125068 ], [ 121.235668258934112, 0.635513519936302 ], [ 121.242626084875027, 0.635775329906627 ], [ 121.248295165498718, 0.636814959346941 ], [ 121.255251464058219, 0.641746449717138 ], [ 121.263497541783664, 0.64304639775826 ], [ 121.280504461009727, 0.648759585222356 ], [ 121.283595981858909, 0.651614412745714 ], [ 121.285913765720906, 0.656284903855129 ], [ 121.299313661368913, 0.659143232911772 ], [ 121.304468305279201, 0.657847852166702 ], [ 121.307819765845963, 0.654216969984232 ], [ 121.318388001857514, 0.647994109459225 ], [ 121.328697380929185, 0.64618151124761 ], [ 121.337974063271574, 0.649297790693479 ], [ 121.345191513885538, 0.644889770475663 ], [ 121.357050571051943, 0.631921712901038 ], [ 121.358339965377922, 0.629327750616602 ], [ 121.361691489912445, 0.625437175260855 ], [ 121.365815678777082, 0.62310352555893 ], [ 121.368136008481187, 0.620250425630351 ], [ 121.368395071704867, 0.615840049950398 ], [ 121.372520658927016, 0.608836392593224 ], [ 121.381437208752885, 0.601178682499457 ], [ 121.382788157977203, 0.598188737367087 ], [ 121.384351671001312, 0.589210730787668 ], [ 121.382348352600374, 0.577313756146145 ], [ 121.378560552342037, 0.567660860774231 ], [ 121.376066906822629, 0.566172299595911 ], [ 121.370729509619565, 0.559280045457475 ], [ 121.369177978408416, 0.555893766368341 ], [ 121.370474152262531, 0.546517939052924 ], [ 121.369701186487063, 0.53427662387203 ], [ 121.370478848737122, 0.528807417924702 ], [ 121.376690401226114, 0.519953732289045 ], [ 121.382541798744711, 0.513085052141546 ], [ 121.383768556685013, 0.498544922777198 ], [ 121.382420224200246, 0.493789487197658 ], [ 121.383862979039833, 0.490021132354377 ], [ 121.385448426401325, 0.479271650827426 ], [ 121.386497218336757, 0.480057455498715 ], [ 121.388294209158062, 0.479997543519248 ], [ 121.388952979041761, 0.481674636493965 ], [ 121.391110881369173, 0.482102535963955 ], [ 121.395139588108236, 0.488544822918344 ], [ 121.397577980366734, 0.491221050782285 ], [ 121.398707913437761, 0.491339987459947 ], [ 121.398589023043698, 0.490745260752332 ], [ 121.396269672747252, 0.489198999499605 ], [ 121.391216367948914, 0.48120384163389 ], [ 121.390946684905458, 0.479565452304884 ], [ 121.391699546871479, 0.477443429378974 ], [ 121.392880446250814, 0.476878686229663 ], [ 121.398493633093892, 0.47853864895365 ], [ 121.398870218615059, 0.480438207477372 ], [ 121.397860343358133, 0.481944177160196 ], [ 121.400153599159026, 0.482252207664056 ], [ 121.400820928125512, 0.484562481052739 ], [ 121.402434476566157, 0.485079383780826 ], [ 121.403552251730488, 0.486428368244338 ], [ 121.404317015634874, 0.487405639017444 ], [ 121.403994878858413, 0.494150961159354 ], [ 121.403918411301589, 0.499399174128277 ], [ 121.404542754495807, 0.502943250576413 ], [ 121.404705941099948, 0.508371393861671 ], [ 121.404266003864777, 0.513013284421957 ], [ 121.402305161906185, 0.513709444346508 ], [ 121.398679611291797, 0.527512542758322 ], [ 121.395314759717266, 0.532720719771183 ], [ 121.386775436028216, 0.538708863667301 ], [ 121.385738710487431, 0.546001193898169 ], [ 121.385736328989054, 0.554856556649161 ], [ 121.38702826150184, 0.561107730954289 ], [ 121.39116637779334, 0.566057450788113 ], [ 121.399103694094364, 0.570157965146754 ], [ 121.398403542073908, 0.5910629550928 ], [ 121.402806318728452, 0.60204099659372 ], [ 121.402884876643299, 0.60413740712014 ], [ 121.405394385888414, 0.610979201298276 ], [ 121.404358825811784, 0.61633280489036 ], [ 121.398444125099829, 0.634028567804199 ], [ 121.390537225520575, 0.64421327309808 ], [ 121.383148895450518, 0.649713500701585 ], [ 121.372511054631971, 0.653279256996084 ], [ 121.366010620440875, 0.653872032137413 ], [ 121.363203311039484, 0.655358286745154 ], [ 121.355223660412818, 0.662047811173059 ], [ 121.348131855679043, 0.664871041998181 ], [ 121.338528717516766, 0.666503677063011 ], [ 121.331876864192083, 0.678398485322615 ], [ 121.331062958569447, 0.682636537226164 ], [ 121.331504800417449, 0.686800701212951 ], [ 121.330172848600071, 0.693641095928319 ], [ 121.321746940904603, 0.70836067007721 ], [ 121.308223695297357, 0.725085809841373 ], [ 121.307336141627687, 0.728505831244872 ], [ 121.307777694949777, 0.73237251546586 ], [ 121.306447238125415, 0.734751392186181 ], [ 121.302163166189899, 0.734898474918664 ], [ 121.29861630408891, 0.738763614760449 ], [ 121.294035324540943, 0.742330897089003 ], [ 121.274457145213518, 0.753550837843084 ], [ 121.267956092589017, 0.756076291703698 ], [ 121.260124502341597, 0.761129220823973 ], [ 121.254508087027972, 0.768413603555294 ], [ 121.250959103538577, 0.777334599561739 ], [ 121.25066208418049, 0.780754728076003 ], [ 121.255089962983661, 0.790422638469499 ], [ 121.25557188470512, 0.798676414449071 ] ] ] ] } },
{ "type": "Feature", "properties": { "KECAMATAN": "POPAYATO", "ID": 96, "KEMISKINAN": "49.63", "STUNTING": "5.48" }, "geometry": { "type": "MultiPolygon", "coordinates": [ [ [ [ 121.471374959815918, 0.551304900324032 ], [ 121.469628698924822, 0.552434425879076 ], [ 121.467384032206198, 0.551680502483896 ], [ 121.466073829391249, 0.553689035026137 ], [ 121.464140624527232, 0.554692948749489 ], [ 121.462955233443012, 0.556073690296008 ], [ 121.459463415708669, 0.555633361954753 ], [ 121.458215470979781, 0.557892941065772 ], [ 121.455783758787291, 0.557452887886098 ], [ 121.455720990802874, 0.559147808303981 ], [ 121.455034583736932, 0.560152039784354 ], [ 121.452103939901065, 0.559900149307344 ], [ 121.453163278180909, 0.562788147436875 ], [ 121.455805846782894, 0.564226318168357 ], [ 121.456700255730695, 0.566542952014002 ], [ 121.456507976736006, 0.568537561851121 ], [ 121.461301652101639, 0.568860548780057 ], [ 121.462260218059015, 0.569568607008106 ], [ 121.462259671259517, 0.571627606363121 ], [ 121.46014996685652, 0.573299968167005 ], [ 121.460469113625976, 0.574586954658782 ], [ 121.463216601379287, 0.578448334027213 ], [ 121.463151234506924, 0.583467151509351 ], [ 121.460913406622325, 0.586490700064966 ], [ 121.459698713059524, 0.587133795739456 ], [ 121.457972953700278, 0.58713331676322 ], [ 121.457473278031969, 0.587952826187097 ], [ 121.4578028325719, 0.589134114437426 ], [ 121.459306026584002, 0.589909668555064 ], [ 121.460992996933726, 0.589061166607605 ], [ 121.461138989757785, 0.591091377669626 ], [ 121.458351647265943, 0.593379157211613 ], [ 121.456371789461656, 0.593452437111273 ], [ 121.454721275234419, 0.594448578647464 ], [ 121.452521622185913, 0.593414400791668 ], [ 121.448048072036926, 0.594852683566591 ], [ 121.446178366625091, 0.593597163682622 ], [ 121.443758495070938, 0.593005937203115 ], [ 121.443244927241864, 0.593301062409344 ], [ 121.442804335686901, 0.595663313856241 ], [ 121.43923569825148, 0.595916304514352 ], [ 121.43756144071628, 0.594523204532491 ], [ 121.435843068147875, 0.594268637297288 ], [ 121.453014311744212, 0.537288835961389 ], [ 121.475827801871446, 0.538335279496414 ], [ 121.476460097336144, 0.539261927516419 ], [ 121.47620829630776, 0.540268548465681 ], [ 121.472998344977057, 0.54314438773285 ], [ 121.475180060228269, 0.546409325571693 ], [ 121.473121204925405, 0.550238150972602 ], [ 121.471374959815918, 0.551304900324032 ] ] ] ] } },
{ "type": "Feature", "properties": { "KECAMATAN": "POPAYATO", "ID": 97, "KEMISKINAN": "49", "STUNTING": null }, "geometry": { "type": "MultiPolygon", "coordinates": [ [ [ [ 121.435843068147875, 0.594268637297288 ], [ 121.434794950987779, 0.59360615485736 ], [ 121.433229154100701, 0.594888458362339 ], [ 121.431772877566232, 0.595071251331012 ], [ 121.429734739431524, 0.592835061766115 ], [ 121.427732231833915, 0.593677407078905 ], [ 121.426785903511004, 0.592467730223332 ], [ 121.42603241168581, 0.592377288037502 ], [ 121.426010233690278, 0.592374490813716 ], [ 121.421020125343745, 0.589990007941941 ], [ 121.419330028422038, 0.587079987520331 ], [ 121.415750003323438, 0.584059990759931 ], [ 121.412903231859019, 0.579202372998742 ], [ 121.412469758068738, 0.575184644533442 ], [ 121.413796789561601, 0.572248849639498 ], [ 121.422565053181842, 0.567651883996154 ], [ 121.423367948197736, 0.566719809956515 ], [ 121.423369968543312, 0.559199171874623 ], [ 121.424025857124803, 0.556808343290269 ], [ 121.42443124873185, 0.556808452391619 ], [ 121.425264444843691, 0.555926157737927 ], [ 121.433161400514493, 0.547562276470535 ], [ 121.436838952025369, 0.536233759175628 ], [ 121.439110584091551, 0.525600981233785 ], [ 121.450441315868829, 0.524763085719391 ], [ 121.454986025968907, 0.525831232392369 ], [ 121.453872853364942, 0.531584204630162 ], [ 121.454625775712174, 0.533980805390852 ], [ 121.453014311744212, 0.537288835961389 ], [ 121.435843068147875, 0.594268637297288 ] ] ] ] } },
{ "type": "Feature", "properties": { "KECAMATAN": "POPAYATO", "ID": 98, "KEMISKINAN": "49.63", "STUNTING": "5.48" }, "geometry": { "type": "MultiPolygon", "coordinates": [ [ [ [ 121.471847299336744, 0.526049392105419 ], [ 121.47253616198509, 0.527553494946451 ], [ 121.471830817064486, 0.53029014003104 ], [ 121.473542496462883, 0.530442618751001 ], [ 121.474296879208495, 0.532672771716056 ], [ 121.473490901883793, 0.53475051738757 ], [ 121.471980446990898, 0.536017191664682 ], [ 121.472030512215568, 0.53677743584962 ], [ 121.472936539046643, 0.537689913763648 ], [ 121.474899796234041, 0.537741104196341 ], [ 121.475827801871446, 0.538335279496414 ], [ 121.453014311744212, 0.537288835961389 ], [ 121.454625775712174, 0.533980805390852 ], [ 121.453872853364942, 0.531584204630162 ], [ 121.454986025968907, 0.525831232392369 ], [ 121.46276356542937, 0.511661455225818 ], [ 121.466615752181625, 0.506579488605494 ], [ 121.467535909254735, 0.507119630458339 ], [ 121.470481935856156, 0.508826232869906 ], [ 121.475024700686603, 0.511183016162695 ], [ 121.473456896529612, 0.512853321861071 ], [ 121.472002816633832, 0.516782372813216 ], [ 121.470300249431503, 0.517283587633797 ], [ 121.469261698117393, 0.518746423572933 ], [ 121.470977111691155, 0.52086315203673 ], [ 121.470322274977235, 0.522586168246795 ], [ 121.471847299336744, 0.526049392105419 ] ] ] ] } },
{ "type": "Feature", "properties": { "KECAMATAN": "POPAYATO", "ID": 99, "KEMISKINAN": "49.63", "STUNTING": "5.48" }, "geometry": { "type": "MultiPolygon", "coordinates": [ [ [ [ 121.46276356542937, 0.511661455225818 ], [ 121.454986025968907, 0.525831232392369 ], [ 121.450441315868829, 0.524763085719391 ], [ 121.439110584091551, 0.525600981233785 ], [ 121.438061595922505, 0.519322327289293 ], [ 121.437763136386934, 0.505041301982088 ], [ 121.437914716823499, 0.498532713051878 ], [ 121.438222545411719, 0.498626660309496 ], [ 121.438960199199016, 0.500906007022559 ], [ 121.440623100430031, 0.500616187610712 ], [ 121.4421314338435, 0.499415176674676 ], [ 121.447262031981481, 0.501399751679541 ], [ 121.451437156144408, 0.501242413951983 ], [ 121.451379300822538, 0.506093365164082 ], [ 121.46276356542937, 0.511661455225818 ] ] ] ] } },
{ "type": "Feature", "properties": { "KECAMATAN": "POPAYATO", "ID": 100, "KEMISKINAN": "49.63", "STUNTING": "5.48" }, "geometry": { "type": "MultiPolygon", "coordinates": [ [ [ [ 121.467535909254735, 0.507119630458339 ], [ 121.466615752181625, 0.506579488605494 ], [ 121.46276356542937, 0.511661455225818 ], [ 121.451379300822538, 0.506093365164082 ], [ 121.451437156144408, 0.501242413951983 ], [ 121.458704464430227, 0.498942792395338 ], [ 121.456700123058326, 0.495789989530335 ], [ 121.456123091819009, 0.493806497599278 ], [ 121.457899121245291, 0.493612607802616 ], [ 121.464407658351533, 0.494647899983844 ], [ 121.464146497623375, 0.501008304160342 ], [ 121.466382348215419, 0.501023351414629 ], [ 121.465948902873222, 0.504522975819297 ], [ 121.468011507686839, 0.505859441117904 ], [ 121.467535909254735, 0.507119630458339 ] ] ] ] } },
{ "type": "Feature", "properties": { "KECAMATAN": "POPAYATO", "ID": 101, "KEMISKINAN": "49.63", "STUNTING": "5.48" }, "geometry": { "type": "MultiPolygon", "coordinates": [ [ [ [ 121.480143710386642, 0.506960818795852 ], [ 121.478441220325436, 0.507127625992885 ], [ 121.478399013850236, 0.509928353289011 ], [ 121.47773469728439, 0.510220821003768 ], [ 121.477568858056884, 0.508674100482152 ], [ 121.476945978431942, 0.508255910669417 ], [ 121.475024700686603, 0.511183016162695 ], [ 121.470481935856156, 0.508826232869906 ], [ 121.471530740079089, 0.506706638797736 ], [ 121.475358621089214, 0.505918698096073 ], [ 121.474153371493443, 0.504735157804168 ], [ 121.475690825553599, 0.503157822747999 ], [ 121.476384438606374, 0.501216192146101 ], [ 121.478871530537177, 0.497742816250932 ], [ 121.479143085880807, 0.49619552586516 ], [ 121.480198104609457, 0.496317158809054 ], [ 121.48029413417828, 0.495023732890152 ], [ 121.486389517220942, 0.483682057806964 ], [ 121.490005559779661, 0.482048361092078 ], [ 121.492425740575868, 0.480150405352573 ], [ 121.492720774116762, 0.47773091215265 ], [ 121.494336578466729, 0.478558173950114 ], [ 121.494693080511055, 0.480061244542815 ], [ 121.495291936217939, 0.479972066106358 ], [ 121.496285422606746, 0.481628005227828 ], [ 121.498998611237667, 0.482748920213103 ], [ 121.499763808142262, 0.484213466785475 ], [ 121.491014694597055, 0.495311300579635 ], [ 121.488875751595856, 0.496210631117142 ], [ 121.488556131907799, 0.498010199814756 ], [ 121.489481509317883, 0.499103023498213 ], [ 121.489130111101403, 0.5011275225809 ], [ 121.48737422385247, 0.501512762061394 ], [ 121.486001824314457, 0.500741183409579 ], [ 121.48418152949931, 0.502861747291403 ], [ 121.481915017682681, 0.503021891251896 ], [ 121.480642173279108, 0.506375684078462 ], [ 121.480143710386642, 0.506960818795852 ] ] ] ] } },
{ "type": "Feature", "properties": { "KECAMATAN": "POPAYATO", "ID": 102, "KEMISKINAN": "49.63", "STUNTING": "5.48" }, "geometry": { "type": "MultiPolygon", "coordinates": [ [ [ [ 121.454777211092505, 0.488903772036508 ], [ 121.458164964928415, 0.487571695247027 ], [ 121.465633210328633, 0.483296808805221 ], [ 121.469894948558817, 0.479897744691812 ], [ 121.474236085755024, 0.483041896318866 ], [ 121.477305819529761, 0.484035460772702 ], [ 121.48446453338363, 0.484213789342562 ], [ 121.484069701074077, 0.483411281726148 ], [ 121.484617488612798, 0.483182016954174 ], [ 121.485534536963769, 0.483869858603725 ], [ 121.486389517220914, 0.483682057806959 ], [ 121.48029413417828, 0.495023732890161 ], [ 121.480198104609485, 0.496317158809063 ], [ 121.479143085880764, 0.496195525865176 ], [ 121.478871530537162, 0.497742816250934 ], [ 121.476384438606374, 0.501216192146103 ], [ 121.475690825553556, 0.503157822747994 ], [ 121.474153371493458, 0.504735157804191 ], [ 121.475358621089185, 0.505918698096082 ], [ 121.471530740079061, 0.506706638797766 ], [ 121.470481935856128, 0.508826232869922 ], [ 121.467535909254707, 0.507119630458362 ], [ 121.468011507686811, 0.505859441117934 ], [ 121.465948902873265, 0.504522975819327 ], [ 121.466382348215461, 0.501023351414631 ], [ 121.464146497623346, 0.501008304160337 ], [ 121.464407658351547, 0.494647899983875 ], [ 121.457899121245305, 0.493612607802618 ], [ 121.456123091818995, 0.49380649759928 ], [ 121.454777211092505, 0.488903772036508 ] ] ], [ [ [ 121.517080342943473, 0.434870034874223 ], [ 121.520605438488019, 0.436283192579708 ], [ 121.52113349051217, 0.437913774560798 ], [ 121.520124167624886, 0.439482224974995 ], [ 121.518462474132207, 0.439156123435794 ], [ 121.515201137982785, 0.437075188438655 ], [ 121.515729332625824, 0.435102975385519 ], [ 121.517080342943473, 0.434870034874223 ] ] ], [ [ [ 121.503181925799595, 0.434727087743624 ], [ 121.503605552362046, 0.436258751921343 ], [ 121.500770381531424, 0.437187544825065 ], [ 121.499613532073113, 0.436633532127303 ], [ 121.500297720253116, 0.435176424651047 ], [ 121.503181925799595, 0.434727087743624 ] ] ] ] } },
{ "type": "Feature", "properties": { "KECAMATAN": "POPAYATO", "ID": 103, "KEMISKINAN": "49.63", "STUNTING": "5.48" }, "geometry": { "type": "MultiPolygon", "coordinates": [ [ [ [ 121.456123091818995, 0.49380649759928 ], [ 121.45670012305834, 0.495789989530351 ], [ 121.458704464430184, 0.498942792395326 ], [ 121.45143715614438, 0.501242413952014 ], [ 121.447262031981495, 0.501399751679571 ], [ 121.442131433843542, 0.499415176674745 ], [ 121.441889109691147, 0.496420985328371 ], [ 121.439036375901651, 0.494529350200196 ], [ 121.438243217982972, 0.49239363052402 ], [ 121.43674824097468, 0.492530906452089 ], [ 121.444716170328434, 0.490426469474187 ], [ 121.443171883244986, 0.487669894968974 ], [ 121.444458015523878, 0.487432225394627 ], [ 121.445470843563612, 0.490258378967326 ], [ 121.447725382532326, 0.488257115810143 ], [ 121.452957159106404, 0.485186518431306 ], [ 121.454777211092505, 0.488903772036508 ], [ 121.456123091818995, 0.49380649759928 ] ] ] ] } },
{ "type": "Feature", "properties": { "KECAMATAN": "WANGGARASI", "ID": 160, "KEMISKINAN": "33.67", "STUNTING": "6.89" }, "geometry": { "type": "MultiPolygon", "coordinates": [ [ [ [ 121.740858742770797, 0.603395761388811 ], [ 121.740452188059635, 0.635425012040287 ], [ 121.739668556614788, 0.635266671108582 ], [ 121.730202226384563, 0.638604369922007 ], [ 121.730211085605902, 0.639117397166842 ], [ 121.727524290896213, 0.64015690911134 ], [ 121.726563851841206, 0.645335527313364 ], [ 121.722028970146425, 0.648494422021599 ], [ 121.721680016111918, 0.649372125248647 ], [ 121.724731170242421, 0.652093976430308 ], [ 121.725165740633429, 0.657975276302636 ], [ 121.724554869849726, 0.659730635092615 ], [ 121.713740569212177, 0.66701337366419 ], [ 121.710426839129468, 0.667802524248316 ], [ 121.710165063573868, 0.66920690283132 ], [ 121.713826681095043, 0.671665639366836 ], [ 121.718011061022139, 0.675441205485868 ], [ 121.720277356133238, 0.678338477523255 ], [ 121.727314790232185, 0.684332694470925 ], [ 121.735410824385781, 0.697688642839921 ], [ 121.738597924530836, 0.699203073258275 ], [ 121.740221108163496, 0.701504147850244 ], [ 121.739679494169309, 0.703501978248482 ], [ 121.739216217419198, 0.719954456040966 ], [ 121.74049355957095, 0.722906340307929 ], [ 121.742823573446458, 0.724874654957148 ], [ 121.745453752237154, 0.728886403725483 ], [ 121.745415223482723, 0.7321405852 ], [ 121.747218765249045, 0.735092558499844 ], [ 121.747292445803623, 0.739709054568095 ], [ 121.745862631695672, 0.744779143486937 ], [ 121.751471932519507, 0.753004400323505 ], [ 121.751189976177557, 0.759040674965206 ], [ 121.749751340619923, 0.761452974108465 ], [ 121.747593379639056, 0.76362380888412 ], [ 121.746394885546238, 0.763864707578136 ], [ 121.746154808832557, 0.7657948514032 ], [ 121.747352672500597, 0.76772534776245 ], [ 121.749749175052443, 0.768932448367138 ], [ 121.750946479342247, 0.771828091732345 ], [ 121.751185501151213, 0.774482132234368 ], [ 121.744233592577189, 0.778340418892924 ], [ 121.740878181616381, 0.778098161323328 ], [ 121.7375222004855, 0.779786039484861 ], [ 121.734644955450335, 0.78340426022163 ], [ 121.734883009588771, 0.789194806809974 ], [ 121.737038679097054, 0.793779628756397 ], [ 121.736795488930511, 0.804878082779624 ], [ 121.735836037331069, 0.807531737472516 ], [ 121.733438426814473, 0.80994368767881 ], [ 121.729842382459651, 0.812355324021723 ], [ 121.729602185236786, 0.814526627344208 ], [ 121.727923453180324, 0.817662607327122 ], [ 121.722889374914189, 0.820315009264448 ], [ 121.721689794440294, 0.823933694950654 ], [ 121.723845626725847, 0.827794713749597 ], [ 121.723845008891658, 0.829724839588152 ], [ 121.726241412518107, 0.831173248078414 ], [ 121.730314723476567, 0.835276220476089 ], [ 121.732711163975182, 0.83575949634951 ], [ 121.73414886243927, 0.837448847600569 ], [ 121.739841211155976, 0.841734464208457 ], [ 121.735221230214847, 0.840058206186882 ], [ 121.732789262898791, 0.840013741907114 ], [ 121.728490890307285, 0.837216638155951 ], [ 121.724672054208099, 0.837255880072746 ], [ 121.72311848799302, 0.837890078370492 ], [ 121.72069154608846, 0.837108087289096 ], [ 121.717196538764938, 0.836960451886796 ], [ 121.717002969590681, 0.835544418989628 ], [ 121.715935171270417, 0.83534875259636 ], [ 121.714382909072242, 0.831979189904132 ], [ 121.716422858318424, 0.828561904688343 ], [ 121.715456880338934, 0.82433714790011 ], [ 121.712447555474682, 0.823652636132124 ], [ 121.714389975944755, 0.821358380199797 ], [ 121.714341632889045, 0.820625931869642 ], [ 121.712962794152418, 0.818436171761164 ], [ 121.709305277539556, 0.816395768357324 ], [ 121.70713722886353, 0.813914057741215 ], [ 121.706793900088314, 0.80835651559812 ], [ 121.707583895135826, 0.804387153675691 ], [ 121.709950995253166, 0.800715995247003 ], [ 121.711924288549199, 0.795655379786467 ], [ 121.712320212374607, 0.791090395984725 ], [ 121.713207970021926, 0.789602063891664 ], [ 121.715278578055518, 0.788511089143299 ], [ 121.716659547285985, 0.785633507761759 ], [ 121.716660031121251, 0.784045684571936 ], [ 121.714098240375051, 0.779876771185116 ], [ 121.71104217864422, 0.779677334833934 ], [ 121.707493537553546, 0.77788992690472 ], [ 121.705966175783715, 0.775606942175386 ], [ 121.705474162996779, 0.772133379185675 ], [ 121.706657887523988, 0.770545853671422 ], [ 121.708038145390788, 0.769950861317511 ], [ 121.70892591652796, 0.768363313320208 ], [ 121.709222242237274, 0.766180099376811 ], [ 121.712181065673008, 0.761913664408439 ], [ 121.711985215818117, 0.757646204213017 ], [ 121.706466956061149, 0.748812198992766 ], [ 121.705950791081818, 0.749077600614783 ], [ 121.70402878791981, 0.747206486489063 ], [ 121.701037650044896, 0.743074524445831 ], [ 121.700867278882356, 0.740922904584579 ], [ 121.701893692201565, 0.738513432010507 ], [ 121.7023816391536, 0.734837928057743 ], [ 121.701293044910699, 0.72795333553637 ], [ 121.699158165029758, 0.72327237696436 ], [ 121.694384864071822, 0.717199159972324 ], [ 121.695139271147923, 0.715428405688499 ], [ 121.699789351497998, 0.713405784579209 ], [ 121.700920741778418, 0.712014666499556 ], [ 121.700546522190734, 0.701676809585933 ], [ 121.699764941200215, 0.700214841118168 ], [ 121.699284920872515, 0.695692583206721 ], [ 121.700570141984599, 0.689232860988909 ], [ 121.702817521655447, 0.684065338622077 ], [ 121.704746200484919, 0.671468616796005 ], [ 121.707147795897413, 0.669100602068113 ], [ 121.708678751357979, 0.61837458582238 ], [ 121.713145584952144, 0.605857530438243 ], [ 121.712292182305646, 0.603950102588328 ], [ 121.712734987788508, 0.58939128222687 ], [ 121.712427582431701, 0.560345649319459 ], [ 121.724331552002013, 0.558652643223695 ], [ 121.722999982530609, 0.563071632885851 ], [ 121.721695384626059, 0.564809900060652 ], [ 121.718140088552332, 0.566428525030005 ], [ 121.717071800101508, 0.571176675548145 ], [ 121.720696009423705, 0.576620727747752 ], [ 121.726227250894112, 0.579682808640882 ], [ 121.729736704926609, 0.584795265519858 ], [ 121.730499532354884, 0.587530936583164 ], [ 121.730400621320882, 0.590351420908405 ], [ 121.731140655432341, 0.592052028973228 ], [ 121.735100296582914, 0.595499682495301 ], [ 121.737953518028689, 0.600796879904124 ], [ 121.740858742770797, 0.603395761388811 ] ] ] ] } },
{ "type": "Feature", "properties": { "KECAMATAN": "WANGGARASI", "ID": 161, "KEMISKINAN": "33.67", "STUNTING": "6.89" }, "geometry": { "type": "MultiPolygon", "coordinates": [ [ [ [ 121.771377090108757, 0.609015268570277 ], [ 121.771480938022762, 0.611680096121878 ], [ 121.774199337190936, 0.622279952227354 ], [ 121.773978713769978, 0.623167815983026 ], [ 121.772582220164068, 0.623759384730702 ], [ 121.770524305835607, 0.622649026003961 ], [ 121.769787985775565, 0.629085999637988 ], [ 121.767141724052308, 0.629603278929922 ], [ 121.76581823803393, 0.632562507517607 ], [ 121.764200816603903, 0.63411591310639 ], [ 121.762877800430218, 0.633893634728731 ], [ 121.762143244197659, 0.632783657128142 ], [ 121.761187796797273, 0.632487410050517 ], [ 121.761113632902862, 0.635003081232108 ], [ 121.757438378192163, 0.636333951831256 ], [ 121.755968176981355, 0.637517450572309 ], [ 121.756455132461554, 0.639556192087385 ], [ 121.751266049919934, 0.639015395277207 ], [ 121.744416396672236, 0.636226617316558 ], [ 121.740452187915238, 0.635425011674515 ], [ 121.74085874312189, 0.603395761324874 ], [ 121.741661546881375, 0.604421720060619 ], [ 121.742630507041738, 0.609384037271097 ], [ 121.746101813268382, 0.608270040501422 ], [ 121.74770403579069, 0.606750197485004 ], [ 121.749706495044038, 0.602246115605096 ], [ 121.754764266549827, 0.596006125569035 ], [ 121.756117927433479, 0.596006433523142 ], [ 121.759317684035381, 0.593777455296349 ], [ 121.760671038348875, 0.593901637387804 ], [ 121.762024370601452, 0.595388390586402 ], [ 121.763747207237572, 0.59439783744458 ], [ 121.765223856275895, 0.594398170036401 ], [ 121.76546930044276, 0.596751741351751 ], [ 121.76770651893402, 0.597112570315614 ], [ 121.768191356624286, 0.608708130429223 ], [ 121.771377090108757, 0.609015268570277 ] ] ] ] } },
{ "type": "Feature", "properties": { "KECAMATAN": "RANDANGAN", "ID": 128, "KEMISKINAN": "31.07", "STUNTING": "5.84" }, "geometry": { "type": "MultiPolygon", "coordinates": [ [ [ [ 121.73470302557314, 0.534809127802873 ], [ 121.751091645206202, 0.53544379105017 ], [ 121.764076324663279, 0.537167251787082 ], [ 121.75842572607246, 0.567605382334193 ], [ 121.754446908678233, 0.596325389620574 ], [ 121.749706495027567, 0.60224611577064 ], [ 121.747704035818856, 0.60675019748453 ], [ 121.746101813584005, 0.608270040922207 ], [ 121.742630506993237, 0.609384037415111 ], [ 121.741661546861906, 0.604421719651043 ], [ 121.740858742770797, 0.603395761388811 ], [ 121.737953518028689, 0.600796879904124 ], [ 121.735100296582914, 0.595499682495301 ], [ 121.731140655432341, 0.592052028973228 ], [ 121.730400621320882, 0.590351420908405 ], [ 121.730499532354884, 0.587530936583164 ], [ 121.729736704926609, 0.584795265519858 ], [ 121.726227250894112, 0.579682808640882 ], [ 121.720696009423705, 0.576620727747752 ], [ 121.717071800101508, 0.571176675548145 ], [ 121.718140088552332, 0.566428525030005 ], [ 121.721695384626059, 0.564809900060652 ], [ 121.722999982530609, 0.563071632885851 ], [ 121.724331552002013, 0.558652643223695 ], [ 121.72501402320836, 0.555211362297541 ], [ 121.72264143093139, 0.55395492848362 ], [ 121.721176599921591, 0.551370309347021 ], [ 121.720886717854569, 0.547970230859676 ], [ 121.719971101009492, 0.545318037565096 ], [ 121.720215373959718, 0.544001860889466 ], [ 121.721619020494586, 0.542491886611742 ], [ 121.728622894593286, 0.539130127336705 ], [ 121.734161803683264, 0.53511654485078 ], [ 121.73470302557314, 0.534809127802873 ] ] ] ] } },
{ "type": "Feature", "properties": { "KECAMATAN": "RANDANGAN", "ID": 129, "KEMISKINAN": "31.07", "STUNTING": "5.84" }, "geometry": { "type": "MultiPolygon", "coordinates": [ [ [ [ 121.808792007211196, 0.587640197015105 ], [ 121.805702175938222, 0.589079011537933 ], [ 121.793716256547327, 0.591211700670442 ], [ 121.79114671904108, 0.592725020426087 ], [ 121.790234873053237, 0.592020383629688 ], [ 121.789806802062571, 0.590121489446517 ], [ 121.78633823120947, 0.591431478786603 ], [ 121.784454915082392, 0.590493360904247 ], [ 121.778456851734404, 0.592587633697633 ], [ 121.777936492317167, 0.594149658036429 ], [ 121.773145498097506, 0.597674174813676 ], [ 121.770709637616392, 0.597860890254708 ], [ 121.767706518973455, 0.597112570689433 ], [ 121.765469300742211, 0.596751741107539 ], [ 121.765223855975364, 0.594398170390718 ], [ 121.763747206974813, 0.594397837641623 ], [ 121.762024370367271, 0.595388390494861 ], [ 121.760671038201963, 0.593901637611225 ], [ 121.759317684452981, 0.593777455628185 ], [ 121.756117927249647, 0.596006433371656 ], [ 121.754446908678233, 0.596325389620574 ], [ 121.75842572607246, 0.567605382334193 ], [ 121.764076324663279, 0.537167251787082 ], [ 121.766140132023565, 0.52984025128319 ], [ 121.767212140969605, 0.529930953305779 ], [ 121.780067578857711, 0.531018273209384 ], [ 121.788100503987152, 0.532610594808034 ], [ 121.78476888009402, 0.536060488541239 ], [ 121.784467969641014, 0.551050537413062 ], [ 121.78893401183177, 0.55584830892343 ], [ 121.817921559327942, 0.556326595358314 ], [ 121.820013725909121, 0.557696790710963 ], [ 121.821865881427129, 0.55734513601243 ], [ 121.824193646098252, 0.555824565922535 ], [ 121.826929595052093, 0.556153998373759 ], [ 121.827623825793239, 0.556976315054953 ], [ 121.827337696597056, 0.55841511159133 ], [ 121.823907198542088, 0.558866620712763 ], [ 121.82121155720165, 0.561990406788311 ], [ 121.821088480485287, 0.563840337383624 ], [ 121.821911380826464, 0.567094687031386 ], [ 121.821128220626406, 0.570047877113893 ], [ 121.820107168165919, 0.570540993368979 ], [ 121.81776511236842, 0.570491678146198 ], [ 121.814104624395554, 0.568319822640035 ], [ 121.812674988353365, 0.570375011797296 ], [ 121.812184513407146, 0.572800370895095 ], [ 121.811285784930305, 0.573786832732424 ], [ 121.808427150465263, 0.57477284670739 ], [ 121.809365423030954, 0.579418425950735 ], [ 121.81071258674649, 0.581063089890108 ], [ 121.814428500835334, 0.582667130554114 ], [ 121.813815455490953, 0.584393603120532 ], [ 121.808873671047422, 0.586530252867249 ], [ 121.808817465219249, 0.587294172971838 ], [ 121.808792007211196, 0.587640197015105 ] ] ] ] } },
{ "type": "Feature", "properties": { "KECAMATAN": "RANDANGAN", "ID": 130, "KEMISKINAN": "31.07", "STUNTING": "5.84" }, "geometry": { "type": "MultiPolygon", "coordinates": [ [ [ [ 121.840275569939763, 0.541547596682335 ], [ 121.839863720020503, 0.554322150446524 ], [ 121.827166837102709, 0.566147513875535 ], [ 121.822436840299133, 0.566588253615635 ], [ 121.821911380826464, 0.567094687031386 ], [ 121.821088480485287, 0.563840337383624 ], [ 121.82121155720165, 0.561990406788311 ], [ 121.823907198542088, 0.558866620712763 ], [ 121.827337696597056, 0.55841511159133 ], [ 121.827623825793239, 0.556976315054953 ], [ 121.826929595052093, 0.556153998373759 ], [ 121.824193646098252, 0.555824565922535 ], [ 121.821865881427129, 0.55734513601243 ], [ 121.820013725909121, 0.557696790710963 ], [ 121.817921559327942, 0.556326595358314 ], [ 121.818023514567017, 0.554767314851006 ], [ 121.821941735643009, 0.552879630716916 ], [ 121.824290169432288, 0.550464910598748 ], [ 121.824597621553835, 0.544761005594012 ], [ 121.824036540834982, 0.542191510355963 ], [ 121.8252109339968, 0.540033495415855 ], [ 121.823822047135081, 0.534716021892507 ], [ 121.824038144326096, 0.533815411134754 ], [ 121.828172512955121, 0.5351009002448 ], [ 121.829707760879842, 0.534181637548102 ], [ 121.831184963862825, 0.531350212071061 ], [ 121.833152885508298, 0.530544873690474 ], [ 121.833490891196448, 0.532382500661072 ], [ 121.833064124222687, 0.53519056175179 ], [ 121.835914902210448, 0.538573319296859 ], [ 121.838316735943295, 0.540283226351505 ], [ 121.840128172857817, 0.541452521256701 ], [ 121.840275569939763, 0.541547596682335 ] ] ] ] } },
{ "type": "Feature", "properties": { "KECAMATAN": "RANDANGAN", "ID": 131, "KEMISKINAN": "31.07", "STUNTING": "5.84" }, "geometry": { "type": "MultiPolygon", "coordinates": [ [ [ [ 121.820035816793919, 0.55391282518392 ], [ 121.818023514462936, 0.554767314693647 ], [ 121.817921559035099, 0.556326595350152 ], [ 121.788934011487612, 0.555848309117843 ], [ 121.784467970038961, 0.551050537727802 ], [ 121.784768879664, 0.536060488273202 ], [ 121.788962409423362, 0.531703517727342 ], [ 121.800089452149237, 0.532728920322798 ], [ 121.799553558572967, 0.543570392947776 ], [ 121.820035816793919, 0.55391282518392 ] ] ] ] } },
{ "type": "Feature", "properties": { "KECAMATAN": "RANDANGAN", "ID": 132, "KEMISKINAN": "31.07", "STUNTING": "5.84" }, "geometry": { "type": "MultiPolygon", "coordinates": [ [ [ [ 121.823833300837407, 0.534597196996787 ], [ 121.825210933938607, 0.540033495462664 ], [ 121.824036540511031, 0.54219151044502 ], [ 121.824597621451758, 0.544761005374204 ], [ 121.824290169312633, 0.550464910252844 ], [ 121.823626432621779, 0.551646685343963 ], [ 121.820035816793919, 0.55391282518392 ], [ 121.799553558572967, 0.543570392947776 ], [ 121.800089452149237, 0.532728920322798 ], [ 121.788962409423362, 0.531703517727342 ], [ 121.789396225055398, 0.527345053680959 ], [ 121.804311034442577, 0.527066632314552 ], [ 121.807568877961614, 0.527695346514365 ], [ 121.811450952047451, 0.526649307606162 ], [ 121.813946414743583, 0.527556971671226 ], [ 121.814847130068927, 0.529301767847121 ], [ 121.816857660259799, 0.528813669317971 ], [ 121.818540544676949, 0.526665363312793 ], [ 121.81879782868171, 0.532163690492835 ], [ 121.823833300837407, 0.534597196996787 ] ] ] ] } },
{ "type": "Feature", "properties": { "KECAMATAN": "RANDANGAN", "ID": 133, "KEMISKINAN": "31.07", "STUNTING": "5.84" }, "geometry": { "type": "MultiPolygon", "coordinates": [ [ [ [ 121.764076324663279, 0.537167251787082 ], [ 121.751091645206202, 0.53544379105017 ], [ 121.73470302557314, 0.534809127802873 ], [ 121.73497812368521, 0.534652870600269 ], [ 121.735924129521095, 0.532978806924461 ], [ 121.73666423377972, 0.528973044043596 ], [ 121.742432114754934, 0.5228037254995 ], [ 121.743752020019656, 0.520167869288912 ], [ 121.746177961878175, 0.517281476350149 ], [ 121.74760481002204, 0.511905489338289 ], [ 121.748985596690204, 0.510902175105457 ], [ 121.750000376379603, 0.51068419473404 ], [ 121.750236957428569, 0.511288145234687 ], [ 121.752189962918919, 0.510341579121189 ], [ 121.756370878657549, 0.505412851934182 ], [ 121.75644642980194, 0.505302274894802 ], [ 121.759808696294499, 0.507187745797353 ], [ 121.761987388446755, 0.509534329681287 ], [ 121.765759168420118, 0.510757290729259 ], [ 121.768303048268763, 0.510762799076701 ], [ 121.769114300591013, 0.511845447002315 ], [ 121.767571805030116, 0.522873367198827 ], [ 121.767212140969605, 0.529930953305779 ], [ 121.766140132023565, 0.52984025128319 ], [ 121.764076324663279, 0.537167251787082 ] ] ] ] } },
{ "type": "Feature", "properties": { "KECAMATAN": "RANDANGAN", "ID": 134, "KEMISKINAN": "31.07", "STUNTING": "5.84" }, "geometry": { "type": "MultiPolygon", "coordinates": [ [ [ [ 121.846393347758038, 0.511486044030383 ], [ 121.844728828329252, 0.517721594606888 ], [ 121.8451303709803, 0.5207433100174 ], [ 121.844350576124327, 0.522508584318713 ], [ 121.841850929600952, 0.524341201675425 ], [ 121.836208137737231, 0.526107080565827 ], [ 121.834006996585032, 0.527803460492313 ], [ 121.833152885393488, 0.530544873406411 ], [ 121.831184964128965, 0.531350212379342 ], [ 121.829193549541415, 0.534638614646807 ], [ 121.827406811832873, 0.535049377673955 ], [ 121.824038144248703, 0.533815411124925 ], [ 121.823833300837407, 0.534597196996787 ], [ 121.81879782868171, 0.532163690492835 ], [ 121.818540544676949, 0.526665363312793 ], [ 121.819284733836668, 0.524627045802104 ], [ 121.802144171747258, 0.524314741080287 ], [ 121.802458576847968, 0.51876928026716 ], [ 121.801966171274756, 0.518278654725899 ], [ 121.801832956755874, 0.515935433407497 ], [ 121.809619554746263, 0.516756568261831 ], [ 121.821688561318183, 0.5170443285036 ], [ 121.821674659040809, 0.514772875381651 ], [ 121.824262925689453, 0.516479154190739 ], [ 121.825514408162306, 0.516416422727159 ], [ 121.82589024086478, 0.515660530866056 ], [ 121.825389919035658, 0.513896586364657 ], [ 121.82113514940508, 0.510809061702409 ], [ 121.820493874311609, 0.509032410021524 ], [ 121.847767374180449, 0.509221569559335 ], [ 121.846655682498451, 0.5110536053727 ], [ 121.846393347758038, 0.511486044030383 ] ] ] ] } },
{ "type": "Feature", "properties": { "KECAMATAN": "RANDANGAN", "ID": 135, "KEMISKINAN": "31.07", "STUNTING": "5.84" }, "geometry": { "type": "MultiPolygon", "coordinates": [ [ [ [ 121.791528983064268, 0.508507755383448 ], [ 121.788748918767624, 0.510139089571737 ], [ 121.785660327659684, 0.51594552538171 ], [ 121.785741522049761, 0.517172375098141 ], [ 121.789074040768355, 0.520681804849005 ], [ 121.788921994191469, 0.527272987263132 ], [ 121.789396224683969, 0.527345053534589 ], [ 121.788962409723467, 0.531703517924882 ], [ 121.788100503987152, 0.532610594808034 ], [ 121.780067578857711, 0.531018273209384 ], [ 121.767212140969605, 0.529930953305779 ], [ 121.767571805030116, 0.522873367198827 ], [ 121.769114300591013, 0.511845447002315 ], [ 121.768303048268763, 0.510762799076701 ], [ 121.765759168420118, 0.510757290729259 ], [ 121.761987388446755, 0.509534329681287 ], [ 121.759808696294499, 0.507187745797353 ], [ 121.75644642980194, 0.505302274894802 ], [ 121.756622809334885, 0.505043744992349 ], [ 121.757632985394821, 0.503934210035993 ], [ 121.760802262775883, 0.492833701061898 ], [ 121.763735059832129, 0.486459159928756 ], [ 121.772522729283423, 0.495246118016382 ], [ 121.7728195478212, 0.496591508268807 ], [ 121.773854234903069, 0.49655658039984 ], [ 121.774225163871392, 0.497990776904032 ], [ 121.777166345306796, 0.499557883311581 ], [ 121.780209970313308, 0.498324978459948 ], [ 121.792035794195158, 0.497844486887459 ], [ 121.791528983064268, 0.508507755383448 ] ] ] ] } },
{ "type": "Feature", "properties": { "KECAMATAN": "RANDANGAN", "ID": 136, "KEMISKINAN": "31.07", "STUNTING": "5.84" }, "geometry": { "type": "MultiPolygon", "coordinates": [ [ [ [ 121.818540544676949, 0.526665363312793 ], [ 121.816857660259799, 0.528813669317971 ], [ 121.814847130068927, 0.529301767847121 ], [ 121.813946414743583, 0.527556971671226 ], [ 121.811450952047451, 0.526649307606162 ], [ 121.807568877961614, 0.527695346514365 ], [ 121.804311034442577, 0.527066632314552 ], [ 121.789396225055398, 0.527345053680959 ], [ 121.788921993874851, 0.527272987299474 ], [ 121.789074040806952, 0.520681804883436 ], [ 121.795288298005289, 0.523981991508391 ], [ 121.802144171747258, 0.524314741080287 ], [ 121.819284733836668, 0.524627045802104 ], [ 121.818540544676949, 0.526665363312793 ] ] ] ] } },
{ "type": "Feature", "properties": { "KECAMATAN": "RANDANGAN", "ID": 137, "KEMISKINAN": "31.07", "STUNTING": "5.84" }, "geometry": { "type": "MultiPolygon", "coordinates": [ [ [ [ 121.801832956755874, 0.515935433407497 ], [ 121.801966171274756, 0.518278654725899 ], [ 121.802458576847968, 0.51876928026716 ], [ 121.802144171747258, 0.524314741080287 ], [ 121.795288298005289, 0.523981991508391 ], [ 121.789074040806952, 0.520681804883436 ], [ 121.785741522306154, 0.517172375535955 ], [ 121.785660327920809, 0.515945525705073 ], [ 121.788748919026347, 0.510139089473247 ], [ 121.791528983458434, 0.508507755177865 ], [ 121.794930105834879, 0.51161262654694 ], [ 121.801832956755874, 0.515935433407497 ] ] ] ] } },
{ "type": "Feature", "properties": { "KECAMATAN": "RANDANGAN", "ID": 138, "KEMISKINAN": "31.07", "STUNTING": "5.84" }, "geometry": { "type": "MultiPolygon", "coordinates": [ [ [ [ 121.820493873940563, 0.509032409962799 ], [ 121.821135149003339, 0.510809062000533 ], [ 121.825389918865653, 0.513896586512544 ], [ 121.825890240488889, 0.515660531129924 ], [ 121.825514408416893, 0.516416422986765 ], [ 121.824262925370704, 0.51647915429561 ], [ 121.821674659483278, 0.514772875106019 ], [ 121.821688561203246, 0.517044328728275 ], [ 121.801985379614507, 0.516167637238539 ], [ 121.794930105664434, 0.511612626918122 ], [ 121.791528983064268, 0.508507755383448 ], [ 121.792035794195158, 0.497844486887459 ], [ 121.792056133262236, 0.497172454111933 ], [ 121.816723662384902, 0.495469144483707 ], [ 121.817721637342856, 0.496705182573294 ], [ 121.820470229865123, 0.495257992664449 ], [ 121.823569741440451, 0.495773286200802 ], [ 121.825902993774548, 0.493071355901407 ], [ 121.826829893513946, 0.492942835588792 ], [ 121.827373120891821, 0.49348982573008 ], [ 121.827149085385145, 0.494905284859783 ], [ 121.825135576206662, 0.496416955258837 ], [ 121.82471952735284, 0.499151379861814 ], [ 121.823537099647979, 0.499344194504886 ], [ 121.822866104690092, 0.498861522975858 ], [ 121.821939947790725, 0.496384228930197 ], [ 121.821045116076334, 0.496191041967791 ], [ 121.820214097555208, 0.497155992022215 ], [ 121.822322874614201, 0.499923056618911 ], [ 121.822865594774498, 0.50172470531237 ], [ 121.824942557417444, 0.503397948806537 ], [ 121.82420737065172, 0.503880365827456 ], [ 121.821746944290112, 0.503268683855367 ], [ 121.821970157816395, 0.506453617533623 ], [ 121.819126247950976, 0.505455808950273 ], [ 121.817433295814453, 0.50595260523113 ], [ 121.817606329869591, 0.507115814424139 ], [ 121.819988527805208, 0.507096677750667 ], [ 121.820493873940563, 0.509032409962799 ] ] ] ] } },
{ "type": "Feature", "properties": { "KECAMATAN": "RANDANGAN", "ID": 139, "KEMISKINAN": "31.07", "STUNTING": "5.84" }, "geometry": { "type": "MultiPolygon", "coordinates": [ [ [ [ 121.856583618412969, 0.499597013712446 ], [ 121.856652428239386, 0.501125290092716 ], [ 121.85437531968023, 0.502166887565068 ], [ 121.854443798556076, 0.503972993298532 ], [ 121.853615401558613, 0.505952641203976 ], [ 121.84776737390348, 0.509221569761166 ], [ 121.820493873940563, 0.509032409962799 ], [ 121.819988527805208, 0.507096677750667 ], [ 121.817606329869591, 0.507115814424139 ], [ 121.817433295814453, 0.50595260523113 ], [ 121.819126247950976, 0.505455808950273 ], [ 121.821970157816395, 0.506453617533623 ], [ 121.821746944290112, 0.503268683855367 ], [ 121.82420737065172, 0.503880365827456 ], [ 121.824942557417444, 0.503397948806537 ], [ 121.822865594774498, 0.50172470531237 ], [ 121.822322874614201, 0.499923056618911 ], [ 121.820214097555208, 0.497155992022215 ], [ 121.821045116076334, 0.496191041967791 ], [ 121.821939947790725, 0.496384228930197 ], [ 121.822866104690092, 0.498861522975858 ], [ 121.823537099647979, 0.499344194504886 ], [ 121.82471952735284, 0.499151379861814 ], [ 121.825135576206662, 0.496416955258837 ], [ 121.827149085385145, 0.494905284859783 ], [ 121.827373120891821, 0.49348982573008 ], [ 121.826829893513946, 0.492942835588792 ], [ 121.825902993774548, 0.493071355901407 ], [ 121.823569741440451, 0.495773286200802 ], [ 121.820470229865123, 0.495257992664449 ], [ 121.817721637342856, 0.496705182573294 ], [ 121.816723662384902, 0.495469144483707 ], [ 121.818469527931597, 0.492645323673742 ], [ 121.818300123540212, 0.491563241421659 ], [ 121.816980195792439, 0.491297227361315 ], [ 121.815056187142204, 0.49325216549471 ], [ 121.813491493615629, 0.490954895034918 ], [ 121.81594387823975, 0.487738363677124 ], [ 121.818006249382734, 0.487737562381199 ], [ 121.81842498361209, 0.487263638557522 ], [ 121.813115414230083, 0.483549686789388 ], [ 121.812827792159396, 0.482496276722259 ], [ 121.815069940474018, 0.4820446497896 ], [ 121.817731935479401, 0.482804996887751 ], [ 121.819197699086203, 0.479171451703621 ], [ 121.814912022223666, 0.479464716120788 ], [ 121.813811029027875, 0.476395144774472 ], [ 121.815375047163684, 0.474479777709689 ], [ 121.814750686549587, 0.473860027919613 ], [ 121.812441541441672, 0.473690594749939 ], [ 121.812530689435789, 0.472868719635869 ], [ 121.814148073340789, 0.472495347209644 ], [ 121.814399519283597, 0.471648201146536 ], [ 121.81276454194176, 0.469796449424109 ], [ 121.812553166191265, 0.467804881005122 ], [ 121.807188892848899, 0.465491822947115 ], [ 121.809035468972979, 0.464650531470454 ], [ 121.808935089346051, 0.463807848742533 ], [ 121.806212552880993, 0.464146304990948 ], [ 121.821683260599229, 0.435192996483067 ], [ 121.826880366164119, 0.422601499717985 ], [ 121.832761849498183, 0.423255546052928 ], [ 121.837208258589612, 0.425825121330661 ], [ 121.842281290090114, 0.427181753108471 ], [ 121.842871346964785, 0.428218076956398 ], [ 121.841993421605139, 0.42759914375074 ], [ 121.840726786781488, 0.427671138076448 ], [ 121.845706706076385, 0.430218720433913 ], [ 121.84565588538851, 0.432072714166168 ], [ 121.846269210421951, 0.433355497216212 ], [ 121.848411362220872, 0.435245319938076 ], [ 121.847598535185625, 0.447447017260743 ], [ 121.849385035698901, 0.448406649624019 ], [ 121.849622945046463, 0.451464587340581 ], [ 121.848311138176655, 0.460098489812026 ], [ 121.846166298304183, 0.464714965195867 ], [ 121.847475996263938, 0.467533266866553 ], [ 121.849572820433877, 0.469873598663696 ], [ 121.84968417178959, 0.472323668432864 ], [ 121.847108925387147, 0.481588479482127 ], [ 121.849311451371818, 0.484806321152121 ], [ 121.848888088331933, 0.486070246318548 ], [ 121.851688903585114, 0.486399155364325 ], [ 121.854906072562244, 0.490393359259144 ], [ 121.854090045739213, 0.493988551956022 ], [ 121.85579094878176, 0.4946995190802 ], [ 121.85630790156722, 0.49786030146538 ], [ 121.856583618412969, 0.499597013712446 ] ] ], [ [ [ 121.848430547457724, 0.434957327346638 ], [ 121.847540532512085, 0.433879940454858 ], [ 121.846275352791395, 0.429857801819196 ], [ 121.847647572517985, 0.427870515971733 ], [ 121.848953412386209, 0.427108379222716 ], [ 121.848430547457724, 0.434957327346638 ] ] ], [ [ [ 121.846690292781204, 0.43213414055873 ], [ 121.847096689211639, 0.433345659532506 ], [ 121.84629912996661, 0.43232223376117 ], [ 121.846690292781204, 0.43213414055873 ] ] ] ] } },
{ "type": "Feature", "properties": { "KECAMATAN": "RANDANGAN", "ID": 140, "KEMISKINAN": "31.07", "STUNTING": "5.84" }, "geometry": { "type": "MultiPolygon", "coordinates": [ [ [ [ 121.792035794195158, 0.497844486887459 ], [ 121.780209970313308, 0.498324978459948 ], [ 121.777166345306796, 0.499557883311581 ], [ 121.774225163871392, 0.497990776904032 ], [ 121.773854234903069, 0.49655658039984 ], [ 121.7728195478212, 0.496591508268807 ], [ 121.772522729283423, 0.495246118016382 ], [ 121.763735059832129, 0.486459159928756 ], [ 121.768645808672431, 0.476042390205066 ], [ 121.773046935101092, 0.470257985086846 ], [ 121.77394704133917, 0.465844958829052 ], [ 121.775606995551698, 0.440288547906505 ], [ 121.779555231500353, 0.437982600787791 ], [ 121.783617615696244, 0.437620254049648 ], [ 121.791532283576089, 0.430411109697673 ], [ 121.797635311294698, 0.421561816902283 ], [ 121.801258813749769, 0.417747481909885 ], [ 121.802967548088418, 0.409050420052324 ], [ 121.806028820491065, 0.411535801701007 ], [ 121.809807318399976, 0.417072368057063 ], [ 121.813464808033132, 0.420689335138945 ], [ 121.817960490978521, 0.422113890910964 ], [ 121.826880366164119, 0.422601499717985 ], [ 121.821683260599229, 0.435192996483067 ], [ 121.806212552880993, 0.464146304990948 ], [ 121.808935089346051, 0.463807848742533 ], [ 121.809035468972979, 0.464650531470454 ], [ 121.807188892848899, 0.465491822947115 ], [ 121.812553166191265, 0.467804881005122 ], [ 121.81276454194176, 0.469796449424109 ], [ 121.814399519283597, 0.471648201146536 ], [ 121.814148073340789, 0.472495347209644 ], [ 121.812530689435789, 0.472868719635869 ], [ 121.812441541441672, 0.473690594749939 ], [ 121.814750686549587, 0.473860027919613 ], [ 121.815375047163684, 0.474479777709689 ], [ 121.813811029027875, 0.476395144774472 ], [ 121.814912022223666, 0.479464716120788 ], [ 121.819197699086203, 0.479171451703621 ], [ 121.817731935479401, 0.482804996887751 ], [ 121.815069940474018, 0.4820446497896 ], [ 121.812827792159396, 0.482496276722259 ], [ 121.813115414230083, 0.483549686789388 ], [ 121.81842498361209, 0.487263638557522 ], [ 121.818006249382734, 0.487737562381199 ], [ 121.81594387823975, 0.487738363677124 ], [ 121.813491493615629, 0.490954895034918 ], [ 121.815056187142204, 0.49325216549471 ], [ 121.816980195792439, 0.491297227361315 ], [ 121.818300123540212, 0.491563241421659 ], [ 121.818469527931597, 0.492645323673742 ], [ 121.816723662384902, 0.495469144483707 ], [ 121.792056133262236, 0.497172454111933 ], [ 121.792035794195158, 0.497844486887459 ] ] ] ] } },
{ "type": "Feature", "properties": { "KECAMATAN": "PATILANGGIO", "ID": 80, "KEMISKINAN": "39.82", "STUNTING": "9.61" }, "geometry": { "type": "MultiPolygon", "coordinates": [ [ [ [ 121.970149646342747, 0.725044952375299 ], [ 121.969509268803336, 0.725597307871794 ], [ 121.966520988973912, 0.725044120502389 ], [ 121.964874188245403, 0.725565571696677 ], [ 121.96124561271472, 0.723999174854214 ], [ 121.960010862454283, 0.724090973150339 ], [ 121.958119878707748, 0.725318431707763 ], [ 121.954217150252362, 0.722923220582402 ], [ 121.95357720348818, 0.72160309498372 ], [ 121.952448954539705, 0.721387924993621 ], [ 121.951869536644722, 0.721848277148581 ], [ 121.953515775296978, 0.723751806437463 ], [ 121.953484808042276, 0.725317355219318 ], [ 121.952265042285376, 0.72497940978576 ], [ 121.949506185800942, 0.722062565803071 ], [ 121.947432921170162, 0.72101842774606 ], [ 121.944932102658868, 0.721908074868963 ], [ 121.942950514016388, 0.720311389759843 ], [ 121.940846130145474, 0.721508045638473 ], [ 121.939138498375542, 0.721630398400521 ], [ 121.938589587282422, 0.721323350973989 ], [ 121.938742457638341, 0.71963508430531 ], [ 121.938117503471631, 0.719082370878652 ], [ 121.933909622461329, 0.718897218459233 ], [ 121.929610114925367, 0.717883227475284 ], [ 121.929031078342859, 0.716716618844998 ], [ 121.929397448647819, 0.714660078006659 ], [ 121.924930803911252, 0.712725156083707 ], [ 121.92252248246939, 0.709593580080707 ], [ 121.917277811762233, 0.708548631734516 ], [ 121.914183573811329, 0.705048572919225 ], [ 121.912903810684611, 0.700750806470694 ], [ 121.91250806762298, 0.698694027312058 ], [ 121.91414044772273, 0.693537459586878 ], [ 121.913103742562271, 0.693414467406853 ], [ 121.912218924798708, 0.695869947497329 ], [ 121.911578610211791, 0.69620745675968 ], [ 121.909718921972512, 0.694610819314619 ], [ 121.909810436982184, 0.693505787263689 ], [ 121.91258609550016, 0.690252606734532 ], [ 121.913150726742401, 0.68807329764735 ], [ 121.911717678672403, 0.687274901133492 ], [ 121.907997423556139, 0.687949361179164 ], [ 121.908058894914802, 0.68558577561231 ], [ 121.909706163290821, 0.682792814138452 ], [ 121.909371076802017, 0.681933188183507 ], [ 121.905255005779054, 0.679630062238004 ], [ 121.903211863939646, 0.679691006593941 ], [ 121.902358345280618, 0.679138250899143 ], [ 121.899397077487606, 0.671270284812294 ], [ 121.903502503235813, 0.661999650652888 ], [ 121.908519845118917, 0.645302778501673 ], [ 121.905880879952065, 0.641282621072378 ], [ 121.902039812612429, 0.63723062314665 ], [ 121.899415542367478, 0.622044225296179 ], [ 121.891881202270497, 0.592699204487928 ], [ 121.875361131434261, 0.560893535185471 ], [ 121.875378245532488, 0.555052197586861 ], [ 121.872688233048621, 0.553583194622149 ], [ 121.870516669822109, 0.551575835007668 ], [ 121.87136019521472, 0.546974749721699 ], [ 121.870167285012371, 0.544494387189275 ], [ 121.868972114813687, 0.543596781066412 ], [ 121.867543573246394, 0.539846610902202 ], [ 121.863928543304269, 0.535845728642016 ], [ 121.863686970118692, 0.533292375335066 ], [ 121.86849509372496, 0.528038591797838 ], [ 121.868773674911267, 0.526289993211549 ], [ 121.867653465002491, 0.522317282213862 ], [ 121.86949204435507, 0.52101837971577 ], [ 121.871305699896993, 0.520921467874587 ], [ 121.874139637180519, 0.516740991904442 ], [ 121.875373524991119, 0.516254977595395 ], [ 121.874746321620137, 0.514159054546099 ], [ 121.872690073960825, 0.510970629699671 ], [ 121.87330253474579, 0.510667535692789 ], [ 121.877046236985962, 0.509645092880362 ], [ 121.877164040077901, 0.508774761396012 ], [ 121.879808772596903, 0.50908676678489 ], [ 121.881202013076518, 0.50449214312772 ], [ 121.885765931181709, 0.506673553031135 ], [ 121.887826184421328, 0.506249190844528 ], [ 121.888076659995704, 0.509493102960789 ], [ 121.889437255984944, 0.513519901883285 ], [ 121.888869264875666, 0.516440398912039 ], [ 121.89155776380062, 0.520277584777887 ], [ 121.894055041680986, 0.52571298819754 ], [ 121.894815124378511, 0.538501286300288 ], [ 121.905448235908921, 0.554425918718835 ], [ 121.911703624967004, 0.59131553639196 ], [ 121.915947445583697, 0.607981789326061 ], [ 121.925398025987192, 0.632014304465883 ], [ 121.940208257217932, 0.650748207563311 ], [ 121.945681596738723, 0.655396762663258 ], [ 121.951903961792709, 0.662246225867591 ], [ 121.955245069036664, 0.664629794369944 ], [ 121.95684827692844, 0.666936176760544 ], [ 121.971585724228703, 0.676092481908995 ], [ 121.97679652556883, 0.675656492387816 ], [ 121.982255860846976, 0.676525413735249 ], [ 121.983187423571053, 0.677329561413501 ], [ 121.98388034040272, 0.67792772477685 ], [ 121.980159355037017, 0.680423664466161 ], [ 121.978918400353905, 0.684667885281044 ], [ 121.970483298413001, 0.695651877193711 ], [ 121.968496685258401, 0.706637170425324 ], [ 121.970726362674441, 0.717873084022131 ], [ 121.97022921475866, 0.723365839006249 ], [ 121.970833536679265, 0.72424197921157 ], [ 121.970149646342747, 0.725044952375299 ] ] ] ] } },
{ "type": "Feature", "properties": { "KECAMATAN": "PATILANGGIO", "ID": 81, "KEMISKINAN": "39.82", "STUNTING": "9.61" }, "geometry": { "type": "MultiPolygon", "coordinates": [ [ [ [ 121.983187423571053, 0.677329561413501 ], [ 121.982255860846976, 0.676525413735249 ], [ 121.97679652556883, 0.675656492387816 ], [ 121.971585724228703, 0.676092481908995 ], [ 121.95684827692844, 0.666936176760544 ], [ 121.955245069036664, 0.664629794369944 ], [ 121.951903961792709, 0.662246225867591 ], [ 121.945681596738723, 0.655396762663258 ], [ 121.940208257217932, 0.650748207563311 ], [ 121.925398025987192, 0.632014304465883 ], [ 121.915947445583697, 0.607981789326061 ], [ 121.911703624967004, 0.59131553639196 ], [ 121.905448235908921, 0.554425918718835 ], [ 121.894815124378511, 0.538501286300288 ], [ 121.894055041680986, 0.52571298819754 ], [ 121.89155776380062, 0.520277584777887 ], [ 121.888869264875666, 0.516440398912039 ], [ 121.889437255984944, 0.513519901883285 ], [ 121.897744310656776, 0.511673322161869 ], [ 121.89893592673468, 0.512126409593463 ], [ 121.901012744586751, 0.511778300022343 ], [ 121.904820669211745, 0.509757925419478 ], [ 121.907797522255464, 0.508922135994908 ], [ 121.909532872929049, 0.507040263279805 ], [ 121.915274436144387, 0.507947709784276 ], [ 121.917829008932017, 0.51029779203094 ], [ 121.924469850109972, 0.520364801028279 ], [ 121.928486222292804, 0.521309846388192 ], [ 121.93161202374904, 0.523226732407863 ], [ 121.933834542561726, 0.523227113720395 ], [ 121.935760414607103, 0.523973220953565 ], [ 121.937758468936522, 0.527988593989619 ], [ 121.940351977871387, 0.534265876143309 ], [ 121.940202997982738, 0.538442264694822 ], [ 121.939017354302337, 0.540679429866088 ], [ 121.936404968598026, 0.557173622710934 ], [ 121.93723211913516, 0.559221148745166 ], [ 121.938284996803645, 0.570734873708716 ], [ 121.934790820453713, 0.577720566213998 ], [ 121.9296791639714, 0.583458857695859 ], [ 121.930174822609956, 0.584706308181978 ], [ 121.934790748508021, 0.587076430920717 ], [ 121.935667993980132, 0.58844865334521 ], [ 121.935912265131719, 0.590070324318276 ], [ 121.934805941654304, 0.594293512688921 ], [ 121.935050017653111, 0.596913642455149 ], [ 121.939795674351217, 0.605148383541859 ], [ 121.943663622426357, 0.608641865615198 ], [ 121.945036877272514, 0.613757372095165 ], [ 121.94877552802086, 0.616502302578056 ], [ 121.949400915660704, 0.617749966203576 ], [ 121.949027204190088, 0.623239827169357 ], [ 121.947478346825164, 0.627161703089996 ], [ 121.947226707528102, 0.630156083920099 ], [ 121.9479742905487, 0.631154237843134 ], [ 121.950720927944872, 0.632152446624843 ], [ 121.951842475145554, 0.634897291672132 ], [ 121.95309377472995, 0.636145016451508 ], [ 121.958457156844247, 0.639014687396525 ], [ 121.959578525979168, 0.641260536421328 ], [ 121.960740107399374, 0.645997665747927 ], [ 121.97130052762941, 0.65525640277616 ], [ 121.97347057819627, 0.660939405738304 ], [ 121.976219614084357, 0.665456893645739 ], [ 121.981140026139769, 0.66924629763281 ], [ 121.983600195295367, 0.672015271490181 ], [ 121.983187423571053, 0.677329561413501 ] ] ] ] } },
{ "type": "Feature", "properties": { "KECAMATAN": "PATILANGGIO", "ID": 82, "KEMISKINAN": "39.82", "STUNTING": "9.61" }, "geometry": { "type": "MultiPolygon", "coordinates": [ [ [ [ 121.863686970118692, 0.533292375335066 ], [ 121.863928543304269, 0.535845728642016 ], [ 121.867543573246394, 0.539846610902202 ], [ 121.868972114813687, 0.543596781066412 ], [ 121.870167285012371, 0.544494387189275 ], [ 121.87136019521472, 0.546974749721699 ], [ 121.870516669822109, 0.551575835007668 ], [ 121.872688233048621, 0.553583194622149 ], [ 121.875378245532488, 0.555052197586861 ], [ 121.875361131434261, 0.560893535185471 ], [ 121.891881202270497, 0.592699204487928 ], [ 121.899415542367478, 0.622044225296179 ], [ 121.902039812612429, 0.63723062314665 ], [ 121.896810782914031, 0.63171450017893 ], [ 121.876718997981243, 0.617266680437524 ], [ 121.867901391898158, 0.611978183069994 ], [ 121.859426987785923, 0.60517832916679 ], [ 121.85898301228508, 0.605359145055388 ], [ 121.852386956444889, 0.599506663058207 ], [ 121.839706244236595, 0.590407089841335 ], [ 121.828609609541786, 0.586414913018359 ], [ 121.811863847546988, 0.586299105522016 ], [ 121.809119245316651, 0.587080480567806 ], [ 121.808817465219249, 0.587294172971838 ], [ 121.808873671047422, 0.586530252867249 ], [ 121.813815455490953, 0.584393603120532 ], [ 121.814428500835334, 0.582667130554114 ], [ 121.81071258674649, 0.581063089890108 ], [ 121.809365423030954, 0.579418425950735 ], [ 121.808427150465263, 0.57477284670739 ], [ 121.811285784930305, 0.573786832732424 ], [ 121.812184513407146, 0.572800370895095 ], [ 121.812674988353365, 0.570375011797296 ], [ 121.814104624395554, 0.568319822640035 ], [ 121.81776511236842, 0.570491678146198 ], [ 121.820107168165919, 0.570540993368979 ], [ 121.821128220626406, 0.570047877113893 ], [ 121.821911380826464, 0.567094687031386 ], [ 121.822436840299133, 0.566588253615635 ], [ 121.827166837102709, 0.566147513875535 ], [ 121.839863720020503, 0.554322150446524 ], [ 121.840275569939763, 0.541547596682335 ], [ 121.840128203434688, 0.541452476290601 ], [ 121.842604612547461, 0.537696274373559 ], [ 121.845037932443802, 0.536261938474468 ], [ 121.848584284759909, 0.536453201787026 ], [ 121.8505662088495, 0.537417555590935 ], [ 121.854115501948627, 0.536938357243514 ], [ 121.855805616724069, 0.535266355713077 ], [ 121.857465121275595, 0.532083182907343 ], [ 121.863686970118692, 0.533292375335066 ] ] ] ] } },
{ "type": "Feature", "properties": { "KECAMATAN": "PATILANGGIO", "ID": 83, "KEMISKINAN": "39.82", "STUNTING": "9.61" }, "geometry": { "type": "MultiPolygon", "coordinates": [ [ [ [ 121.863686970118692, 0.533292375335066 ], [ 121.857465121275595, 0.532083182907343 ], [ 121.855805616724069, 0.535266355713077 ], [ 121.854115501948627, 0.536938357243514 ], [ 121.8505662088495, 0.537417555590935 ], [ 121.848584284759909, 0.536453201787026 ], [ 121.845037932443802, 0.536261938474468 ], [ 121.842604612547461, 0.537696274373559 ], [ 121.840128203434688, 0.541452476290601 ], [ 121.838316735943295, 0.540283226351505 ], [ 121.835914902210448, 0.538573319296859 ], [ 121.833064124222687, 0.53519056175179 ], [ 121.833490891196448, 0.532382500661072 ], [ 121.833152885508298, 0.530544873690474 ], [ 121.834006996820563, 0.527803460455971 ], [ 121.836208137849326, 0.526107081003317 ], [ 121.841850929425618, 0.524341201944196 ], [ 121.844350576120291, 0.522508584197283 ], [ 121.84513037105728, 0.520743310381931 ], [ 121.844728828267762, 0.517721594658724 ], [ 121.846655730936277, 0.511053622733868 ], [ 121.849173364970852, 0.511949561513688 ], [ 121.850375745034171, 0.513317306213821 ], [ 121.852147493968232, 0.513524894919158 ], [ 121.852251722693381, 0.514786087045934 ], [ 121.856142755465726, 0.517275289913869 ], [ 121.857423103151746, 0.519169917713384 ], [ 121.856715688349595, 0.521299578828575 ], [ 121.85714965529553, 0.522050680896257 ], [ 121.860167270110196, 0.522331466320907 ], [ 121.860990964552798, 0.523149917716069 ], [ 121.862856393164634, 0.522432836101416 ], [ 121.867653465002491, 0.522317282213862 ], [ 121.868773674911267, 0.526289993211549 ], [ 121.86849509372496, 0.528038591797838 ], [ 121.863686970118692, 0.533292375335066 ] ] ] ] } },
{ "type": "Feature", "properties": { "KECAMATAN": "PATILANGGIO", "ID": 84, "KEMISKINAN": "39.82", "STUNTING": "9.61" }, "geometry": { "type": "MultiPolygon", "coordinates": [ [ [ [ 121.867653465002491, 0.522317282213862 ], [ 121.862856393164634, 0.522432836101416 ], [ 121.860990964552798, 0.523149917716069 ], [ 121.860167270110196, 0.522331466320907 ], [ 121.85714965529553, 0.522050680896257 ], [ 121.856715688349595, 0.521299578828575 ], [ 121.857423103151746, 0.519169917713384 ], [ 121.856142755465726, 0.517275289913869 ], [ 121.852251722693381, 0.514786087045934 ], [ 121.852147493968232, 0.513524894919158 ], [ 121.850375745034171, 0.513317306213821 ], [ 121.849173364970852, 0.511949561513688 ], [ 121.846655730936277, 0.511053622733868 ], [ 121.84776737390348, 0.509221569761166 ], [ 121.853615401558613, 0.505952641203976 ], [ 121.854443798556076, 0.503972993298532 ], [ 121.85437531968023, 0.502166887565068 ], [ 121.856652428239386, 0.501125290092716 ], [ 121.856583618412969, 0.499597013712446 ], [ 121.856393449575307, 0.498398876650413 ], [ 121.859054025450519, 0.499517520839618 ], [ 121.861940784413378, 0.499798894420906 ], [ 121.862724029149717, 0.500738952140807 ], [ 121.865948783008776, 0.50149576939998 ], [ 121.869059876053257, 0.506811622345026 ], [ 121.87183357045194, 0.509858725029801 ], [ 121.87330253474579, 0.510667535692789 ], [ 121.872690073960825, 0.510970629699671 ], [ 121.874746321620137, 0.514159054546099 ], [ 121.875373524991119, 0.516254977595395 ], [ 121.874139637180519, 0.516740991904442 ], [ 121.871305699896993, 0.520921467874587 ], [ 121.86949204435507, 0.52101837971577 ], [ 121.867653465002491, 0.522317282213862 ] ] ] ] } },
{ "type": "Feature", "properties": { "KECAMATAN": "PATILANGGIO", "ID": 85, "KEMISKINAN": "39.82", "STUNTING": "9.61" }, "geometry": { "type": "MultiPolygon", "coordinates": [ [ [ [ 121.887826184421328, 0.506249190844528 ], [ 121.885765931181709, 0.506673553031135 ], [ 121.881202013076518, 0.50449214312772 ], [ 121.879808772596903, 0.50908676678489 ], [ 121.877164040077901, 0.508774761396012 ], [ 121.877046236985962, 0.509645092880362 ], [ 121.87330253474579, 0.510667535692789 ], [ 121.87183357045194, 0.509858725029801 ], [ 121.869059876053257, 0.506811622345026 ], [ 121.865948783008776, 0.50149576939998 ], [ 121.862724029149717, 0.500738952140807 ], [ 121.861940784413378, 0.499798894420906 ], [ 121.859054025450519, 0.499517520839618 ], [ 121.856393449575307, 0.498398876650413 ], [ 121.85630790156722, 0.49786030146538 ], [ 121.85579094878176, 0.4946995190802 ], [ 121.854090045739213, 0.493988551956022 ], [ 121.854906072562244, 0.490393359259144 ], [ 121.851688903585114, 0.486399155364325 ], [ 121.848888088331933, 0.486070246318548 ], [ 121.849311451371818, 0.484806321152121 ], [ 121.847108925387147, 0.481588479482127 ], [ 121.84968417178959, 0.472323668432864 ], [ 121.849572820433877, 0.469873598663696 ], [ 121.847475996263938, 0.467533266866553 ], [ 121.846166298304183, 0.464714965195867 ], [ 121.848311138176655, 0.460098489812026 ], [ 121.849622945046463, 0.451464587340581 ], [ 121.849385035698901, 0.448406649624019 ], [ 121.847598535185625, 0.447447017260743 ], [ 121.848411362220872, 0.435245319938076 ], [ 121.852776341299887, 0.43775337349507 ], [ 121.852670865215032, 0.440781368284661 ], [ 121.856239066559851, 0.44109169374002 ], [ 121.859482332063521, 0.4400115045608 ], [ 121.860359272665505, 0.441602094065217 ], [ 121.862607445538401, 0.442254884047315 ], [ 121.867133316026525, 0.441476851781431 ], [ 121.868728142236932, 0.441839942258923 ], [ 121.87005699755457, 0.440767826293552 ], [ 121.872012994189959, 0.440643218931143 ], [ 121.873739733855018, 0.4395390763097 ], [ 121.874820468023472, 0.439703544322413 ], [ 121.877263623804879, 0.437788940782013 ], [ 121.878097583109025, 0.435803849280319 ], [ 121.877961153259207, 0.437469873017221 ], [ 121.878778020048912, 0.437132729778909 ], [ 121.879918176920455, 0.439903212698653 ], [ 121.879585926893355, 0.438525480128078 ], [ 121.880036213836092, 0.437311180450536 ], [ 121.881314684637005, 0.437078766859884 ], [ 121.877456727130266, 0.451331658551396 ], [ 121.876477333064827, 0.453145352764182 ], [ 121.877299304406392, 0.456142317346462 ], [ 121.876868278243478, 0.458034962140857 ], [ 121.875849660247695, 0.459257187543415 ], [ 121.876586089876469, 0.459798412131192 ], [ 121.879371702990056, 0.458702890410677 ], [ 121.880588580124481, 0.459154371653085 ], [ 121.881580592577393, 0.462893670812605 ], [ 121.879370992525651, 0.463247898471479 ], [ 121.879722862162112, 0.466568031727036 ], [ 121.878537729296681, 0.467792737459774 ], [ 121.878153258337193, 0.469984599283805 ], [ 121.881931467563732, 0.470726593018014 ], [ 121.882027153628997, 0.472886274401901 ], [ 121.880489852552046, 0.474433241391921 ], [ 121.880809877195475, 0.476657443735462 ], [ 121.882794955207373, 0.477399152384578 ], [ 121.883627575421087, 0.476948033568931 ], [ 121.884331348868386, 0.479752491076283 ], [ 121.88723990290066, 0.480818050984055 ], [ 121.889715321859853, 0.482843291818426 ], [ 121.889018766371237, 0.484011366343623 ], [ 121.886852618861894, 0.484711936405802 ], [ 121.886542828503138, 0.486892472168222 ], [ 121.887083542275946, 0.490864388165221 ], [ 121.888166237865676, 0.492811527377967 ], [ 121.888165784607395, 0.495537289711137 ], [ 121.891105274418123, 0.498029918996053 ], [ 121.891569204076063, 0.499353942256391 ], [ 121.891259534226492, 0.500755710107512 ], [ 121.888396981415326, 0.501611868276711 ], [ 121.887932659652961, 0.502624223393866 ], [ 121.888628671051833, 0.504727090108588 ], [ 121.887826184421328, 0.506249190844528 ] ] ], [ [ [ 121.867807447819587, 0.439894800440413 ], [ 121.867353599561625, 0.440517247297237 ], [ 121.862412907794351, 0.44193069914013 ], [ 121.860423880859457, 0.441421583046804 ], [ 121.860156741747232, 0.440296789293598 ], [ 121.859339721173455, 0.439817004588235 ], [ 121.856360964264923, 0.440860946593091 ], [ 121.853295363425332, 0.440607480772996 ], [ 121.856245028165517, 0.43697401652787 ], [ 121.855566613800875, 0.437177612243431 ], [ 121.855761540951448, 0.43678119558956 ], [ 121.856880771498595, 0.436705010423168 ], [ 121.858512391671184, 0.435091698648364 ], [ 121.860418226821821, 0.434239484905561 ], [ 121.861812215537384, 0.435067961043387 ], [ 121.86485085829986, 0.439129718411778 ], [ 121.865019420925705, 0.438533234981946 ], [ 121.866407043340701, 0.438766652215975 ], [ 121.867379506331304, 0.438157180777409 ], [ 121.867807447819587, 0.439894800440413 ] ] ], [ [ [ 121.855267478609562, 0.437814920396818 ], [ 121.853012973610248, 0.440063648151408 ], [ 121.853926671302133, 0.438124133390829 ], [ 121.853707484939832, 0.437408375578173 ], [ 121.853297359920248, 0.438560516815016 ], [ 121.85310440678154, 0.43705515516001 ], [ 121.853696334246024, 0.436874266426344 ], [ 121.853737265089535, 0.437296442361117 ], [ 121.854469341999675, 0.435015854325002 ], [ 121.855386397760071, 0.436852688992872 ], [ 121.855267478609562, 0.437814920396818 ] ] ], [ [ [ 121.85299240791403, 0.43682730472932 ], [ 121.852760095946792, 0.437487589661202 ], [ 121.851887302118712, 0.436348007456502 ], [ 121.853630613590781, 0.435130985531202 ], [ 121.853979260057145, 0.433868841022388 ], [ 121.854222758691094, 0.435361241648309 ], [ 121.853646945278797, 0.436676918300918 ], [ 121.85299240791403, 0.43682730472932 ] ] ], [ [ [ 121.852742437758707, 0.435427018960866 ], [ 121.85170949895894, 0.436769548469954 ], [ 121.851205528786181, 0.43649114624867 ], [ 121.851443258269455, 0.435279018433846 ], [ 121.853581281280867, 0.434555388855472 ], [ 121.852742437758707, 0.435427018960866 ] ] ], [ [ [ 121.858474102136483, 0.433902385734086 ], [ 121.856954688574774, 0.436242570941772 ], [ 121.85537378836591, 0.436676900314467 ], [ 121.854647195521466, 0.434253941507222 ], [ 121.856360390497457, 0.433517382376067 ], [ 121.856452192390975, 0.431744762898347 ], [ 121.858234042509935, 0.43193212585129 ], [ 121.858474102136483, 0.433902385734086 ] ] ], [ [ [ 121.848953412386209, 0.427108379222716 ], [ 121.849899471282015, 0.426045508287814 ], [ 121.850054936181891, 0.426654970733182 ], [ 121.850845962751805, 0.42631782659555 ], [ 121.850923894401603, 0.427173661008851 ], [ 121.852985623428594, 0.429663457429342 ], [ 121.853854412575743, 0.433190621810581 ], [ 121.853581313656491, 0.434341583136927 ], [ 121.851147284195008, 0.435443452272295 ], [ 121.851077485114388, 0.4365212312685 ], [ 121.848430547457724, 0.434957327346638 ], [ 121.848953412386209, 0.427108379222716 ] ] ] ] } },
{ "type": "Feature", "properties": { "KECAMATAN": "TALUDITI", "ID": 148, "KEMISKINAN": "44.66", "STUNTING": "8.19" }, "geometry": { "type": "MultiPolygon", "coordinates": [ [ [ [ 121.957854815230689, 0.907489825202106 ], [ 121.955475303569983, 0.907689552034299 ], [ 121.953567868525511, 0.908943885931251 ], [ 121.951584325656313, 0.912152504154506 ], [ 121.948799381638423, 0.914137867251497 ], [ 121.947342281200804, 0.918625685625841 ], [ 121.94379452774092, 0.91993951597027 ], [ 121.942215259801515, 0.923460734933656 ], [ 121.937691177165675, 0.928218488412369 ], [ 121.932159691079733, 0.929497344123092 ], [ 121.926651346348308, 0.927624971845887 ], [ 121.923065618116425, 0.927304732264474 ], [ 121.9214632960568, 0.928065774538595 ], [ 121.917320603303097, 0.93543537412836 ], [ 121.915481958299893, 0.943048843772146 ], [ 121.910309075074565, 0.94975675278971 ], [ 121.907036086078392, 0.955096027677655 ], [ 121.906135777492864, 0.95860961319562 ], [ 121.903671653118977, 0.960940681975899 ], [ 121.90215323420739, 0.963599532052115 ], [ 121.898910880616199, 0.964373150445454 ], [ 121.895325111914872, 0.967663375847621 ], [ 121.890358215702349, 0.974498507456076 ], [ 121.888283129944398, 0.97646381747046 ], [ 121.883171299892979, 0.979042922863698 ], [ 121.878517407316735, 0.980187316441231 ], [ 121.876037962992086, 0.982897596046371 ], [ 121.872825907560127, 0.983763251056189 ], [ 121.86958344065431, 0.985709829991322 ], [ 121.867302387668701, 0.98635128132122 ], [ 121.862213547885517, 0.990678367466558 ], [ 121.85852073558101, 0.990701539398003 ], [ 121.857391765376292, 0.991718057476874 ], [ 121.852646121268663, 0.992666319711645 ], [ 121.849914840695533, 0.991902012898606 ], [ 121.84642055372899, 0.985498029760834 ], [ 121.846550477883284, 0.984141965455251 ], [ 121.848625541158071, 0.980612771304152 ], [ 121.848472839874717, 0.979599839721516 ], [ 121.846901432909249, 0.977784765948741 ], [ 121.843666389906844, 0.976982842293864 ], [ 121.837341735065934, 0.97388499356498 ], [ 121.835915030813567, 0.970219270638609 ], [ 121.833252381101715, 0.967580835172441 ], [ 121.83188674171447, 0.962719522064106 ], [ 121.830322736169251, 0.960651545446865 ], [ 121.827705759426067, 0.959979870601501 ], [ 121.821075942137554, 0.961744460032833 ], [ 121.818802127794925, 0.95780901064478 ], [ 121.814560227230913, 0.954286991284846 ], [ 121.813186997565708, 0.951150609304932 ], [ 121.81136370488889, 0.950242265277041 ], [ 121.806923322154375, 0.950720973493901 ], [ 121.80411013492801, 0.94999437075694 ], [ 121.817644331621182, 0.939601095821274 ], [ 121.820377437818138, 0.938914295278721 ], [ 121.825024135818012, 0.93616494552731 ], [ 121.832950177423641, 0.933416748706804 ], [ 121.842925177683469, 0.932869920443522 ], [ 121.855086999966716, 0.93122333825022 ], [ 121.859186888589193, 0.929574157915624 ], [ 121.865883893327123, 0.924899732018844 ], [ 121.87750300264463, 0.910461109643848 ], [ 121.879144471292875, 0.904684697699793 ], [ 121.878256755014377, 0.903033821243866 ], [ 121.875250998659908, 0.901794990759356 ], [ 121.865140246639044, 0.899040937553764 ], [ 121.865006559721451, 0.889962883314411 ], [ 121.86856276231174, 0.877997471163724 ], [ 121.873483827274981, 0.87112167670972 ], [ 121.88188984424221, 0.86300891606578 ], [ 121.887082373157341, 0.862047661325619 ], [ 121.890635155626001, 0.862323746893367 ], [ 121.900745312295612, 0.866315604457043 ], [ 121.904435105576113, 0.864803657966092 ], [ 121.90771546361691, 0.862328719244886 ], [ 121.906077063455541, 0.856826380185908 ], [ 121.905941483464971, 0.853662701084431 ], [ 121.903209601245408, 0.850085715162038 ], [ 121.901843312547612, 0.849535096256375 ], [ 121.897744022873667, 0.84939640011504 ], [ 121.887222066646814, 0.851869238020015 ], [ 121.885035733854579, 0.851593488798756 ], [ 121.883943204178536, 0.850217678978652 ], [ 121.88216705935838, 0.849254375582916 ], [ 121.879161198682596, 0.848428234085077 ], [ 121.878205226559999, 0.846777354031815 ], [ 121.878205582691521, 0.845539457043571 ], [ 121.878752633986778, 0.84347638263074 ], [ 121.880939899375903, 0.840450994076377 ], [ 121.880736195741633, 0.835911903554518 ], [ 121.878960832432426, 0.832197628929748 ], [ 121.866256821488264, 0.819814907075795 ], [ 121.864894283862668, 0.805922384513281 ], [ 121.863528443926612, 0.803858777701805 ], [ 121.859429801764463, 0.802757257503345 ], [ 121.855058272923088, 0.799454992877202 ], [ 121.851164470238928, 0.797940903301878 ], [ 121.852396282414361, 0.790101158839605 ], [ 121.852466621088297, 0.782398606852212 ], [ 121.851921404410064, 0.777859468666236 ], [ 121.849053738953103, 0.771944294031073 ], [ 121.847961712897359, 0.767680052509149 ], [ 121.849328948581274, 0.764516914799572 ], [ 121.85288161683593, 0.763692613314618 ], [ 121.853428669929713, 0.762454802661296 ], [ 121.854114151166982, 0.752689333642422 ], [ 121.853158165554532, 0.751038493159342 ], [ 121.845780258927221, 0.749248436726759 ], [ 121.841955115882683, 0.747321802056319 ], [ 121.838403637431043, 0.742644372423911 ], [ 121.837584982789053, 0.738792924210088 ], [ 121.837859342557863, 0.7343915495685 ], [ 121.840183608866255, 0.728615304898369 ], [ 121.840047947037533, 0.725451700440658 ], [ 121.839365808580283, 0.72132518199362 ], [ 121.834059276208791, 0.707882684671176 ], [ 121.834732203809722, 0.701695365297383 ], [ 121.835646181190896, 0.699506602537042 ], [ 121.833596468005453, 0.699043360860458 ], [ 121.832770297729326, 0.698159248165268 ], [ 121.83493993550735, 0.697379834540811 ], [ 121.835198129063315, 0.696807917890851 ], [ 121.83313228563793, 0.696859413969548 ], [ 121.832512463902162, 0.696131315660068 ], [ 121.834424769674683, 0.691244228881658 ], [ 121.833288737094108, 0.689788131188095 ], [ 121.833547903716521, 0.686356449625293 ], [ 121.836401097283328, 0.683985057943175 ], [ 121.838785950017495, 0.653957705323478 ], [ 121.84395265669923, 0.657388331981565 ], [ 121.86141420168758, 0.65920352086755 ], [ 121.870640844610534, 0.661027039274131 ], [ 121.879932427577273, 0.660164316953455 ], [ 121.888018859669501, 0.662994727995283 ], [ 121.887165782577654, 0.666767744536287 ], [ 121.889134812187876, 0.670298799384682 ], [ 121.89182454318393, 0.673104466480197 ], [ 121.893313733230229, 0.673927038568877 ], [ 121.895523962807374, 0.673782459962126 ], [ 121.896052683221683, 0.672670182972922 ], [ 121.895429024978057, 0.6676401867295 ], [ 121.896870253281236, 0.668220845688893 ], [ 121.89917566440397, 0.671897068199939 ], [ 121.899397077487606, 0.671270284812294 ], [ 121.902358345280618, 0.679138250899143 ], [ 121.903211863939646, 0.679691006593941 ], [ 121.905255005779054, 0.679630062238004 ], [ 121.909371076802017, 0.681933188183507 ], [ 121.909706163290821, 0.682792814138452 ], [ 121.908058894914802, 0.68558577561231 ], [ 121.907997423556139, 0.687949361179164 ], [ 121.911717678672403, 0.687274901133492 ], [ 121.913150726742401, 0.68807329764735 ], [ 121.91258609550016, 0.690252606734532 ], [ 121.909810436982184, 0.693505787263689 ], [ 121.909718921972512, 0.694610819314619 ], [ 121.911578610211791, 0.69620745675968 ], [ 121.912218924798708, 0.695869947497329 ], [ 121.913103742562271, 0.693414467406853 ], [ 121.91414044772273, 0.693537459586878 ], [ 121.91250806762298, 0.698694027312058 ], [ 121.912903810684611, 0.700750806470694 ], [ 121.914183573811329, 0.705048572919225 ], [ 121.917277811762233, 0.708548631734516 ], [ 121.92252248246939, 0.709593580080707 ], [ 121.924930803911252, 0.712725156083707 ], [ 121.929397448647819, 0.714660078006659 ], [ 121.929031078342859, 0.716716618844998 ], [ 121.929610114925367, 0.717883227475284 ], [ 121.933909622461329, 0.718897218459233 ], [ 121.938117503471631, 0.719082370878652 ], [ 121.938742457638341, 0.71963508430531 ], [ 121.938589587282422, 0.721323350973989 ], [ 121.939138498375542, 0.721630398400521 ], [ 121.940846130145474, 0.721508045638473 ], [ 121.942950514016388, 0.720311389759843 ], [ 121.944932102658868, 0.721908074868963 ], [ 121.947432921170162, 0.72101842774606 ], [ 121.949506185800942, 0.722062565803071 ], [ 121.952265042285376, 0.72497940978576 ], [ 121.953484808042276, 0.725317355219318 ], [ 121.953515775296978, 0.723751806437463 ], [ 121.951869536644722, 0.721848277148581 ], [ 121.952448954539705, 0.721387924993621 ], [ 121.95357720348818, 0.72160309498372 ], [ 121.954217150252362, 0.722923220582402 ], [ 121.958119878707748, 0.725318431707763 ], [ 121.960010862454283, 0.724090973150339 ], [ 121.96124561271472, 0.723999174854214 ], [ 121.964874188245403, 0.725565571696677 ], [ 121.966520988973912, 0.725044120502389 ], [ 121.969509268803336, 0.725597307871794 ], [ 121.970149646342747, 0.725044952375299 ], [ 121.970833580746103, 0.724242042164121 ], [ 121.970881637817342, 0.724185624995243 ], [ 121.972009964107542, 0.72409372867304 ], [ 121.972558806852135, 0.724738511091743 ], [ 121.971612839687168, 0.726825690932287 ], [ 121.971520963150056, 0.729526981813706 ], [ 121.974249662668967, 0.731829845157222 ], [ 121.974249467516074, 0.732689341609728 ], [ 121.971168348874926, 0.737753659579141 ], [ 121.973348056361715, 0.740056402413416 ], [ 121.975023991526655, 0.745981253753655 ], [ 121.974276054173174, 0.748958643692674 ], [ 121.975098923038217, 0.751015564944169 ], [ 121.974607659386493, 0.757524707605455 ], [ 121.973035349501629, 0.760021831701863 ], [ 121.974277158540644, 0.762207405466256 ], [ 121.974225044627701, 0.764080517885532 ], [ 121.973500001315188, 0.765172981011801 ], [ 121.97106717424731, 0.765692671333568 ], [ 121.969928581296813, 0.765224132650189 ], [ 121.969773711748076, 0.763455070890416 ], [ 121.969049420268789, 0.762570384427818 ], [ 121.967703706260409, 0.762778184473859 ], [ 121.967082320603595, 0.763714559470088 ], [ 121.965580456411885, 0.767512447661204 ], [ 121.964027212154065, 0.768916855022496 ], [ 121.965268922267796, 0.771466664101297 ], [ 121.964415868558262, 0.773529606313843 ], [ 121.96550228554247, 0.776079379419741 ], [ 121.964725425992583, 0.777744182776701 ], [ 121.964517778831237, 0.780553773614145 ], [ 121.963637677112388, 0.780657582356014 ], [ 121.962758201321549, 0.779356606021338 ], [ 121.958617492472285, 0.779719811611983 ], [ 121.958098694277965, 0.783673965099581 ], [ 121.957684760629604, 0.783725874866434 ], [ 121.9554087627331, 0.77800200850993 ], [ 121.952251246685478, 0.778157330417628 ], [ 121.951215727730755, 0.779926085508578 ], [ 121.949403911302397, 0.781070273141381 ], [ 121.949454674433696, 0.784712408649511 ], [ 121.944769469263065, 0.785108810914267 ], [ 121.943061029002706, 0.78609697696686 ], [ 121.9421292153678, 0.787501515629174 ], [ 121.940421063789699, 0.787345039891306 ], [ 121.939488149384601, 0.791975441276804 ], [ 121.938401094781057, 0.79317188311677 ], [ 121.935036503541028, 0.79379530933528 ], [ 121.934414849886139, 0.795720261374242 ], [ 121.93486436970727, 0.799242839213207 ], [ 121.931810181264268, 0.800542785824177 ], [ 121.930464183969434, 0.801843177599551 ], [ 121.929635455122138, 0.804184313390635 ], [ 121.927979078412704, 0.80470414580526 ], [ 121.928289087306666, 0.806889471356783 ], [ 121.926890985092086, 0.808762196168232 ], [ 121.929012331975173, 0.811676396144208 ], [ 121.928642545145863, 0.813634551152461 ], [ 121.926444361987251, 0.815633839351733 ], [ 121.927858541381738, 0.817764269387283 ], [ 121.92837958248515, 0.82255743007363 ], [ 121.931733863897534, 0.822773171133235 ], [ 121.933120793834519, 0.82495299733057 ], [ 121.935896190649828, 0.823541693068591 ], [ 121.936505761013791, 0.823848846615192 ], [ 121.934553905756275, 0.825598032458799 ], [ 121.936108517882985, 0.827655082313356 ], [ 121.934979706858257, 0.829496570972765 ], [ 121.935009163251948, 0.832750424194728 ], [ 121.934322600130372, 0.834714783625714 ], [ 121.935115370485619, 0.835666567605585 ], [ 121.936731487245879, 0.83560559627 ], [ 121.937187805042186, 0.839811136345077 ], [ 121.938163594624939, 0.839995639453946 ], [ 121.939444311932334, 0.839289927068421 ], [ 121.941243971325548, 0.837571444978209 ], [ 121.941579317718379, 0.838431022369775 ], [ 121.941060524020713, 0.839935017954645 ], [ 121.942829228749588, 0.839505757160907 ], [ 121.943926706495517, 0.840396213673614 ], [ 121.943956869756335, 0.842053854829885 ], [ 121.942447092430257, 0.843465497236934 ], [ 121.940678162870768, 0.843679849743296 ], [ 121.938481947428727, 0.846564694049562 ], [ 121.935249270542613, 0.847239121719667 ], [ 121.934303342048452, 0.84978671396965 ], [ 121.93049155933204, 0.849662829662179 ], [ 121.92982050951548, 0.850307290123624 ], [ 121.931054867671492, 0.852763332290408 ], [ 121.932365894829218, 0.853162769766982 ], [ 121.933951918475714, 0.852272986846458 ], [ 121.934744557529939, 0.852672279532214 ], [ 121.935445305657822, 0.855343082497541 ], [ 121.937305732240588, 0.854299880634755 ], [ 121.938007148564793, 0.854545652754837 ], [ 121.937670615966113, 0.858014242493709 ], [ 121.936115401293819, 0.858167302606489 ], [ 121.93254688968284, 0.860744824293647 ], [ 121.933659474240244, 0.861819458360685 ], [ 121.937959360390778, 0.86185140857441 ], [ 121.938568874097541, 0.86338638580321 ], [ 121.93823317606973, 0.863816034204717 ], [ 121.936738963309949, 0.863723530840105 ], [ 121.935732619261103, 0.864337155347812 ], [ 121.93747034234616, 0.86528928376805 ], [ 121.9382627259929, 0.86762238681473 ], [ 121.935548342781431, 0.868573257083426 ], [ 121.935090518620655, 0.869893025651265 ], [ 121.933702732529127, 0.870813526714358 ], [ 121.933244509069482, 0.873545414329897 ], [ 121.93214642248256, 0.874834326259588 ], [ 121.929371315248886, 0.875017695323379 ], [ 121.927236557675769, 0.87590730467474 ], [ 121.925163315528039, 0.874770907868708 ], [ 121.923242086682308, 0.875292176500636 ], [ 121.922387784713806, 0.876458398422471 ], [ 121.922600583191638, 0.87863790356181 ], [ 121.920693138254705, 0.879074793304312 ], [ 121.920692765935314, 0.880369808932642 ], [ 121.923978728551106, 0.886845780100884 ], [ 121.927694058080533, 0.890444085351305 ], [ 121.940224092480207, 0.895004238894387 ], [ 121.957854815230689, 0.907489825202106 ] ] ] ] } },
{ "type": "Feature", "properties": { "KECAMATAN": "TALUDITI", "ID": 149, "KEMISKINAN": "44.66", "STUNTING": "8.19" }, "geometry": { "type": "MultiPolygon", "coordinates": [ [ [ [ 121.832252228466402, 0.64613571477051 ], [ 121.838785950349404, 0.653957705038719 ], [ 121.836401097324284, 0.683985057956624 ], [ 121.833547903919197, 0.686356449776424 ], [ 121.8332887366861, 0.689788130962752 ], [ 121.834424769631241, 0.691244228586827 ], [ 121.832512463499128, 0.696131315832824 ], [ 121.833132285966173, 0.696859413947335 ], [ 121.835198129359668, 0.696807917508044 ], [ 121.834939935364687, 0.697379834575615 ], [ 121.832770298054868, 0.69815924812878 ], [ 121.833596468423622, 0.699043361026517 ], [ 121.835646180816937, 0.699506602894138 ], [ 121.834732203366059, 0.701695365429886 ], [ 121.834059275933441, 0.707882684298342 ], [ 121.839365808903906, 0.721325182238362 ], [ 121.840047947437739, 0.725451700270705 ], [ 121.840183609062692, 0.728615305017497 ], [ 121.837859342138529, 0.734391549204103 ], [ 121.837584982623156, 0.738792924594387 ], [ 121.838403637626314, 0.74264437215775 ], [ 121.841955115509734, 0.747321802050047 ], [ 121.845780259037625, 0.749248436594749 ], [ 121.85315816546094, 0.751038493579257 ], [ 121.854114150909965, 0.752689333577115 ], [ 121.853428670021202, 0.762454802240518 ], [ 121.852881616839056, 0.763692613296749 ], [ 121.84932894838515, 0.764516914374367 ], [ 121.847961713048917, 0.767680052546647 ], [ 121.849053738907998, 0.771944293790314 ], [ 121.851921404603473, 0.777859468387119 ], [ 121.85246662106718, 0.782398606647403 ], [ 121.852396282058692, 0.79010115858865 ], [ 121.851164469905086, 0.7979409029205 ], [ 121.855058272527998, 0.799454993292956 ], [ 121.859429802073294, 0.80275725730151 ], [ 121.863528443972768, 0.803858777616648 ], [ 121.864894284065514, 0.805922384132094 ], [ 121.86625682136291, 0.819814907462488 ], [ 121.878960832804836, 0.832197629105922 ], [ 121.880736195568318, 0.835911903263318 ], [ 121.880939899557461, 0.840450994332285 ], [ 121.878752634025645, 0.843476382278761 ], [ 121.878205582472788, 0.845539456772935 ], [ 121.878205226860985, 0.846777354173964 ], [ 121.879161198572461, 0.848428233739016 ], [ 121.882167059293238, 0.849254375257766 ], [ 121.88394320461046, 0.850217679418117 ], [ 121.885035733822008, 0.851593489151545 ], [ 121.887222066829708, 0.851869237868916 ], [ 121.897744022720545, 0.849396400023403 ], [ 121.901843312338428, 0.849535096515472 ], [ 121.903209601252357, 0.850085715608015 ], [ 121.905941483064595, 0.853662701232336 ], [ 121.906077063539882, 0.856826379934814 ], [ 121.907715463285356, 0.862328719047154 ], [ 121.904435105219363, 0.864803657636335 ], [ 121.900745311886993, 0.866315604634424 ], [ 121.890635155354843, 0.862323746881541 ], [ 121.887082372864157, 0.862047660920693 ], [ 121.881889843815728, 0.86300891642229 ], [ 121.873483827176969, 0.871121676333084 ], [ 121.868562762579103, 0.877997470851808 ], [ 121.86500655979539, 0.889962883402449 ], [ 121.865140246441769, 0.8990409379079 ], [ 121.875250998226903, 0.901794990615832 ], [ 121.878256755134004, 0.903033821453301 ], [ 121.87914447120923, 0.904684697818778 ], [ 121.877503002806606, 0.910461109480396 ], [ 121.865883893400891, 0.924899731855708 ], [ 121.859186888673221, 0.929574157936583 ], [ 121.855086999811476, 0.931223338275364 ], [ 121.842925177521877, 0.932869920456989 ], [ 121.832950177852155, 0.933416748560409 ], [ 121.82502413559763, 0.936164945942339 ], [ 121.820377437778305, 0.938914295570479 ], [ 121.817644332040757, 0.939601095556517 ], [ 121.804110134664967, 0.949994370548088 ], [ 121.800766288262167, 0.94890291311521 ], [ 121.797012670128424, 0.948913897114609 ], [ 121.793953283178524, 0.94794031669184 ], [ 121.785690634812923, 0.940034410117017 ], [ 121.780083057871821, 0.939481885179925 ], [ 121.777000701473781, 0.938427598197409 ], [ 121.773865075575657, 0.936338040158722 ], [ 121.770927695469211, 0.936699236542013 ], [ 121.765793224725172, 0.9348041513043 ], [ 121.761850708977619, 0.932378577843549 ], [ 121.760601412795467, 0.921811128727965 ], [ 121.757677820378603, 0.913217846193701 ], [ 121.752557998478835, 0.908060759329485 ], [ 121.751583327106061, 0.905605515805972 ], [ 121.749882072243395, 0.888666092539756 ], [ 121.75037171724847, 0.883019909595637 ], [ 121.749887470262934, 0.872463660270304 ], [ 121.750027235119958, 0.871341166425763 ], [ 121.775993537145496, 0.865877067047647 ], [ 121.777956949265587, 0.864889655486865 ], [ 121.785544058358653, 0.860233027007782 ], [ 121.788395713664144, 0.856374935779689 ], [ 121.791108234224581, 0.851127776349356 ], [ 121.797782968867438, 0.846511549653259 ], [ 121.800287168010428, 0.841054340911382 ], [ 121.799453796189454, 0.838115139193105 ], [ 121.786792877233097, 0.826408066972837 ], [ 121.786121817355038, 0.822515929055454 ], [ 121.786296343896254, 0.816423722287327 ], [ 121.789064839413186, 0.81050634660925 ], [ 121.799805658017746, 0.801284138279899 ], [ 121.805063265862486, 0.79877914364693 ], [ 121.806862601049914, 0.795019854630672 ], [ 121.806725799287548, 0.789310450100098 ], [ 121.81004749160067, 0.784019817740331 ], [ 121.812676456135975, 0.781653304194405 ], [ 121.814475525638244, 0.778729483153127 ], [ 121.813508720894959, 0.773716109591147 ], [ 121.805626315964048, 0.763826995911918 ], [ 121.80316876088807, 0.75258439885709 ], [ 121.803565822313857, 0.750474123928866 ], [ 121.800972466442559, 0.748060008730187 ], [ 121.801964985706135, 0.744281533591638 ], [ 121.800833330359282, 0.739219104222064 ], [ 121.801791110012658, 0.737194699581876 ], [ 121.803739190556456, 0.736482272391479 ], [ 121.804270652734814, 0.734699994045327 ], [ 121.805156172196575, 0.734076388192593 ], [ 121.804979530015686, 0.733095983625462 ], [ 121.807015803431, 0.732294464307968 ], [ 121.809849660447071, 0.729978062333823 ], [ 121.810469825080943, 0.728284912225439 ], [ 121.81356847343244, 0.72810751281188 ], [ 121.812595272261149, 0.72579009219301 ], [ 121.814808866962821, 0.724453802065836 ], [ 121.81551754726047, 0.722493337569672 ], [ 121.815341262126694, 0.719017543708853 ], [ 121.811181947807242, 0.713045259145337 ], [ 121.80192266179759, 0.704432556274623 ], [ 121.798032468322404, 0.702473311721006 ], [ 121.797168679108125, 0.699426943987733 ], [ 121.799114740564278, 0.696598881364539 ], [ 121.79550072032734, 0.679478684163568 ], [ 121.790935906978234, 0.679338323798193 ], [ 121.78996808062584, 0.677945532260624 ], [ 121.787916036405704, 0.676873787820851 ], [ 121.788918828757431, 0.644049612255158 ], [ 121.809210535799281, 0.646308763637036 ], [ 121.818017425565898, 0.648312050907061 ], [ 121.82014152229462, 0.647562843822156 ], [ 121.82174114051908, 0.647840869055036 ], [ 121.823488299102763, 0.650019377573949 ], [ 121.826162709681086, 0.650693179081694 ], [ 121.829347205203391, 0.649461205429356 ], [ 121.829248005693103, 0.646135018690517 ], [ 121.832252228466402, 0.64613571477051 ] ] ] ] } },
{ "type": "Feature", "properties": { "KECAMATAN": "TALUDITI", "ID": 150, "KEMISKINAN": "44.66", "STUNTING": "8.19" }, "geometry": { "type": "MultiPolygon", "coordinates": [ [ [ [ 121.788918828757431, 0.644049612255158 ], [ 121.787916036405704, 0.676873787820851 ], [ 121.78996808062584, 0.677945532260624 ], [ 121.790935906978234, 0.679338323798193 ], [ 121.79550072032734, 0.679478684163568 ], [ 121.799114740564278, 0.696598881364539 ], [ 121.797168679108125, 0.699426943987733 ], [ 121.798032468322404, 0.702473311721006 ], [ 121.80192266179759, 0.704432556274623 ], [ 121.811181947807242, 0.713045259145337 ], [ 121.815341262126694, 0.719017543708853 ], [ 121.81551754726047, 0.722493337569672 ], [ 121.814808866962821, 0.724453802065836 ], [ 121.812595272261149, 0.72579009219301 ], [ 121.81356847343244, 0.72810751281188 ], [ 121.810469825080943, 0.728284912225439 ], [ 121.809849660447071, 0.729978062333823 ], [ 121.807015803431, 0.732294464307968 ], [ 121.804979530015686, 0.733095983625462 ], [ 121.805156172196575, 0.734076388192593 ], [ 121.804270652734814, 0.734699994045327 ], [ 121.803739190556456, 0.736482272391479 ], [ 121.801791110012658, 0.737194699581876 ], [ 121.800833330359282, 0.739219104222064 ], [ 121.801964985706135, 0.744281533591638 ], [ 121.800972466442559, 0.748060008730187 ], [ 121.803565822313857, 0.750474123928866 ], [ 121.80316876088807, 0.75258439885709 ], [ 121.805626315964048, 0.763826995911918 ], [ 121.813508720894959, 0.773716109591147 ], [ 121.814475525638244, 0.778729483153127 ], [ 121.812676456135975, 0.781653304194405 ], [ 121.81004749160067, 0.784019817740331 ], [ 121.806725799287548, 0.789310450100098 ], [ 121.806862601049914, 0.795019854630672 ], [ 121.805063265862486, 0.79877914364693 ], [ 121.799805658017746, 0.801284138279899 ], [ 121.789064839413186, 0.81050634660925 ], [ 121.786296343896254, 0.816423722287327 ], [ 121.786121817355038, 0.822515929055454 ], [ 121.786792877233097, 0.826408066972837 ], [ 121.799453796189454, 0.838115139193105 ], [ 121.800287168010428, 0.841054340911382 ], [ 121.797782968867438, 0.846511549653259 ], [ 121.791108234224581, 0.851127776349356 ], [ 121.788395713664144, 0.856374935779689 ], [ 121.785544058358653, 0.860233027007782 ], [ 121.777956949265587, 0.864889655486865 ], [ 121.775993537145496, 0.865877067047647 ], [ 121.750027235119958, 0.871341166425763 ], [ 121.749887470262934, 0.872463660270304 ], [ 121.750027117771069, 0.871341192678363 ], [ 121.75037651461497, 0.86853597719295 ], [ 121.75257325885508, 0.862399442063397 ], [ 121.75306292027814, 0.856507756595191 ], [ 121.752670535091923, 0.851615481345389 ], [ 121.749005217946305, 0.849999872324956 ], [ 121.732711164376795, 0.83575949653528 ], [ 121.730314723324085, 0.835276220028467 ], [ 121.726241412117886, 0.831173247955439 ], [ 121.723845008495687, 0.829724839339727 ], [ 121.723845626311885, 0.827794713556527 ], [ 121.721689794651311, 0.823933695106858 ], [ 121.722889375176266, 0.820315009088555 ], [ 121.727923453260345, 0.817662607380063 ], [ 121.729602185607263, 0.814526627559529 ], [ 121.729842382352771, 0.812355324470024 ], [ 121.733438426902381, 0.809943688085744 ], [ 121.735836037709788, 0.807531737366416 ], [ 121.736795489152428, 0.804878083075531 ], [ 121.737038678748974, 0.793779628624689 ], [ 121.734883009804918, 0.789194807236013 ], [ 121.734644955874401, 0.783404260203211 ], [ 121.737522200838555, 0.779786039307337 ], [ 121.740878181398571, 0.77809816171551 ], [ 121.744233592304141, 0.778340418597976 ], [ 121.751185501447509, 0.774482132275898 ], [ 121.750946478895102, 0.77182809194599 ], [ 121.749749175200336, 0.768932448310009 ], [ 121.747352672943606, 0.767725347996437 ], [ 121.746154808880547, 0.765794851296873 ], [ 121.746394885486353, 0.763864707886617 ], [ 121.747593380027553, 0.763623809311573 ], [ 121.749751340774012, 0.761452974518404 ], [ 121.751189976312446, 0.759040675193754 ], [ 121.751471932337552, 0.753004400702748 ], [ 121.745862631336351, 0.744779143078942 ], [ 121.747292445945277, 0.739709054756608 ], [ 121.747218765298541, 0.735092558914117 ], [ 121.745415223583194, 0.732140585401018 ], [ 121.745453752148507, 0.728886403663607 ], [ 121.742823573523296, 0.724874654847616 ], [ 121.74049355947902, 0.722906340627381 ], [ 121.739216217329272, 0.719954456227354 ], [ 121.739679493752817, 0.70350197790888 ], [ 121.740221108360814, 0.701504147554131 ], [ 121.738597924503807, 0.699203073658614 ], [ 121.735410824395174, 0.697688643129721 ], [ 121.727957518558924, 0.685362589619674 ], [ 121.728518708295923, 0.684683794918071 ], [ 121.726855663440944, 0.682357288059796 ], [ 121.72701159479081, 0.680925596564927 ], [ 121.730380045309857, 0.678231626677759 ], [ 121.733058894117804, 0.672234035359773 ], [ 121.735390394967169, 0.67171306754795 ], [ 121.737637098749289, 0.666801955776029 ], [ 121.741432305126807, 0.664199851864931 ], [ 121.74174486343955, 0.659573077654505 ], [ 121.744083049981441, 0.655887929526076 ], [ 121.747199189802473, 0.654869231265041 ], [ 121.747666854995259, 0.654241984575341 ], [ 121.74883586711384, 0.651575943197811 ], [ 121.750394357097306, 0.649929481809961 ], [ 121.753044530385324, 0.643734852413056 ], [ 121.754524556495966, 0.643735216558214 ], [ 121.757250305911924, 0.647735401535163 ], [ 121.760054657197159, 0.648363460417043 ], [ 121.760911792342952, 0.647657865542426 ], [ 121.76192497715661, 0.644913398455857 ], [ 121.761535922457028, 0.643266445321542 ], [ 121.756455132461554, 0.639556192087385 ], [ 121.755968176981355, 0.637517450572309 ], [ 121.757438378192163, 0.636333951831256 ], [ 121.761113632902862, 0.635003081232108 ], [ 121.761187796797273, 0.632487410050517 ], [ 121.762143244197659, 0.632783657128142 ], [ 121.762877800430218, 0.633893634728731 ], [ 121.764200816603903, 0.63411591310639 ], [ 121.76581823803393, 0.632562507517607 ], [ 121.767141724052308, 0.629603278929922 ], [ 121.769787985775565, 0.629085999637988 ], [ 121.770524305835607, 0.622649026003961 ], [ 121.772582220164068, 0.623759384730702 ], [ 121.773978713769978, 0.623167815983026 ], [ 121.774199337190936, 0.622279952227354 ], [ 121.771480938022762, 0.611680096121878 ], [ 121.771377090108757, 0.609015268570277 ], [ 121.773775030164614, 0.608921691523365 ], [ 121.78468034138703, 0.61103207548233 ], [ 121.788431204301062, 0.614370420125541 ], [ 121.788872172072701, 0.617528096931617 ], [ 121.788918828757431, 0.644049612255158 ] ] ] ] } },
{ "type": "Feature", "properties": { "KECAMATAN": "TALUDITI", "ID": 151, "KEMISKINAN": "44.66", "STUNTING": "8.19" }, "geometry": { "type": "MultiPolygon", "coordinates": [ [ [ [ 121.899397077487606, 0.671270284812294 ], [ 121.89917566440397, 0.671897068199939 ], [ 121.896870253281236, 0.668220845688893 ], [ 121.895429024978057, 0.6676401867295 ], [ 121.896052683221683, 0.672670182972922 ], [ 121.895523962807374, 0.673782459962126 ], [ 121.893313733230229, 0.673927038568877 ], [ 121.89182454318393, 0.673104466480197 ], [ 121.889134812187876, 0.670298799384682 ], [ 121.887165782577654, 0.666767744536287 ], [ 121.888018859669501, 0.662994727995283 ], [ 121.879932427577273, 0.660164316953455 ], [ 121.870640844610534, 0.661027039274131 ], [ 121.86141420168758, 0.65920352086755 ], [ 121.84395265669923, 0.657388331981565 ], [ 121.838785950017495, 0.653957705323478 ], [ 121.832252228885181, 0.646135714377408 ], [ 121.83660110290532, 0.641536060812086 ], [ 121.842567327555457, 0.642046793886436 ], [ 121.876480845816673, 0.64105947049859 ], [ 121.905880879952065, 0.641282621072378 ], [ 121.908519845118917, 0.645302778501673 ], [ 121.903502503235813, 0.661999650652888 ], [ 121.899397077487606, 0.671270284812294 ] ] ] ] } },
{ "type": "Feature", "properties": { "KECAMATAN": "TALUDITI", "ID": 152, "KEMISKINAN": "44.66", "STUNTING": "8.19" }, "geometry": { "type": "MultiPolygon", "coordinates": [ [ [ [ 121.832252228466402, 0.64613571477051 ], [ 121.829248005693103, 0.646135018690517 ], [ 121.829347205203391, 0.649461205429356 ], [ 121.826162709681086, 0.650693179081694 ], [ 121.823488299102763, 0.650019377573949 ], [ 121.82174114051908, 0.647840869055036 ], [ 121.82014152229462, 0.647562843822156 ], [ 121.818017425565898, 0.648312050907061 ], [ 121.809210535799281, 0.646308763637036 ], [ 121.788918828757431, 0.644049612255158 ], [ 121.788872172072701, 0.617528096931617 ], [ 121.793315306575323, 0.621573486661129 ], [ 121.800032250601561, 0.62579084669788 ], [ 121.811898355177462, 0.623861324796691 ], [ 121.820885604468543, 0.620350150646596 ], [ 121.827080441728597, 0.619121928311825 ], [ 121.842697345004851, 0.613920718620795 ], [ 121.842504743271178, 0.620308598170114 ], [ 121.841069400471724, 0.631463500232075 ], [ 121.838583965761046, 0.639540865710062 ], [ 121.832252228466402, 0.64613571477051 ] ] ] ] } },
{ "type": "Feature", "properties": { "KECAMATAN": "TALUDITI", "ID": 153, "KEMISKINAN": "44.66", "STUNTING": "8.19" }, "geometry": { "type": "MultiPolygon", "coordinates": [ [ [ [ 121.905880879952065, 0.641282621072378 ], [ 121.876480845816673, 0.64105947049859 ], [ 121.842567327555457, 0.642046793886436 ], [ 121.83660110290532, 0.641536060812086 ], [ 121.838583965886983, 0.639540865427364 ], [ 121.841069400595643, 0.631463500299844 ], [ 121.842504742836127, 0.620308598530812 ], [ 121.84269734523923, 0.613920718653276 ], [ 121.846101673922476, 0.612714456216736 ], [ 121.854129609613324, 0.607358509697008 ], [ 121.85898301228508, 0.605359145055388 ], [ 121.859426987785923, 0.60517832916679 ], [ 121.867901391898158, 0.611978183069994 ], [ 121.876718997981243, 0.617266680437524 ], [ 121.896810782914031, 0.63171450017893 ], [ 121.902039812612429, 0.63723062314665 ], [ 121.905880879952065, 0.641282621072378 ] ] ] ] } },
{ "type": "Feature", "properties": { "KECAMATAN": "TALUDITI", "ID": 154, "KEMISKINAN": "44.66", "STUNTING": "8.19" }, "geometry": { "type": "MultiPolygon", "coordinates": [ [ [ [ 121.85898301228508, 0.605359145055388 ], [ 121.854129609613324, 0.607358509697008 ], [ 121.846101673922476, 0.612714456216736 ], [ 121.84269734523923, 0.613920718653276 ], [ 121.827080441933276, 0.619121928723985 ], [ 121.820885604227328, 0.620350150805848 ], [ 121.811898355432618, 0.623861325241478 ], [ 121.80003225091707, 0.62579084673564 ], [ 121.793315306411046, 0.621573486871114 ], [ 121.78877953079018, 0.617444477302058 ], [ 121.788431204482436, 0.614370420137448 ], [ 121.784680340940895, 0.611032075610808 ], [ 121.773775029813351, 0.608921691463252 ], [ 121.768191356969282, 0.608708130360299 ], [ 121.767706518973455, 0.597112570689433 ], [ 121.770709637616392, 0.597860890254708 ], [ 121.773145498097506, 0.597674174813676 ], [ 121.777936492317167, 0.594149658036429 ], [ 121.778456851734404, 0.592587633697633 ], [ 121.784454915082392, 0.590493360904247 ], [ 121.78633823120947, 0.591431478786603 ], [ 121.789806802062571, 0.590121489446517 ], [ 121.790234873053237, 0.592020383629688 ], [ 121.79114671904108, 0.592725020426087 ], [ 121.793716256547327, 0.591211700670442 ], [ 121.805702175938222, 0.589079011537933 ], [ 121.808792007211196, 0.587640197015105 ], [ 121.809119245316651, 0.587080480567806 ], [ 121.811863847546988, 0.586299105522016 ], [ 121.828609609541786, 0.586414913018359 ], [ 121.839706244236595, 0.590407089841335 ], [ 121.852386956444889, 0.599506663058207 ], [ 121.85898301228508, 0.605359145055388 ] ] ] ] } },
{ "type": "Feature", "properties": { "KECAMATAN": "PAGUAT", "ID": 63, "KEMISKINAN": "29.77", "STUNTING": "1.4" }, "geometry": { "type": "MultiPolygon", "coordinates": [ [ [ [ 122.034383220463837, 0.5223425081968 ], [ 122.032432513640629, 0.538224132337973 ], [ 122.030273179395067, 0.541284550384717 ], [ 122.028073993492399, 0.540650870995705 ], [ 122.027553128656109, 0.53867529791836 ], [ 122.025498770472382, 0.538489772280343 ], [ 122.021666356409241, 0.53646734272661 ], [ 122.021758583681958, 0.535695692949218 ], [ 122.023567693150994, 0.53473908770394 ], [ 122.02418153889198, 0.531158601620177 ], [ 122.026665637208112, 0.528843964352689 ], [ 122.026481649410698, 0.527424031995224 ], [ 122.025010190397552, 0.525818738575651 ], [ 122.025470390567079, 0.52427544531605 ], [ 122.025010519549369, 0.523688902991921 ], [ 122.023600052556276, 0.523534334716146 ], [ 122.021250678975434, 0.524487115144836 ], [ 122.020199137699478, 0.523985287157188 ], [ 122.020166249492831, 0.522391706507733 ], [ 122.018393552673388, 0.522187716889107 ], [ 122.016441822421712, 0.519399485849135 ], [ 122.016928552591025, 0.518787439651589 ], [ 122.015834199089909, 0.51731811203166 ], [ 122.016685940688603, 0.513278161423841 ], [ 122.014619304960547, 0.508992882960968 ], [ 122.016079222074723, 0.505197866305139 ], [ 122.016322784560657, 0.502626906071498 ], [ 122.015218167996409, 0.500278922842483 ], [ 122.009482752546432, 0.490718927323599 ], [ 122.005924299852381, 0.491477668232562 ], [ 122.007768399243673, 0.481412269921009 ], [ 122.007484591197681, 0.474964945756653 ], [ 122.008168299871159, 0.464628455812601 ], [ 122.010090840827729, 0.464159337066519 ], [ 122.013966682252317, 0.466772962935863 ], [ 122.018839020149471, 0.467952345536276 ], [ 122.028529083714147, 0.467410766615615 ], [ 122.033099359126709, 0.470203685821332 ], [ 122.036615731643678, 0.471295457368967 ], [ 122.041675230146211, 0.474114704227134 ], [ 122.040745738560759, 0.48402800200256 ], [ 122.041083339554007, 0.487499571195315 ], [ 122.039590340878931, 0.493069730826448 ], [ 122.038101526749301, 0.502612363134972 ], [ 122.034383220463837, 0.5223425081968 ] ] ] ] } },
{ "type": "Feature", "properties": { "KECAMATAN": "PAGUAT", "ID": 64, "KEMISKINAN": "29.77", "STUNTING": "1.4" }, "geometry": { "type": "MultiPolygon", "coordinates": [ [ [ [ 122.091335602847266, 0.522493570016024 ], [ 122.081669270592215, 0.522199746220565 ], [ 122.069207322964076, 0.523099825479051 ], [ 122.034383220463837, 0.5223425081968 ], [ 122.038101526749301, 0.502612363134972 ], [ 122.064998971608361, 0.498769655431886 ], [ 122.070805010817253, 0.498541715968315 ], [ 122.073102441356355, 0.499621674021796 ], [ 122.081777625406971, 0.512697784851525 ], [ 122.082307500550655, 0.514773420095139 ], [ 122.081833133361215, 0.515312231801886 ], [ 122.080174373448358, 0.515391498045574 ], [ 122.079822977754588, 0.51609849466297 ], [ 122.080312580358509, 0.517008620247793 ], [ 122.082130274755627, 0.518924510718023 ], [ 122.085311218142124, 0.519517992210922 ], [ 122.085367217126191, 0.520651771989833 ], [ 122.08802092847634, 0.520348618627679 ], [ 122.089514455952781, 0.521111964065483 ], [ 122.091378526588414, 0.520823535302895 ], [ 122.09203004852634, 0.522514660916272 ], [ 122.091335602847266, 0.522493570016024 ] ] ] ] } },
{ "type": "Feature", "properties": { "KECAMATAN": "PAGUAT", "ID": 65, "KEMISKINAN": "29.77", "STUNTING": "1.4" }, "geometry": { "type": "MultiPolygon", "coordinates": [ [ [ [ 122.087268623115847, 0.500510759068447 ], [ 122.089123797657862, 0.49950470460135 ], [ 122.091507491165999, 0.500299862656618 ], [ 122.099112760791513, 0.500060979343289 ], [ 122.098897572814963, 0.503334416201767 ], [ 122.105286979741322, 0.505406656504761 ], [ 122.121875147241553, 0.504561272213493 ], [ 122.124661041842955, 0.522983402846421 ], [ 122.093088423750487, 0.522551565495064 ], [ 122.093147590146827, 0.521183765036938 ], [ 122.095556370242889, 0.521362245386229 ], [ 122.098442974522413, 0.520413838360582 ], [ 122.100446202651483, 0.519050166689908 ], [ 122.102304222648399, 0.515888506566398 ], [ 122.096064108574865, 0.515209861075959 ], [ 122.09251616355948, 0.510427360053654 ], [ 122.089162715818702, 0.510412748768658 ], [ 122.088138987875141, 0.50963965108275 ], [ 122.088236944728465, 0.507967929241488 ], [ 122.092873105372291, 0.502125469289012 ], [ 122.087268623115847, 0.500510759068447 ] ] ] ] } },
{ "type": "Feature", "properties": { "KECAMATAN": "PAGUAT", "ID": 66, "KEMISKINAN": "29.77", "STUNTING": "1.4" }, "geometry": { "type": "MultiPolygon", "coordinates": [ [ [ [ 122.087268623115847, 0.500510759068447 ], [ 122.092873105372291, 0.502125469289012 ], [ 122.088236944728465, 0.507967929241488 ], [ 122.088138987875141, 0.50963965108275 ], [ 122.089162715818702, 0.510412748768658 ], [ 122.09251616355948, 0.510427360053654 ], [ 122.096064108574865, 0.515209861075959 ], [ 122.102304222648399, 0.515888506566398 ], [ 122.100446202651483, 0.519050166689908 ], [ 122.098442974522413, 0.520413838360582 ], [ 122.095556370242889, 0.521362245386229 ], [ 122.093147590146827, 0.521183765036938 ], [ 122.093088423750487, 0.522551565495064 ], [ 122.09203004852634, 0.522514660916272 ], [ 122.091378526588414, 0.520823535302895 ], [ 122.089514455952781, 0.521111964065483 ], [ 122.08802092847634, 0.520348618627679 ], [ 122.085367217126191, 0.520651771989833 ], [ 122.085311218142124, 0.519517992210922 ], [ 122.082130274755627, 0.518924510718023 ], [ 122.080312580358509, 0.517008620247793 ], [ 122.079822977754588, 0.51609849466297 ], [ 122.080174373448358, 0.515391498045574 ], [ 122.081833133361215, 0.515312231801886 ], [ 122.082307500550655, 0.514773420095139 ], [ 122.081777625406971, 0.512697784851525 ], [ 122.073102441356355, 0.499621674021796 ], [ 122.087268623115847, 0.500510759068447 ] ] ] ] } },
{ "type": "Feature", "properties": { "KECAMATAN": "PAGUAT", "ID": 67, "KEMISKINAN": "29.77", "STUNTING": "1.4" }, "geometry": { "type": "MultiPolygon", "coordinates": [ [ [ [ 122.074217840268673, 0.499454444148482 ], [ 122.073102441451809, 0.499621674349902 ], [ 122.070805010630224, 0.498541715720178 ], [ 122.064998971310416, 0.498769655532092 ], [ 122.038101526851591, 0.502612362733954 ], [ 122.039689506033071, 0.492790095991245 ], [ 122.056262299008537, 0.493957056204328 ], [ 122.061572776691818, 0.495132037576438 ], [ 122.068334919330283, 0.49520391773604 ], [ 122.072458483258998, 0.496047095907413 ], [ 122.074217840268673, 0.499454444148482 ] ] ] ] } },
{ "type": "Feature", "properties": { "KECAMATAN": "PAGUAT", "ID": 68, "KEMISKINAN": "29.77", "STUNTING": "1.4" }, "geometry": { "type": "MultiPolygon", "coordinates": [ [ [ [ 122.11438809327521, 0.493350655620626 ], [ 122.113694582376453, 0.494974730322726 ], [ 122.111986290679383, 0.495804208080495 ], [ 122.111458954851216, 0.493183327124322 ], [ 122.11438809327521, 0.493350655620626 ] ] ], [ [ [ 122.100936500041428, 0.500199244723918 ], [ 122.101941962430956, 0.499694047546315 ], [ 122.102401006416002, 0.500310274868108 ], [ 122.100936500041428, 0.500199244723918 ] ] ], [ [ [ 122.099112760343857, 0.500060979650216 ], [ 122.09150749151182, 0.500299862242235 ], [ 122.08912379764304, 0.499504704592288 ], [ 122.087268623446917, 0.500510759121218 ], [ 122.074217840268673, 0.499454444148482 ], [ 122.072458483258998, 0.496047095907413 ], [ 122.073691769351711, 0.496251655515776 ], [ 122.074907816975028, 0.493193001535017 ], [ 122.076951828773332, 0.493193287224356 ], [ 122.076786031090109, 0.49202535989493 ], [ 122.075736806892976, 0.490857274472765 ], [ 122.075780283934051, 0.489161450624129 ], [ 122.088989937735079, 0.490638711201994 ], [ 122.09232672518543, 0.491258264637926 ], [ 122.092684952877562, 0.491900662016063 ], [ 122.101237614685758, 0.492599427959126 ], [ 122.10208942656412, 0.493167207492471 ], [ 122.102382573857312, 0.492664834323984 ], [ 122.104221204030949, 0.492769866991525 ], [ 122.106156366773519, 0.495676276700161 ], [ 122.107796438295139, 0.496807804796449 ], [ 122.10635335238473, 0.498841307114626 ], [ 122.104926426271021, 0.495561476977899 ], [ 122.10405740237826, 0.494905509675112 ], [ 122.104106609257457, 0.496512629655053 ], [ 122.105024828590814, 0.49677502397306 ], [ 122.10335218521324, 0.497726164679344 ], [ 122.102384570034502, 0.497266973346919 ], [ 122.101039928521786, 0.49811974587409 ], [ 122.099350797426169, 0.496414237873397 ], [ 122.099235986294985, 0.498185329669196 ], [ 122.100613498493871, 0.499284065172843 ], [ 122.100640976541797, 0.50017683989366 ], [ 122.099112760343857, 0.500060979650216 ] ] ], [ [ [ 122.113340514277525, 0.501139643149893 ], [ 122.113027604768376, 0.499546442345986 ], [ 122.113716501349046, 0.499070903003238 ], [ 122.11574986821762, 0.501153576359323 ], [ 122.116822697625238, 0.501403641535978 ], [ 122.113340514277525, 0.501139643149893 ] ] ], [ [ [ 122.120254522754024, 0.501663822061991 ], [ 122.117635694635936, 0.497791746064555 ], [ 122.120955075225353, 0.494371231004118 ], [ 122.121450694445144, 0.501754508669903 ], [ 122.120254522754024, 0.501663822061991 ] ] ] ] } },
{ "type": "Feature", "properties": { "KECAMATAN": "PAGUAT", "ID": 69, "KEMISKINAN": "29.77", "STUNTING": "1.4" }, "geometry": { "type": "MultiPolygon", "coordinates": [ [ [ [ 122.075780283934051, 0.489161450624129 ], [ 122.075736806892976, 0.490857274472765 ], [ 122.076786031090109, 0.49202535989493 ], [ 122.076951828773332, 0.493193287224356 ], [ 122.074907816975028, 0.493193001535017 ], [ 122.073691769351711, 0.496251655515776 ], [ 122.072458483258998, 0.496047095907413 ], [ 122.068334919330283, 0.49520391773604 ], [ 122.061572776691818, 0.495132037576438 ], [ 122.056262299008537, 0.493957056204328 ], [ 122.056262450889449, 0.492879230928187 ], [ 122.061773622548827, 0.490633723244036 ], [ 122.061986903187048, 0.487550663266232 ], [ 122.070742019446584, 0.489078133750018 ], [ 122.075780283934051, 0.489161450624129 ] ] ] ] } },
{ "type": "Feature", "properties": { "KECAMATAN": "PAGUAT", "ID": 70, "KEMISKINAN": "29.77", "STUNTING": "1.4" }, "geometry": { "type": "MultiPolygon", "coordinates": [ [ [ [ 122.061986903187048, 0.487550663266232 ], [ 122.061773622548827, 0.490633723244036 ], [ 122.056262450889449, 0.492879230928187 ], [ 122.056262299008537, 0.493957056204328 ], [ 122.039689506033071, 0.492790095991245 ], [ 122.041083339706262, 0.487499571052572 ], [ 122.040745738381673, 0.484028002294421 ], [ 122.041675230079861, 0.474114703797754 ], [ 122.048692428830734, 0.47687617565134 ], [ 122.064334319999091, 0.47920455313549 ], [ 122.061608916341143, 0.485657398772075 ], [ 122.061986903187048, 0.487550663266232 ] ] ] ] } },
{ "type": "Feature", "properties": { "KECAMATAN": "PAGUAT", "ID": 71, "KEMISKINAN": "29.77", "STUNTING": "1.4" }, "geometry": { "type": "MultiPolygon", "coordinates": [ [ [ [ 121.990024718228696, 0.47016171617261 ], [ 121.989745996735522, 0.469366414465986 ], [ 121.982419041002188, 0.465578693839062 ], [ 121.979781315373515, 0.464791496593895 ], [ 121.979635117701591, 0.462135878318568 ], [ 121.982297799505176, 0.453806303218416 ], [ 121.983969937641831, 0.455416548419505 ], [ 121.983888845086767, 0.456999742479356 ], [ 121.984599606230134, 0.458600928756612 ], [ 121.987064442907922, 0.46080483613987 ], [ 121.988206731494742, 0.460867790694683 ], [ 121.992488653706488, 0.458951766443869 ], [ 121.998407564598381, 0.459680375371461 ], [ 121.999676010478183, 0.459212640591309 ], [ 122.002730293375976, 0.463243455543969 ], [ 122.004506265652239, 0.463969465782208 ], [ 122.005131697159356, 0.46336633884466 ], [ 122.006416238505977, 0.464293376233025 ], [ 122.008355216196122, 0.464628456653324 ], [ 122.007484591108366, 0.474964946146548 ], [ 122.007768399665551, 0.481412270169832 ], [ 122.005924299734744, 0.491477668402416 ], [ 122.004065851256001, 0.492065360393843 ], [ 122.002600067182058, 0.492000970384074 ], [ 121.998012506038734, 0.486867958637403 ], [ 121.9982045424115, 0.481350721149374 ], [ 121.996739015778559, 0.47955418416886 ], [ 121.997631450632838, 0.477308915054762 ], [ 121.996936074478853, 0.476484000099395 ], [ 121.997557538554787, 0.475789014049175 ], [ 121.999241740012991, 0.474189016050017 ], [ 121.998570448608575, 0.473445174373941 ], [ 121.993564013405191, 0.471609009750393 ], [ 121.991306670352444, 0.471463027720729 ], [ 121.990024718228696, 0.47016171617261 ] ] ] ] } },
{ "type": "Feature", "properties": { "KECAMATAN": "PAGUAT", "ID": 72, "KEMISKINAN": "29.77", "STUNTING": "1.4" }, "geometry": { "type": "MultiPolygon", "coordinates": [ [ [ [ 122.076566369415033, 0.484294815330264 ], [ 122.076952915551288, 0.48524032978615 ], [ 122.075737217940713, 0.487854067977187 ], [ 122.075780283934051, 0.489161450624129 ], [ 122.070742019446584, 0.489078133750018 ], [ 122.061986903187048, 0.487550663266232 ], [ 122.061608916341143, 0.485657398772075 ], [ 122.064334319999091, 0.47920455313549 ], [ 122.068601379436259, 0.479041712531201 ], [ 122.076467491818789, 0.47724306717206 ], [ 122.076568127094106, 0.483655880482479 ], [ 122.076566369415033, 0.484294815330264 ] ] ] ] } },
{ "type": "Feature", "properties": { "KECAMATAN": "MARISA", "ID": 46, "KEMISKINAN": "26.97", "STUNTING": "3.52" }, "geometry": { "type": "MultiPolygon", "coordinates": [ [ [ [ 121.973908350659499, 0.485943646711027 ], [ 121.980835164089726, 0.491415861465248 ], [ 121.978430375797316, 0.498793520730976 ], [ 121.974366122377106, 0.500186333574346 ], [ 121.962618273099636, 0.500130906479788 ], [ 121.960773020693466, 0.499076563867105 ], [ 121.958435449474308, 0.493130202118683 ], [ 121.955401636347901, 0.491692325738944 ], [ 121.95775095541056, 0.481551257718769 ], [ 121.96473850107904, 0.484357452805382 ], [ 121.971059031275601, 0.484332132375185 ], [ 121.973908350659499, 0.485943646711027 ] ] ] ] } },
{ "type": "Feature", "properties": { "KECAMATAN": "MARISA", "ID": 47, "KEMISKINAN": "26.97", "STUNTING": "3.52" }, "geometry": { "type": "MultiPolygon", "coordinates": [ [ [ [ 121.953195340571241, 0.492062183734907 ], [ 121.950197416139432, 0.492804311330728 ], [ 121.948838939550612, 0.494418377688097 ], [ 121.946094787207386, 0.49561505502612 ], [ 121.939169189097896, 0.497328570158482 ], [ 121.938461692186976, 0.496616032644246 ], [ 121.938139949583572, 0.496292065282775 ], [ 121.937115983664938, 0.495643857242998 ], [ 121.937642980400526, 0.494259484561708 ], [ 121.937037120606817, 0.491771808770478 ], [ 121.936941330696229, 0.490312213624664 ], [ 121.935273599024526, 0.489015827312143 ], [ 121.935098346410342, 0.487454632809934 ], [ 121.935742505072739, 0.485598946026053 ], [ 121.938171161551693, 0.48533424784508 ], [ 121.939663488401166, 0.484244576946145 ], [ 121.939965560126396, 0.481045609622752 ], [ 121.939834714704077, 0.480977506427314 ], [ 121.939546990890065, 0.480400469281692 ], [ 121.936387192859897, 0.478504680688294 ], [ 121.936160219130315, 0.477263612461263 ], [ 121.937165847836482, 0.476643252378315 ], [ 121.937662490951737, 0.475380745756757 ], [ 121.937775368441237, 0.475392914504278 ], [ 121.937700488449693, 0.474984891748607 ], [ 121.946135812071603, 0.473630420983993 ], [ 121.94913313510591, 0.476762378312499 ], [ 121.950748255001429, 0.486145573872241 ], [ 121.952775040906843, 0.489895298251772 ], [ 121.953195340571241, 0.492062183734907 ] ] ] ] } },
{ "type": "Feature", "properties": { "KECAMATAN": "MARISA", "ID": 48, "KEMISKINAN": "26.97", "STUNTING": "3.52" }, "geometry": { "type": "MultiPolygon", "coordinates": [ [ [ [ 121.955401636347901, 0.491692325738944 ], [ 121.953195340571241, 0.492062183734907 ], [ 121.952775040906843, 0.489895298251772 ], [ 121.950748255001429, 0.486145573872241 ], [ 121.94913313510591, 0.476762378312499 ], [ 121.946135812071603, 0.473630420983993 ], [ 121.945410515661564, 0.471744939299077 ], [ 121.945023596269564, 0.465987428228507 ], [ 121.954197020635291, 0.467562101512895 ], [ 121.960137202032911, 0.466380533112618 ], [ 121.962061115326122, 0.46719165603327 ], [ 121.961635752439165, 0.470682640195816 ], [ 121.962250345660991, 0.474973345504024 ], [ 121.966120651117109, 0.476528009252339 ], [ 121.968917335023164, 0.475177033299365 ], [ 121.969835265977437, 0.471393326442202 ], [ 121.971334267089205, 0.470762920218446 ], [ 121.971491075333105, 0.469929560131197 ], [ 121.972587363567783, 0.469614425435259 ], [ 121.972654638938934, 0.468488263189135 ], [ 121.973370724223159, 0.468173071660614 ], [ 121.973818025219401, 0.468263207363071 ], [ 121.973840213536718, 0.470155170741746 ], [ 121.974880328899616, 0.471855803012486 ], [ 121.980652483265303, 0.471698990269607 ], [ 121.987196821815658, 0.469796747540405 ], [ 121.990024718228696, 0.47016171617261 ], [ 121.991306670352444, 0.471463027720729 ], [ 121.993564013405191, 0.471609009750393 ], [ 121.998570448608575, 0.473445174373941 ], [ 121.999241740012991, 0.474189016050017 ], [ 121.997557538554787, 0.475789014049175 ], [ 121.996936022804363, 0.476483938820591 ], [ 121.996873416937646, 0.476553987832515 ], [ 121.996731846643314, 0.476712388891718 ], [ 121.99260319703437, 0.480682790689988 ], [ 121.992052540288029, 0.482622064637281 ], [ 121.990859769927596, 0.484007109881999 ], [ 121.987556971589399, 0.485945967355148 ], [ 121.981319022009501, 0.485575626729249 ], [ 121.973908350659499, 0.485943646711027 ], [ 121.971059031275601, 0.484332132375185 ], [ 121.96473850107904, 0.484357452805382 ], [ 121.95775095541056, 0.481551257718769 ], [ 121.955401636347901, 0.491692325738944 ] ] ] ] } },
{ "type": "Feature", "properties": { "KECAMATAN": "MARISA", "ID": 49, "KEMISKINAN": "26.97", "STUNTING": "3.52" }, "geometry": { "type": "MultiPolygon", "coordinates": [ [ [ [ 121.945402691924528, 0.456315512982769 ], [ 121.969504333106215, 0.457370370909643 ], [ 121.971957045182307, 0.459364439053104 ], [ 121.974098120492386, 0.459509447119274 ], [ 121.974806117770299, 0.458792913685443 ], [ 121.974907408524587, 0.457364955787568 ], [ 121.977250355997626, 0.455695412610112 ], [ 121.978311641670643, 0.452672904546546 ], [ 121.979472244092108, 0.452259114985679 ], [ 121.982297799505204, 0.453806303218528 ], [ 121.979635117701605, 0.462135878318577 ], [ 121.979781315373543, 0.464791496593875 ], [ 121.982419041002231, 0.465578693839063 ], [ 121.989745996735564, 0.469366414465981 ], [ 121.99002471822871, 0.47016171617264 ], [ 121.987196821815701, 0.469796747540386 ], [ 121.980652483265317, 0.471698990269601 ], [ 121.974880328899644, 0.471855803012488 ], [ 121.973840213536732, 0.470155170741748 ], [ 121.97381802521943, 0.468263207363066 ], [ 121.973370724223173, 0.468173071660601 ], [ 121.972654638938934, 0.468488263189158 ], [ 121.972587363567754, 0.469614425435282 ], [ 121.97149107533312, 0.46992956013122 ], [ 121.971334267089219, 0.470762920218476 ], [ 121.969835265977395, 0.471393326442183 ], [ 121.968917335023207, 0.47517703329936 ], [ 121.96612065111708, 0.47652800925232 ], [ 121.962250345661005, 0.474973345504054 ], [ 121.961635752439179, 0.470682640195832 ], [ 121.962061115326151, 0.467191656033265 ], [ 121.960137202032911, 0.466380533112613 ], [ 121.95419702063532, 0.467562101512897 ], [ 121.942710959404508, 0.465935596087604 ], [ 121.944839941581677, 0.462288177977655 ], [ 121.945402691924528, 0.456315512982769 ] ] ], [ [ [ 121.977856328274243, 0.449628767317506 ], [ 121.978131885897483, 0.450975013705431 ], [ 121.977666761700561, 0.451835646900918 ], [ 121.976154749860711, 0.453173088202448 ], [ 121.975084930280104, 0.452987001136535 ], [ 121.974956755593439, 0.451917064096563 ], [ 121.975942296495646, 0.450368772842239 ], [ 121.977856328274243, 0.449628767317506 ] ] ], [ [ [ 121.982825693611744, 0.443109547203505 ], [ 121.983679522767602, 0.443719307439267 ], [ 121.983886789875214, 0.447548533238603 ], [ 121.982594165089381, 0.448292411122338 ], [ 121.979716200399366, 0.448646068536107 ], [ 121.979423396919174, 0.448133875967414 ], [ 121.980801533357067, 0.446304613034613 ], [ 121.981715913592893, 0.443548577033766 ], [ 121.982825693611744, 0.443109547203505 ] ] ] ] } },
{ "type": "Feature", "properties": { "KECAMATAN": "MARISA", "ID": 50, "KEMISKINAN": "26.97", "STUNTING": "3.52" }, "geometry": { "type": "MultiPolygon", "coordinates": [ [ [ [ 121.946135812071603, 0.473630420983993 ], [ 121.937700488449693, 0.474984891748607 ], [ 121.937674646193003, 0.474844076769108 ], [ 121.937250752261221, 0.472282865110172 ], [ 121.934597254094598, 0.472088573566785 ], [ 121.934914832884175, 0.470252903887767 ], [ 121.934204246184478, 0.46767624513314 ], [ 121.941233388711979, 0.466052649464386 ], [ 121.945023596269564, 0.465987428228507 ], [ 121.945410515661564, 0.471744939299077 ], [ 121.946135812071603, 0.473630420983993 ] ] ] ] } },
{ "type": "Feature", "properties": { "KECAMATAN": "MARISA", "ID": 51, "KEMISKINAN": "26.97", "STUNTING": "3.52" }, "geometry": { "type": "MultiPolygon", "coordinates": [ [ [ [ 121.945402691924528, 0.456315512982769 ], [ 121.944839941581677, 0.462288177977655 ], [ 121.942710959404508, 0.465935596087604 ], [ 121.934127897928192, 0.467488463855886 ], [ 121.932582793568827, 0.45730609532086 ], [ 121.931158130749623, 0.456669006437892 ], [ 121.933412072434862, 0.45479330855818 ], [ 121.937418164925703, 0.454943122831367 ], [ 121.940457342211516, 0.456042454822864 ], [ 121.945402691924528, 0.456315512982769 ] ] ] ] } },
{ "type": "Feature", "properties": { "KECAMATAN": "DUHIADAA", "ID": 24, "KEMISKINAN": "36.37", "STUNTING": "4.9" }, "geometry": { "type": "MultiPolygon", "coordinates": [ [ [ [ 121.901012744586751, 0.511778300022343 ], [ 121.89893592673468, 0.512126409593463 ], [ 121.897744310656776, 0.511673322161869 ], [ 121.889437255984944, 0.513519901883285 ], [ 121.888076659995704, 0.509493102960789 ], [ 121.887826184421328, 0.506249190844528 ], [ 121.888628671051833, 0.504727090108588 ], [ 121.887932659652961, 0.502624223393866 ], [ 121.888396981415326, 0.501611868276711 ], [ 121.891259534226492, 0.500755710107512 ], [ 121.891569204076063, 0.499353942256391 ], [ 121.891105274418123, 0.498029918996053 ], [ 121.888165784607395, 0.495537289711137 ], [ 121.888166237865676, 0.492811527377967 ], [ 121.887083542275946, 0.490864388165221 ], [ 121.886542828503138, 0.486892472168222 ], [ 121.889376345803271, 0.486658216766045 ], [ 121.892843020885493, 0.488343110977098 ], [ 121.89536028619807, 0.492060992782456 ], [ 121.896430700646192, 0.495286569521227 ], [ 121.897197393360557, 0.502963708466723 ], [ 121.89897895749516, 0.505087260487414 ], [ 121.90200089265295, 0.51149424376348 ], [ 121.901012744586751, 0.511778300022343 ] ] ] ] } },
{ "type": "Feature", "properties": { "KECAMATAN": "DUHIADAA", "ID": 25, "KEMISKINAN": "36.37", "STUNTING": "4.9" }, "geometry": { "type": "MultiPolygon", "coordinates": [ [ [ [ 121.902466491768806, 0.511360401649705 ], [ 121.902000892440199, 0.511494244156916 ], [ 121.898978957689764, 0.505087260044865 ], [ 121.897301512085832, 0.503297707666226 ], [ 121.896430701045489, 0.495286569637363 ], [ 121.895360285825035, 0.492060992535768 ], [ 121.89284302123572, 0.488343110686804 ], [ 121.889376345517675, 0.486658216650957 ], [ 121.891262835271064, 0.484178903426011 ], [ 121.889303536432777, 0.471484464238889 ], [ 121.890705193584196, 0.466501093187963 ], [ 121.890331931336149, 0.465278641269959 ], [ 121.890837401087452, 0.461384519241212 ], [ 121.894205254663646, 0.455678467343743 ], [ 121.901130072675642, 0.452510806479642 ], [ 121.90106687781136, 0.460021887550885 ], [ 121.898344844145157, 0.462037331863661 ], [ 121.898504763369331, 0.464713731082531 ], [ 121.897129262042981, 0.46586336885702 ], [ 121.897395361162609, 0.473618582344058 ], [ 121.89791497839505, 0.476216773345959 ], [ 121.89860958715596, 0.476680862070031 ], [ 121.898622829725142, 0.479919515907765 ], [ 121.899775138660786, 0.485580181162169 ], [ 121.902433091379322, 0.487578712388901 ], [ 121.903519405703861, 0.489792740194614 ], [ 121.907744573048745, 0.48772855262583 ], [ 121.911809511243604, 0.497175327387742 ], [ 121.912365405527979, 0.499378993320674 ], [ 121.91165096376001, 0.499974722043737 ], [ 121.912344574130131, 0.501402780929814 ], [ 121.911563864845093, 0.501993374535656 ], [ 121.912257486354562, 0.503349527875505 ], [ 121.91160461773913, 0.503462453674706 ], [ 121.911619144575752, 0.507290244422895 ], [ 121.9095328733748, 0.50704026332574 ], [ 121.907797521985458, 0.508922135791243 ], [ 121.904820669244174, 0.509757925580088 ], [ 121.902466491768806, 0.511360401649705 ] ] ] ] } },
{ "type": "Feature", "properties": { "KECAMATAN": "DUHIADAA", "ID": 26, "KEMISKINAN": "36.37", "STUNTING": "4.9" }, "geometry": { "type": "MultiPolygon", "coordinates": [ [ [ [ 121.916251003369595, 0.504817187061155 ], [ 121.913561614089517, 0.507738420742241 ], [ 121.911619144575752, 0.507290244422895 ], [ 121.91160461773913, 0.503462453674706 ], [ 121.912257486354562, 0.503349527875505 ], [ 121.911563864845093, 0.501993374535656 ], [ 121.912344574130131, 0.501402780929814 ], [ 121.91165096376001, 0.499974722043737 ], [ 121.912365405527979, 0.499378993320674 ], [ 121.911809511243604, 0.497175327387742 ], [ 121.907744573048745, 0.48772855262583 ], [ 121.903519405703861, 0.489792740194614 ], [ 121.902433091379322, 0.487578712388901 ], [ 121.899775138660786, 0.485580181162169 ], [ 121.898622829725142, 0.479919515907765 ], [ 121.89860958715596, 0.476680862070031 ], [ 121.903071597350092, 0.477181491942344 ], [ 121.903411782871174, 0.478042684355371 ], [ 121.9124935071317, 0.485149898425439 ], [ 121.91316769210276, 0.485173434351891 ], [ 121.91449342989128, 0.482751281035041 ], [ 121.915769223464466, 0.48185720067365 ], [ 121.922143139948417, 0.486295945450008 ], [ 121.924140158549037, 0.488081378873693 ], [ 121.924361119880047, 0.488240244267066 ], [ 121.924697347525864, 0.4910455618064 ], [ 121.926707416942193, 0.493752391471523 ], [ 121.926914215560075, 0.494677666915075 ], [ 121.916251003369595, 0.504817187061155 ] ] ] ] } },
{ "type": "Feature", "properties": { "KECAMATAN": "DUHIADAA", "ID": 27, "KEMISKINAN": "36.37", "STUNTING": "4.9" }, "geometry": { "type": "MultiPolygon", "coordinates": [ [ [ [ 121.889376345517675, 0.486658216650957 ], [ 121.886535270612384, 0.486747140938268 ], [ 121.886465571841185, 0.485412763888524 ], [ 121.886852618425664, 0.484711936267166 ], [ 121.889715208440293, 0.483544219924346 ], [ 121.889715322237976, 0.482843292147725 ], [ 121.887239902743872, 0.480818050616625 ], [ 121.884331348818961, 0.479752490909844 ], [ 121.883627575668271, 0.476948033934752 ], [ 121.882794955126968, 0.477399152031053 ], [ 121.880809877585506, 0.476657443630755 ], [ 121.880489852750074, 0.474433241301595 ], [ 121.882027153520667, 0.472886274405679 ], [ 121.881931467580074, 0.470726592851909 ], [ 121.878153258741662, 0.469984599223947 ], [ 121.878537729730041, 0.467792737692738 ], [ 121.879722861997749, 0.466568031315893 ], [ 121.879370992688138, 0.463247898890726 ], [ 121.881580592699464, 0.462893670960538 ], [ 121.880588580297641, 0.459154371660651 ], [ 121.879371703210722, 0.458702890790539 ], [ 121.876586089458073, 0.45979841222251 ], [ 121.875849660670255, 0.459257187589399 ], [ 121.876868278199964, 0.458034961747442 ], [ 121.87729930472608, 0.456142317062556 ], [ 121.876477332947616, 0.453145352447057 ], [ 121.87745672729794, 0.451331658482443 ], [ 121.881546428397399, 0.437504246173512 ], [ 121.882263612301131, 0.438047174508425 ], [ 121.884084333976972, 0.437524216910576 ], [ 121.88592411391096, 0.439151143768699 ], [ 121.88988118740366, 0.439901885287606 ], [ 121.89318693040407, 0.441881494713945 ], [ 121.899703571895557, 0.443604460398115 ], [ 121.903947148720704, 0.443853743744791 ], [ 121.910925826396166, 0.442635059858807 ], [ 121.904563278557887, 0.448737784925255 ], [ 121.904606868626516, 0.450498927477225 ], [ 121.901130072675642, 0.452510806479642 ], [ 121.894205254663646, 0.455678467343743 ], [ 121.890837401087452, 0.461384519241212 ], [ 121.890331931336149, 0.465278641269959 ], [ 121.890705193584196, 0.466501093187963 ], [ 121.889303536432777, 0.471484464238889 ], [ 121.891262835271064, 0.484178903426011 ], [ 121.889376345517675, 0.486658216650957 ] ] ] ] } },
{ "type": "Feature", "properties": { "KECAMATAN": "DUHIADAA", "ID": 28, "KEMISKINAN": "36.37", "STUNTING": "4.9" }, "geometry": { "type": "MultiPolygon", "coordinates": [ [ [ [ 121.921054093759892, 0.44435139281723 ], [ 121.920886849043157, 0.443839467399174 ], [ 121.919325864753148, 0.44418922828263 ], [ 121.921331702263188, 0.443284626795313 ], [ 121.921054093759892, 0.44435139281723 ] ] ], [ [ [ 121.922143139948417, 0.486295945450008 ], [ 121.915769223464466, 0.48185720067365 ], [ 121.91449342989128, 0.482751281035041 ], [ 121.91316769210276, 0.485173434351891 ], [ 121.9124935071317, 0.485149898425439 ], [ 121.903411782871174, 0.478042684355371 ], [ 121.903071597350092, 0.477181491942344 ], [ 121.89860958715596, 0.476680862070031 ], [ 121.89791497839505, 0.476216773345959 ], [ 121.897395361162609, 0.473618582344058 ], [ 121.897129262042981, 0.46586336885702 ], [ 121.898504763369331, 0.464713731082531 ], [ 121.898344844145157, 0.462037331863661 ], [ 121.90106687781136, 0.460021887550885 ], [ 121.901130072675642, 0.452510806479642 ], [ 121.904606868626516, 0.450498927477225 ], [ 121.904563278557887, 0.448737784925255 ], [ 121.910925826396166, 0.442635059858807 ], [ 121.911513768543131, 0.443209481433913 ], [ 121.908994792019854, 0.445000713783559 ], [ 121.90937261190048, 0.44586834093173 ], [ 121.910726644209873, 0.445543605364049 ], [ 121.912358996003064, 0.442936363968203 ], [ 121.914002859569223, 0.442253269440416 ], [ 121.915412548402458, 0.443454891159609 ], [ 121.916825028165107, 0.446702463514113 ], [ 121.920177892324844, 0.447718371523562 ], [ 121.918765505167841, 0.453035509432729 ], [ 121.918896221992668, 0.455820752573564 ], [ 121.916993983337449, 0.456745103034626 ], [ 121.91493818062024, 0.463044537988564 ], [ 121.91606013643765, 0.467369039568331 ], [ 121.919502132229681, 0.467276183841312 ], [ 121.922655024793769, 0.468290425516846 ], [ 121.923543377611651, 0.474319946182531 ], [ 121.923611966690075, 0.477459132970735 ], [ 121.926019428278025, 0.47978729762824 ], [ 121.922143139948417, 0.486295945450008 ] ] ] ] } },
{ "type": "Feature", "properties": { "KECAMATAN": "DUHIADAA", "ID": 29, "KEMISKINAN": "36.37", "STUNTING": "4.9" }, "geometry": { "type": "MultiPolygon", "coordinates": [ [ [ [ 121.937662490951737, 0.475380745756757 ], [ 121.93080889384359, 0.47846119386473 ], [ 121.926019428278025, 0.47978729762824 ], [ 121.923611966690075, 0.477459132970735 ], [ 121.923543377611651, 0.474319946182531 ], [ 121.929202526096333, 0.472553911739935 ], [ 121.934597254094598, 0.472088573566785 ], [ 121.937250752261221, 0.472282865110172 ], [ 121.937674646193003, 0.474844076769108 ], [ 121.937700458004798, 0.474984890460215 ], [ 121.937775368441237, 0.475392914504278 ], [ 121.937662490951737, 0.475380745756757 ] ] ] ] } },
{ "type": "Feature", "properties": { "KECAMATAN": "DUHIADAA", "ID": 30, "KEMISKINAN": "36.37", "STUNTING": "4.9" }, "geometry": { "type": "MultiPolygon", "coordinates": [ [ [ [ 121.934597254094598, 0.472088573566785 ], [ 121.929202526096333, 0.472553911739935 ], [ 121.923543377611651, 0.474319946182531 ], [ 121.922655024793769, 0.468290425516846 ], [ 121.922637434372206, 0.467637118480999 ], [ 121.933940087246114, 0.467209960900936 ], [ 121.934204246184478, 0.46767624513314 ], [ 121.934914832884175, 0.470252903887767 ], [ 121.934597254094598, 0.472088573566785 ] ] ] ] } },
{ "type": "Feature", "properties": { "KECAMATAN": "DUHIADAA", "ID": 31, "KEMISKINAN": "36.37", "STUNTING": "4.9" }, "geometry": { "type": "MultiPolygon", "coordinates": [ [ [ [ 121.933940087246114, 0.467209960900936 ], [ 121.922637434372206, 0.467637118480999 ], [ 121.922655024793769, 0.468290425516846 ], [ 121.919502132229681, 0.467276183841312 ], [ 121.91606013643765, 0.467369039568331 ], [ 121.91493818062024, 0.463044537988564 ], [ 121.916993983337449, 0.456745103034626 ], [ 121.918896221992668, 0.455820752573564 ], [ 121.918765505167841, 0.453035509432729 ], [ 121.920177892324844, 0.447718371523562 ], [ 121.923734425263049, 0.44934211035371 ], [ 121.92240950137662, 0.446424252035813 ], [ 121.923638285818811, 0.446230268154943 ], [ 121.924599081786141, 0.446799723622968 ], [ 121.926894696224139, 0.445987856215089 ], [ 121.92440116509475, 0.444564558110647 ], [ 121.923232723220465, 0.444956920291526 ], [ 121.923368966126048, 0.444556032153374 ], [ 121.922260167999227, 0.444155102410368 ], [ 121.921364601005237, 0.444939861261604 ], [ 121.921054093759892, 0.44435139281723 ], [ 121.921331702263188, 0.443284626795313 ], [ 121.923435093010283, 0.44358998907291 ], [ 121.930670981794705, 0.446850650475303 ], [ 121.933042413462886, 0.446048789792473 ], [ 121.935899880333039, 0.443438556677398 ], [ 121.937034536501699, 0.443711542152601 ], [ 121.93678936890916, 0.445904572902398 ], [ 121.934895529545344, 0.450854889101846 ], [ 121.933493325598164, 0.452169564165947 ], [ 121.933421059991687, 0.454779034602479 ], [ 121.931158130749651, 0.456669006437869 ], [ 121.932582793568841, 0.457306095320851 ], [ 121.933940087246114, 0.467209960900936 ] ] ] ] } },
{ "type": "Feature", "properties": { "KECAMATAN": "DENGILO", "ID": 19, "KEMISKINAN": "29.45", "STUNTING": "2.91" }, "geometry": { "type": "MultiPolygon", "coordinates": [ [ [ [ 122.127242665337917, 0.569801318986322 ], [ 122.126398310770355, 0.639015954541264 ], [ 122.127212698129256, 0.643939159890976 ], [ 122.126845325080239, 0.666984474850096 ], [ 122.121756062615759, 0.677591754254536 ], [ 122.115211324788561, 0.699904245866207 ], [ 122.110480252395746, 0.736483146878811 ], [ 122.109387157046172, 0.751114870780611 ], [ 122.109020706701585, 0.766084201970841 ], [ 122.108028496397765, 0.771737370823985 ], [ 122.105811309665455, 0.798451990709111 ], [ 122.100643343932802, 0.832092021543872 ], [ 122.100529678621569, 0.834256433361645 ], [ 122.101571567474252, 0.837930197126241 ], [ 122.103084347636695, 0.849218551989168 ], [ 122.101563624662049, 0.872099220869814 ], [ 122.101347236090646, 0.901812310802313 ], [ 122.099063513917258, 0.90282201561746 ], [ 122.096260470144102, 0.905196779757205 ], [ 122.085198417079255, 0.90727247795337 ], [ 122.082396153917671, 0.90652941582465 ], [ 122.076941344927263, 0.903848535056625 ], [ 122.072876330214513, 0.904742844264945 ], [ 122.066086038802382, 0.902625933737454 ], [ 122.062897035692004, 0.90100416473831 ], [ 122.055824493859632, 0.900152350294547 ], [ 122.045097752114202, 0.894051739953511 ], [ 122.042335739009332, 0.890969643749258 ], [ 122.041229630469843, 0.890655217385472 ], [ 122.040077548588329, 0.888936526652572 ], [ 122.034195201905163, 0.886039909321596 ], [ 122.026710811052908, 0.886130588861135 ], [ 122.021485437997967, 0.887214788117262 ], [ 122.022189948889263, 0.886470027169196 ], [ 122.024839912764492, 0.880820035620843 ], [ 122.024219982210752, 0.875959995053108 ], [ 122.02459995386198, 0.873740015026499 ], [ 122.02604990558882, 0.871400029468305 ], [ 122.028990047408001, 0.869680006839474 ], [ 122.029868277637775, 0.866049683026858 ], [ 122.029516874749447, 0.861968226908743 ], [ 122.031456745641549, 0.858952097773965 ], [ 122.033396033772988, 0.858242763818623 ], [ 122.034806554725378, 0.856291164867912 ], [ 122.034807263391144, 0.853451992630937 ], [ 122.037100849328567, 0.846354564759395 ], [ 122.036396175660002, 0.844402429812817 ], [ 122.035162268963632, 0.84422466442453 ], [ 122.033920863720141, 0.844849164433583 ], [ 122.032577071562969, 0.843875464875168 ], [ 122.03609437307955, 0.839478712748814 ], [ 122.036231777794455, 0.833390643453527 ], [ 122.037780377953254, 0.829378835329976 ], [ 122.036704688981445, 0.825254864662213 ], [ 122.032305071615156, 0.821500690716334 ], [ 122.032180397702859, 0.806134127187079 ], [ 122.033553664240344, 0.804769004010723 ], [ 122.036659038495941, 0.805838020912347 ], [ 122.039192005071754, 0.804902501171398 ], [ 122.043159160957316, 0.79782556075503 ], [ 122.046447477998072, 0.795937192236863 ], [ 122.047187556176368, 0.791784668094692 ], [ 122.050407103860266, 0.792197995600077 ], [ 122.051559201929535, 0.789025147910536 ], [ 122.050048599925162, 0.785532815170768 ], [ 122.049773862441043, 0.782205645619626 ], [ 122.051208184850339, 0.777733125612315 ], [ 122.050170739547866, 0.775600426587289 ], [ 122.048911676116404, 0.76863299301715 ], [ 122.050056019331805, 0.766116187258149 ], [ 122.050635900377756, 0.762354361880455 ], [ 122.053268018106564, 0.757310285851304 ], [ 122.048224978096414, 0.754957344659942 ], [ 122.043677874615355, 0.75132845796395 ], [ 122.043082827402714, 0.749985132554855 ], [ 122.043342289902171, 0.744861957555997 ], [ 122.042487892605436, 0.741614317749907 ], [ 122.038596923685077, 0.736076033688732 ], [ 122.039168922173303, 0.733589209527509 ], [ 122.042297000712892, 0.729452953221539 ], [ 122.042060447542895, 0.724614832729003 ], [ 122.042877004066554, 0.722241201735017 ], [ 122.042220894686807, 0.71741733909397 ], [ 122.043334553934073, 0.715030340577357 ], [ 122.045081823322334, 0.713581786396958 ], [ 122.045333505786857, 0.710510709585549 ], [ 122.043800112264194, 0.707026183860307 ], [ 122.039497123452634, 0.703019598999106 ], [ 122.032386542996392, 0.698997102433225 ], [ 122.032020275214222, 0.698033910553363 ], [ 122.035140793153573, 0.6906789492283 ], [ 122.034514943262138, 0.684647748561474 ], [ 122.036559843276109, 0.681829198677917 ], [ 122.037543880541307, 0.67869587079565 ], [ 122.035613798769418, 0.676041539812616 ], [ 122.034118253214388, 0.668510227732838 ], [ 122.0316921368875, 0.662123057420388 ], [ 122.03468279902097, 0.659263762852959 ], [ 122.038932464331424, 0.652843965137322 ], [ 122.04363233114907, 0.649030762391419 ], [ 122.044822479533536, 0.647229485117919 ], [ 122.045371658624617, 0.643213854875739 ], [ 122.044593630855388, 0.641115240155614 ], [ 122.043334675342521, 0.6399624819839 ], [ 122.037757482113761, 0.636688610752799 ], [ 122.032424669753823, 0.631574352531857 ], [ 122.032005072175366, 0.628875666986346 ], [ 122.030379944208448, 0.626196333951555 ], [ 122.027671455153381, 0.623455318217452 ], [ 122.026893437276726, 0.619781794571793 ], [ 122.027259650200222, 0.616503044518765 ], [ 122.029479542992704, 0.614511071404877 ], [ 122.030090020772604, 0.608287818720044 ], [ 122.031860138336469, 0.604195033842359 ], [ 122.030751548567537, 0.60231446784212 ], [ 122.03290907697442, 0.598790021212039 ], [ 122.035055319789194, 0.598759518007455 ], [ 122.035515590105888, 0.597031033657629 ], [ 122.036588908464751, 0.596691714959377 ], [ 122.038459439829808, 0.59479365174974 ], [ 122.039594395921995, 0.592015837556801 ], [ 122.03836855074826, 0.589361040724953 ], [ 122.03971791150741, 0.587339452936646 ], [ 122.039044390353865, 0.581536312242633 ], [ 122.041191012682589, 0.579237044388606 ], [ 122.040823967886126, 0.574359971561023 ], [ 122.03972023625488, 0.573557233120368 ], [ 122.039413792273422, 0.572353352987875 ], [ 122.040671209945572, 0.570964539870545 ], [ 122.040726893267674, 0.570462777533464 ], [ 122.072980186620384, 0.571340590477803 ], [ 122.096530375570865, 0.5711370469229 ], [ 122.097237350604473, 0.570080028775749 ], [ 122.103964267692504, 0.570098507145474 ], [ 122.127242665337917, 0.569801318986322 ] ] ] ] } },
{ "type": "Feature", "properties": { "KECAMATAN": "DENGILO", "ID": 20, "KEMISKINAN": "29.45", "STUNTING": "2.91" }, "geometry": { "type": "MultiPolygon", "coordinates": [ [ [ [ 122.103964267692504, 0.570098507145474 ], [ 122.097237350604473, 0.570080028775749 ], [ 122.096530375570865, 0.5711370469229 ], [ 122.072980186620384, 0.571340590477803 ], [ 122.040726893267674, 0.570462777533464 ], [ 122.040732799115403, 0.570408926130369 ], [ 122.03972104294678, 0.568695630430284 ], [ 122.041346482079121, 0.566319128800444 ], [ 122.042604388982454, 0.561905332722972 ], [ 122.041378467366371, 0.559605494698815 ], [ 122.04278909803611, 0.55710548827534 ], [ 122.041624109084751, 0.556549673086977 ], [ 122.040459308991103, 0.554820913544631 ], [ 122.040275135034108, 0.556333407722661 ], [ 122.039508455809482, 0.556765406951968 ], [ 122.038068020708351, 0.552567215237161 ], [ 122.035982955173949, 0.55293730244 ], [ 122.035063246413642, 0.551563570953135 ], [ 122.033438241653812, 0.551347226448513 ], [ 122.033837131443306, 0.548723559648693 ], [ 122.031813640689506, 0.548630649790539 ], [ 122.031292516848453, 0.546531574617518 ], [ 122.03037289532233, 0.546377112461698 ], [ 122.031139837148885, 0.544278246830743 ], [ 122.028748356411256, 0.543274707767409 ], [ 122.030557492859998, 0.542194639097318 ], [ 122.030273179395067, 0.541284550384717 ], [ 122.032432513640629, 0.538224132337973 ], [ 122.034383220463837, 0.5223425081968 ], [ 122.069207322964076, 0.523099825479051 ], [ 122.081669270592215, 0.522199746220565 ], [ 122.091335602847266, 0.522493570016024 ], [ 122.093446900705885, 0.534991579558209 ], [ 122.0971906739926, 0.535149171354703 ], [ 122.09809898564481, 0.535954662620099 ], [ 122.097243680032989, 0.537524259250347 ], [ 122.097947788028023, 0.538688953224039 ], [ 122.098550553222253, 0.543448782338032 ], [ 122.100311238696577, 0.543550321191049 ], [ 122.100160070757397, 0.544157912147284 ], [ 122.098651146887846, 0.544917210635958 ], [ 122.099405012572106, 0.547601001610019 ], [ 122.101165548759013, 0.548715255309048 ], [ 122.102824568575898, 0.552665086654997 ], [ 122.1039814546358, 0.553120963783499 ], [ 122.105591226679053, 0.552159166752119 ], [ 122.106244697447892, 0.553931507440041 ], [ 122.103865385436734, 0.5556097448694 ], [ 122.101265145975731, 0.560494816267123 ], [ 122.102218089181747, 0.565093112755505 ], [ 122.105028555059562, 0.566457827639681 ], [ 122.103964267692504, 0.570098507145474 ] ] ] ] } },
{ "type": "Feature", "properties": { "KECAMATAN": "DENGILO", "ID": 21, "KEMISKINAN": "29.45", "STUNTING": "2.91" }, "geometry": { "type": "MultiPolygon", "coordinates": [ [ [ [ 122.127242665337917, 0.569801318986322 ], [ 122.103964267692504, 0.570098507145474 ], [ 122.105028555059562, 0.566457827639681 ], [ 122.102218089181747, 0.565093112755505 ], [ 122.101265145975731, 0.560494816267123 ], [ 122.103865385436734, 0.5556097448694 ], [ 122.106244697447892, 0.553931507440041 ], [ 122.105591226679053, 0.552159166752119 ], [ 122.1039814546358, 0.553120963783499 ], [ 122.102824568575898, 0.552665086654997 ], [ 122.101165548759013, 0.548715255309048 ], [ 122.099405012572106, 0.547601001610019 ], [ 122.098651146887846, 0.544917210635958 ], [ 122.100160070757397, 0.544157912147284 ], [ 122.100311238696577, 0.543550321191049 ], [ 122.098550553222253, 0.543448782338032 ], [ 122.097947788028023, 0.538688953224039 ], [ 122.097243680032989, 0.537524259250347 ], [ 122.09809898564481, 0.535954662620099 ], [ 122.0971906739926, 0.535149171354703 ], [ 122.100713732968757, 0.535297470456669 ], [ 122.102367381135196, 0.539563980968069 ], [ 122.105987528219771, 0.544094789633391 ], [ 122.113435794205429, 0.544460394615214 ], [ 122.118736124852262, 0.542858440378325 ], [ 122.119686896195503, 0.535512015417964 ], [ 122.126619872242031, 0.535935997191359 ], [ 122.127440489204673, 0.54136252160464 ], [ 122.127242665337917, 0.569801318986322 ] ] ] ] } },
{ "type": "Feature", "properties": { "KECAMATAN": "DENGILO", "ID": 22, "KEMISKINAN": "29.45", "STUNTING": "2.91" }, "geometry": { "type": "MultiPolygon", "coordinates": [ [ [ [ 122.119686896195503, 0.535512015417964 ], [ 122.118736124852262, 0.542858440378325 ], [ 122.113435794205429, 0.544460394615214 ], [ 122.105987528219771, 0.544094789633391 ], [ 122.102367381135196, 0.539563980968069 ], [ 122.100713732968757, 0.535297470456669 ], [ 122.11073061915215, 0.533455104058987 ], [ 122.119686896195503, 0.535512015417964 ] ] ] ] } },
{ "type": "Feature", "properties": { "KECAMATAN": "DENGILO", "ID": 23, "KEMISKINAN": "29.45", "STUNTING": "2.91" }, "geometry": { "type": "MultiPolygon", "coordinates": [ [ [ [ 122.126619872242031, 0.535935997191359 ], [ 122.119686896195503, 0.535512015417964 ], [ 122.11073061915215, 0.533455104058987 ], [ 122.100713732968757, 0.535297470456669 ], [ 122.0971906739926, 0.535149171354703 ], [ 122.093446900705885, 0.534991579558209 ], [ 122.091335602847266, 0.522493570016024 ], [ 122.09203004852634, 0.522514660916272 ], [ 122.093088423750487, 0.522551565495064 ], [ 122.124661041842955, 0.522983402846421 ], [ 122.126619872242031, 0.535935997191359 ] ] ] ] } },
{ "type": "Feature", "properties": { "KECAMATAN": "BUNTULIA", "ID": 1, "KEMISKINAN": "26.41", "STUNTING": "3.71" }, "geometry": { "type": "MultiPolygon", "coordinates": [ [ [ [ 122.022189948889263, 0.886470027169196 ], [ 122.020294568357258, 0.887812989252211 ], [ 122.01692980174937, 0.888446508561856 ], [ 122.013435587627896, 0.891151367953057 ], [ 122.003059606654915, 0.890012587044339 ], [ 121.997711488733444, 0.891265963163335 ], [ 121.994949700459074, 0.893851620117573 ], [ 121.990280213638812, 0.896611659210578 ], [ 121.988212522106664, 0.900680389922002 ], [ 121.985801723032637, 0.90227425565655 ], [ 121.984199489106572, 0.90574345873307 ], [ 121.98202553548208, 0.90702855753733 ], [ 121.97798949962305, 0.905038952338373 ], [ 121.974807936603725, 0.904356855249944 ], [ 121.967415261309952, 0.90618652232132 ], [ 121.964989154875639, 0.907393864843584 ], [ 121.957854815230689, 0.907489825202106 ], [ 121.940224092480207, 0.895004238894387 ], [ 121.927694058080533, 0.890444085351305 ], [ 121.923978728551106, 0.886845780100884 ], [ 121.920692765935314, 0.880369808932642 ], [ 121.920693138254705, 0.879074793304312 ], [ 121.922600583191638, 0.87863790356181 ], [ 121.922387784713806, 0.876458398422471 ], [ 121.923242086682308, 0.875292176500636 ], [ 121.925163315528039, 0.874770907868708 ], [ 121.927236557675769, 0.87590730467474 ], [ 121.929371315248886, 0.875017695323379 ], [ 121.93214642248256, 0.874834326259588 ], [ 121.933244509069482, 0.873545414329897 ], [ 121.933702732529127, 0.870813526714358 ], [ 121.935090518620655, 0.869893025651265 ], [ 121.935548342781431, 0.868573257083426 ], [ 121.9382627259929, 0.86762238681473 ], [ 121.93747034234616, 0.86528928376805 ], [ 121.935732619261103, 0.864337155347812 ], [ 121.936738963309949, 0.863723530840105 ], [ 121.93823317606973, 0.863816034204717 ], [ 121.938568874097541, 0.86338638580321 ], [ 121.937959360390778, 0.86185140857441 ], [ 121.933659474240244, 0.861819458360685 ], [ 121.93254688968284, 0.860744824293647 ], [ 121.936115401293819, 0.858167302606489 ], [ 121.937670615966113, 0.858014242493709 ], [ 121.938007148564793, 0.854545652754837 ], [ 121.937305732240588, 0.854299880634755 ], [ 121.935445305657822, 0.855343082497541 ], [ 121.934744557529939, 0.852672279532214 ], [ 121.933951918475714, 0.852272986846458 ], [ 121.932365894829218, 0.853162769766982 ], [ 121.931054867671492, 0.852763332290408 ], [ 121.92982050951548, 0.850307290123624 ], [ 121.93049155933204, 0.849662829662179 ], [ 121.934303342048452, 0.84978671396965 ], [ 121.935249270542613, 0.847239121719667 ], [ 121.938481947428727, 0.846564694049562 ], [ 121.940678162870768, 0.843679849743296 ], [ 121.942447092430257, 0.843465497236934 ], [ 121.943956869756335, 0.842053854829885 ], [ 121.943926706495517, 0.840396213673614 ], [ 121.942829228749588, 0.839505757160907 ], [ 121.941060524020713, 0.839935017954645 ], [ 121.941579317718379, 0.838431022369775 ], [ 121.941243971325548, 0.837571444978209 ], [ 121.939444311932334, 0.839289927068421 ], [ 121.938163594624939, 0.839995639453946 ], [ 121.937187805042186, 0.839811136345077 ], [ 121.936731487245879, 0.83560559627 ], [ 121.935115370485619, 0.835666567605585 ], [ 121.934322600130372, 0.834714783625714 ], [ 121.935009163251948, 0.832750424194728 ], [ 121.934979706858257, 0.829496570972765 ], [ 121.936108517882985, 0.827655082313356 ], [ 121.934553905756275, 0.825598032458799 ], [ 121.936505761013791, 0.823848846615192 ], [ 121.935896190649828, 0.823541693068591 ], [ 121.933120793834519, 0.82495299733057 ], [ 121.931733863897534, 0.822773171133235 ], [ 121.92837958248515, 0.82255743007363 ], [ 121.927858541381738, 0.817764269387283 ], [ 121.926444361987251, 0.815633839351733 ], [ 121.928642545145863, 0.813634551152461 ], [ 121.929012331975173, 0.811676396144208 ], [ 121.926890985092086, 0.808762196168232 ], [ 121.928289087306666, 0.806889471356783 ], [ 121.927979078412704, 0.80470414580526 ], [ 121.929635455122138, 0.804184313390635 ], [ 121.930464183969434, 0.801843177599551 ], [ 121.931810181264268, 0.800542785824177 ], [ 121.93486436970727, 0.799242839213207 ], [ 121.934414849886139, 0.795720261374242 ], [ 121.935036503541028, 0.79379530933528 ], [ 121.938401094781057, 0.79317188311677 ], [ 121.939488149384601, 0.791975441276804 ], [ 121.940421063789699, 0.787345039891306 ], [ 121.9421292153678, 0.787501515629174 ], [ 121.943061029002706, 0.78609697696686 ], [ 121.944769469263065, 0.785108810914267 ], [ 121.949454674433696, 0.784712408649511 ], [ 121.949403911302397, 0.781070273141381 ], [ 121.951215727730755, 0.779926085508578 ], [ 121.952251246685478, 0.778157330417628 ], [ 121.9554087627331, 0.77800200850993 ], [ 121.957684760629604, 0.783725874866434 ], [ 121.958098694277965, 0.783673965099581 ], [ 121.958617492472285, 0.779719811611983 ], [ 121.962758201321549, 0.779356606021338 ], [ 121.963637677112388, 0.780657582356014 ], [ 121.964517778831237, 0.780553773614145 ], [ 121.964725425992583, 0.777744182776701 ], [ 121.96550228554247, 0.776079379419741 ], [ 121.964415868558262, 0.773529606313843 ], [ 121.965268922267796, 0.771466664101297 ], [ 121.964027212154065, 0.768916855022496 ], [ 121.965580456411885, 0.767512447661204 ], [ 121.967082320603595, 0.763714559470088 ], [ 121.967703706260409, 0.762778184473859 ], [ 121.969049420268789, 0.762570384427818 ], [ 121.969773711748076, 0.763455070890416 ], [ 121.969928581296813, 0.765224132650189 ], [ 121.97106717424731, 0.765692671333568 ], [ 121.973500001315188, 0.765172981011801 ], [ 121.974225044627701, 0.764080517885532 ], [ 121.974277158540644, 0.762207405466256 ], [ 121.973035349501629, 0.760021831701863 ], [ 121.974607659386493, 0.757524707605455 ], [ 121.975098923038217, 0.751015564944169 ], [ 121.974276054173174, 0.748958643692674 ], [ 121.975023991526655, 0.745981253753655 ], [ 121.973348056361715, 0.740056402413416 ], [ 121.971168348874926, 0.737753659579141 ], [ 121.974249467516074, 0.732689341609728 ], [ 121.974249662668967, 0.731829845157222 ], [ 121.971520963150056, 0.729526981813706 ], [ 121.971612839687168, 0.726825690932287 ], [ 121.972558806852135, 0.724738511091743 ], [ 121.972009964107542, 0.72409372867304 ], [ 121.970881637817342, 0.724185624995243 ], [ 121.970833580746103, 0.724242042164121 ], [ 121.970833536679265, 0.72424197921157 ], [ 121.97022921475866, 0.723365839006249 ], [ 121.970726362674441, 0.717873084022131 ], [ 121.968496685258401, 0.706637170425324 ], [ 121.970483298413001, 0.695651877193711 ], [ 121.978918400353905, 0.684667885281044 ], [ 121.980159355037017, 0.680423664466161 ], [ 121.98388034040272, 0.67792772477685 ], [ 121.983187423571053, 0.677329561413501 ], [ 121.983600195295367, 0.672015271490181 ], [ 121.981140026139769, 0.66924629763281 ], [ 121.976219614084357, 0.665456893645739 ], [ 121.97347057819627, 0.660939405738304 ], [ 121.97130052762941, 0.65525640277616 ], [ 121.960740107399374, 0.645997665747927 ], [ 121.959578525979168, 0.641260536421328 ], [ 121.958457156844247, 0.639014687396525 ], [ 121.95309377472995, 0.636145016451508 ], [ 121.951842475145554, 0.634897291672132 ], [ 121.950720927944872, 0.632152446624843 ], [ 121.9479742905487, 0.631154237843134 ], [ 121.947226707528102, 0.630156083920099 ], [ 121.947478346825164, 0.627161703089996 ], [ 121.949027204190088, 0.623239827169357 ], [ 121.949400915660704, 0.617749966203576 ], [ 121.94877552802086, 0.616502302578056 ], [ 121.945036877272514, 0.613757372095165 ], [ 121.943663622426357, 0.608641865615198 ], [ 121.939795674351217, 0.605148383541859 ], [ 121.935050017653111, 0.596913642455149 ], [ 121.934805941654304, 0.594293512688921 ], [ 121.935912265131719, 0.590070324318276 ], [ 121.935667993980132, 0.58844865334521 ], [ 121.934790748508021, 0.587076430920717 ], [ 121.930174822609956, 0.584706308181978 ], [ 121.9296791639714, 0.583458857695859 ], [ 121.934790820453713, 0.577720566213998 ], [ 121.938284996803645, 0.570734873708716 ], [ 121.93723211913516, 0.559221148745166 ], [ 121.936404968598026, 0.557173622710934 ], [ 121.939017354302337, 0.540679429866088 ], [ 121.940202997982738, 0.538442264694822 ], [ 121.940351977871387, 0.534265876143309 ], [ 121.937758468936522, 0.527988593989619 ], [ 121.941986497458288, 0.524420033815318 ], [ 121.944488645167553, 0.523077233610309 ], [ 121.951394643351932, 0.521340443122256 ], [ 121.951761549652701, 0.521938268340534 ], [ 121.952908353413363, 0.521847190401388 ], [ 121.955308800391549, 0.52083711326685 ], [ 121.953879727324988, 0.523025425466869 ], [ 121.953817640830039, 0.524895490983056 ], [ 121.952640618949999, 0.527700404446705 ], [ 121.95301193013006, 0.528822497535884 ], [ 121.954126365492129, 0.529196709029577 ], [ 121.956417762479759, 0.528823074900629 ], [ 121.956476031352736, 0.529646605666585 ], [ 121.955612382730351, 0.530755346521573 ], [ 121.956788760695872, 0.531815246995848 ], [ 121.958088879976685, 0.531753137118528 ], [ 121.960194691970969, 0.529571723617778 ], [ 121.962795432354255, 0.529821522901955 ], [ 121.967811318235135, 0.52857563184017 ], [ 121.973569782409413, 0.529947992760299 ], [ 121.977514163863816, 0.533682078549987 ], [ 121.981101535156995, 0.533003602132112 ], [ 121.983309418402996, 0.531738430505357 ], [ 121.984045816555522, 0.529207474813575 ], [ 121.987418976535878, 0.52655348737153 ], [ 121.989166682994664, 0.526646387337166 ], [ 121.991190156661332, 0.528375260194082 ], [ 121.99369829925115, 0.528371429981576 ], [ 121.995207095417072, 0.526400445245201 ], [ 121.996256219315455, 0.52615266583831 ], [ 121.998426456941274, 0.526771354428377 ], [ 122.000787560379308, 0.526154423113553 ], [ 122.003454664433207, 0.527790787209938 ], [ 122.004957477409562, 0.526371136340288 ], [ 122.007716714307321, 0.527853204655401 ], [ 122.009495109231125, 0.5275139489097 ], [ 122.01087518633426, 0.526248620800914 ], [ 122.011794649579656, 0.527359970589089 ], [ 122.013082671180541, 0.527576254839175 ], [ 122.01504508267999, 0.526681441111236 ], [ 122.015826165446242, 0.523856998869746 ], [ 122.018393552673388, 0.522187716889107 ], [ 122.020166249492831, 0.522391706507733 ], [ 122.020199137699478, 0.523985287157188 ], [ 122.021250678975434, 0.524487115144836 ], [ 122.023600052556276, 0.523534334716146 ], [ 122.025010519549369, 0.523688902991921 ], [ 122.025470390567079, 0.52427544531605 ], [ 122.025010190397552, 0.525818738575651 ], [ 122.026481649410698, 0.527424031995224 ], [ 122.026665637208112, 0.528843964352689 ], [ 122.02418153889198, 0.531158601620177 ], [ 122.023567693150994, 0.53473908770394 ], [ 122.021758583681958, 0.535695692949218 ], [ 122.021666356409241, 0.53646734272661 ], [ 122.025498770472382, 0.538489772280343 ], [ 122.027553128656109, 0.53867529791836 ], [ 122.028073993492399, 0.540650870995705 ], [ 122.030273179395067, 0.541284550384717 ], [ 122.030557492859998, 0.542194639097318 ], [ 122.028748356411256, 0.543274707767409 ], [ 122.031139837148885, 0.544278246830743 ], [ 122.03037289532233, 0.546377112461698 ], [ 122.031292516848453, 0.546531574617518 ], [ 122.031813640689506, 0.548630649790539 ], [ 122.033837131443306, 0.548723559648693 ], [ 122.033438241653812, 0.551347226448513 ], [ 122.035063246413642, 0.551563570953135 ], [ 122.035982955173949, 0.55293730244 ], [ 122.038068020708351, 0.552567215237161 ], [ 122.039508455809482, 0.556765406951968 ], [ 122.040275135034108, 0.556333407722661 ], [ 122.040459308991103, 0.554820913544631 ], [ 122.041624109084751, 0.556549673086977 ], [ 122.04278909803611, 0.55710548827534 ], [ 122.041378467366371, 0.559605494698815 ], [ 122.042604388982454, 0.561905332722972 ], [ 122.041346482079121, 0.566319128800444 ], [ 122.03972104294678, 0.568695630430284 ], [ 122.040732799115403, 0.570408926130369 ], [ 122.040671209945572, 0.570964539870545 ], [ 122.039413792273422, 0.572353352987875 ], [ 122.03972023625488, 0.573557233120368 ], [ 122.040823967886126, 0.574359971561023 ], [ 122.041191012682589, 0.579237044388606 ], [ 122.039044390353865, 0.581536312242633 ], [ 122.03971791150741, 0.587339452936646 ], [ 122.03836855074826, 0.589361040724953 ], [ 122.039594395921995, 0.592015837556801 ], [ 122.038459439829808, 0.59479365174974 ], [ 122.036588908464751, 0.596691714959377 ], [ 122.035515590105888, 0.597031033657629 ], [ 122.035055319789194, 0.598759518007455 ], [ 122.03290907697442, 0.598790021212039 ], [ 122.030751548567537, 0.60231446784212 ], [ 122.031860138336469, 0.604195033842359 ], [ 122.030090020772604, 0.608287818720044 ], [ 122.029479542992704, 0.614511071404877 ], [ 122.027259650200222, 0.616503044518765 ], [ 122.026893437276726, 0.619781794571793 ], [ 122.027671455153381, 0.623455318217452 ], [ 122.030379944208448, 0.626196333951555 ], [ 122.032005072175366, 0.628875666986346 ], [ 122.032424669753823, 0.631574352531857 ], [ 122.037757482113761, 0.636688610752799 ], [ 122.043334675342521, 0.6399624819839 ], [ 122.044593630855388, 0.641115240155614 ], [ 122.045371658624617, 0.643213854875739 ], [ 122.044822479533536, 0.647229485117919 ], [ 122.04363233114907, 0.649030762391419 ], [ 122.038932464331424, 0.652843965137322 ], [ 122.03468279902097, 0.659263762852959 ], [ 122.0316921368875, 0.662123057420388 ], [ 122.034118253214388, 0.668510227732838 ], [ 122.035613798769418, 0.676041539812616 ], [ 122.037543880541307, 0.67869587079565 ], [ 122.036559843276109, 0.681829198677917 ], [ 122.034514943262138, 0.684647748561474 ], [ 122.035140793153573, 0.6906789492283 ], [ 122.032020275214222, 0.698033910553363 ], [ 122.032386542996392, 0.698997102433225 ], [ 122.039497123452634, 0.703019598999106 ], [ 122.043800112264194, 0.707026183860307 ], [ 122.045333505786857, 0.710510709585549 ], [ 122.045081823322334, 0.713581786396958 ], [ 122.043334553934073, 0.715030340577357 ], [ 122.042220894686807, 0.71741733909397 ], [ 122.042877004066554, 0.722241201735017 ], [ 122.042060447542895, 0.724614832729003 ], [ 122.042297000712892, 0.729452953221539 ], [ 122.039168922173303, 0.733589209527509 ], [ 122.038596923685077, 0.736076033688732 ], [ 122.042487892605436, 0.741614317749907 ], [ 122.043342289902171, 0.744861957555997 ], [ 122.043082827402714, 0.749985132554855 ], [ 122.043677874615355, 0.75132845796395 ], [ 122.048224978096414, 0.754957344659942 ], [ 122.053268018106564, 0.757310285851304 ], [ 122.050635900377756, 0.762354361880455 ], [ 122.050056019331805, 0.766116187258149 ], [ 122.048911676116404, 0.76863299301715 ], [ 122.050170739547866, 0.775600426587289 ], [ 122.051208184850339, 0.777733125612315 ], [ 122.049773862441043, 0.782205645619626 ], [ 122.050048599925162, 0.785532815170768 ], [ 122.051559201929535, 0.789025147910536 ], [ 122.050407103860266, 0.792197995600077 ], [ 122.047187556176368, 0.791784668094692 ], [ 122.046447477998072, 0.795937192236863 ], [ 122.043159160957316, 0.79782556075503 ], [ 122.039192005071754, 0.804902501171398 ], [ 122.036659038495941, 0.805838020912347 ], [ 122.033553664240344, 0.804769004010723 ], [ 122.032180397702859, 0.806134127187079 ], [ 122.032305071615156, 0.821500690716334 ], [ 122.036704688981445, 0.825254864662213 ], [ 122.037780377953254, 0.829378835329976 ], [ 122.036231777794455, 0.833390643453527 ], [ 122.03609437307955, 0.839478712748814 ], [ 122.032577071562969, 0.843875464875168 ], [ 122.033920863720141, 0.844849164433583 ], [ 122.035162268963632, 0.84422466442453 ], [ 122.036396175660002, 0.844402429812817 ], [ 122.037100849328567, 0.846354564759395 ], [ 122.034807263391144, 0.853451992630937 ], [ 122.034806554725378, 0.856291164867912 ], [ 122.033396033772988, 0.858242763818623 ], [ 122.031456745641549, 0.858952097773965 ], [ 122.029516874749447, 0.861968226908743 ], [ 122.029868277637775, 0.866049683026858 ], [ 122.028990047408001, 0.869680006839474 ], [ 122.02604990558882, 0.871400029468305 ], [ 122.02459995386198, 0.873740015026499 ], [ 122.024219982210752, 0.875959995053108 ], [ 122.024839912764492, 0.880820035620843 ], [ 122.022189948889263, 0.886470027169196 ] ] ] ] } },
{ "type": "Feature", "properties": { "KECAMATAN": "BUNTULIA", "ID": 2, "KEMISKINAN": "26.41", "STUNTING": "3.71" }, "geometry": { "type": "MultiPolygon", "coordinates": [ [ [ [ 122.018393552673388, 0.522187716889107 ], [ 122.015826165446242, 0.523856998869746 ], [ 122.01504508267999, 0.526681441111236 ], [ 122.013082671180541, 0.527576254839175 ], [ 122.011794649579656, 0.527359970589089 ], [ 122.01087518633426, 0.526248620800914 ], [ 122.009495109231125, 0.5275139489097 ], [ 122.007716714307321, 0.527853204655401 ], [ 122.004957477409562, 0.526371136340288 ], [ 122.003454664433207, 0.527790787209938 ], [ 122.000787560379308, 0.526154423113553 ], [ 121.998426456941274, 0.526771354428377 ], [ 121.996256219315455, 0.52615266583831 ], [ 121.995207095417072, 0.526400445245201 ], [ 121.99369829925115, 0.528371429981576 ], [ 121.991190156661332, 0.528375260194082 ], [ 121.989166682994664, 0.526646387337166 ], [ 121.987418976535878, 0.52655348737153 ], [ 121.984045816555522, 0.529207474813575 ], [ 121.983309418402996, 0.531738430505357 ], [ 121.981101535156995, 0.533003602132112 ], [ 121.977514163863816, 0.533682078549987 ], [ 121.973569782409413, 0.529947992760299 ], [ 121.967811318235135, 0.52857563184017 ], [ 121.962795432354255, 0.529821522901955 ], [ 121.960194691970969, 0.529571723617778 ], [ 121.958088879976685, 0.531753137118528 ], [ 121.956788760695872, 0.531815246995848 ], [ 121.955612382730351, 0.530755346521573 ], [ 121.956476031352736, 0.529646605666585 ], [ 121.956417762479759, 0.528823074900629 ], [ 121.954126365492129, 0.529196709029577 ], [ 121.95301193013006, 0.528822497535884 ], [ 121.952640618949999, 0.527700404446705 ], [ 121.953817640830039, 0.524895490983056 ], [ 121.953879727324988, 0.523025425466869 ], [ 121.955308800391549, 0.52083711326685 ], [ 121.952908353413363, 0.521847190401388 ], [ 121.951761549652701, 0.521938268340534 ], [ 121.951394643351932, 0.521340443122256 ], [ 121.95134257260645, 0.520380945657337 ], [ 121.953302881490913, 0.520118133183416 ], [ 121.953302984912966, 0.519493197003214 ], [ 121.952094259233377, 0.518769402848989 ], [ 121.951800488497952, 0.517387964172315 ], [ 121.949676821364051, 0.517256022838751 ], [ 121.947749661489524, 0.514032438997617 ], [ 121.944874590115774, 0.513834615130804 ], [ 121.943796234654201, 0.51436067984713 ], [ 121.943665120696892, 0.517649710050307 ], [ 121.942129140723978, 0.519392668088813 ], [ 121.940299311774766, 0.52024750065732 ], [ 121.93873142835298, 0.517977813303503 ], [ 121.93732641125132, 0.519062959545749 ], [ 121.93523549113047, 0.519621745194797 ], [ 121.933826091632568, 0.518374997079093 ], [ 121.932549437462171, 0.512504739982035 ], [ 121.940641229513631, 0.510630442256343 ], [ 121.942078768797842, 0.509826844963186 ], [ 121.942824270787241, 0.508219261869669 ], [ 121.971038723295578, 0.503186341930359 ], [ 122.000950298995804, 0.499821522262437 ], [ 122.015218167996409, 0.500278922842483 ], [ 122.016322784560657, 0.502626906071498 ], [ 122.016079222074723, 0.505197866305139 ], [ 122.014619304960547, 0.508992882960968 ], [ 122.016685940688603, 0.513278161423841 ], [ 122.015834199089909, 0.51731811203166 ], [ 122.016928552591025, 0.518787439651589 ], [ 122.016441822421712, 0.519399485849135 ], [ 122.018393552673388, 0.522187716889107 ] ] ] ] } },
{ "type": "Feature", "properties": { "KECAMATAN": "BUNTULIA", "ID": 3, "KEMISKINAN": "26.41", "STUNTING": "3.71" }, "geometry": { "type": "MultiPolygon", "coordinates": [ [ [ [ 121.933826091632568, 0.518374997079093 ], [ 121.93523549113047, 0.519621745194797 ], [ 121.93732641125132, 0.519062959545749 ], [ 121.93873142835298, 0.517977813303503 ], [ 121.940299311774766, 0.52024750065732 ], [ 121.942129140723978, 0.519392668088813 ], [ 121.943665120696892, 0.517649710050307 ], [ 121.943796234654201, 0.51436067984713 ], [ 121.944874590115774, 0.513834615130804 ], [ 121.947749661489524, 0.514032438997617 ], [ 121.949676821364051, 0.517256022838751 ], [ 121.951800488497952, 0.517387964172315 ], [ 121.952094259233377, 0.518769402848989 ], [ 121.953302984912966, 0.519493197003214 ], [ 121.953302881490913, 0.520118133183416 ], [ 121.95134257260645, 0.520380945657337 ], [ 121.951394643351932, 0.521340443122256 ], [ 121.944488645167553, 0.523077233610309 ], [ 121.941986497458288, 0.524420033815318 ], [ 121.937758468936522, 0.527988593989619 ], [ 121.935760414607103, 0.523973220953565 ], [ 121.933834542561726, 0.523227113720395 ], [ 121.93161202374904, 0.523226732407863 ], [ 121.928486222292804, 0.521309846388192 ], [ 121.93075451030154, 0.51963048750423 ], [ 121.933826091632568, 0.518374997079093 ] ] ] ] } },
{ "type": "Feature", "properties": { "KECAMATAN": "BUNTULIA", "ID": 4, "KEMISKINAN": "26.41", "STUNTING": "3.71" }, "geometry": { "type": "MultiPolygon", "coordinates": [ [ [ [ 121.938461661485491, 0.496616048114182 ], [ 121.934848938402041, 0.498436431370228 ], [ 121.934974775729899, 0.499933026069508 ], [ 121.928828187337402, 0.50470218552717 ], [ 121.924463982641285, 0.51183307783794 ], [ 121.924463777828237, 0.513061031845394 ], [ 121.927746860204948, 0.519768133759966 ], [ 121.930890120666987, 0.51972146287965 ], [ 121.928486222039723, 0.521309846803772 ], [ 121.924469850211452, 0.520364801105897 ], [ 121.917829009375453, 0.510297792363099 ], [ 121.915274435842036, 0.507947709907439 ], [ 121.913579043807459, 0.507740552143341 ], [ 121.916251003369595, 0.504817187061155 ], [ 121.926914215560075, 0.494677666915075 ], [ 121.926711064725339, 0.493768434064199 ], [ 121.92885608809155, 0.491902962177369 ], [ 121.937037120606817, 0.491771808770478 ], [ 121.937642980400526, 0.494259484561708 ], [ 121.937115983664938, 0.495643857242998 ], [ 121.938139949583572, 0.496292065282775 ], [ 121.938461661485491, 0.496616048114182 ] ] ] ] } },
{ "type": "Feature", "properties": { "KECAMATAN": "BUNTULIA", "ID": 5, "KEMISKINAN": "26.41", "STUNTING": "3.71" }, "geometry": { "type": "MultiPolygon", "coordinates": [ [ [ [ 121.930045472103416, 0.519768526230052 ], [ 121.927746860205048, 0.519768133759953 ], [ 121.924276299887879, 0.512494265721045 ], [ 121.928828187337444, 0.504702185527151 ], [ 121.934974775729984, 0.499933026069584 ], [ 121.93484893840207, 0.498436431370237 ], [ 121.938461661485462, 0.496616048114163 ], [ 121.939211578671575, 0.497396914801925 ], [ 121.946094787207358, 0.495615055026121 ], [ 121.948838939550569, 0.494418377688078 ], [ 121.950197416139531, 0.492804311330758 ], [ 121.955401636347915, 0.491692325738939 ], [ 121.958435449474337, 0.493130202118664 ], [ 121.960773020693409, 0.499076563867106 ], [ 121.962618273099793, 0.500130906479797 ], [ 121.974366122377091, 0.500186333574334 ], [ 121.978430375797302, 0.498793520730999 ], [ 121.98083516408974, 0.491415861465271 ], [ 121.973908350659485, 0.485943646711007 ], [ 121.981319022009529, 0.485575626729258 ], [ 121.987556971589356, 0.485945967355178 ], [ 121.990859769927624, 0.484007109881986 ], [ 121.992052540288, 0.482622064637269 ], [ 121.992603197034327, 0.480682790689968 ], [ 121.996936074478867, 0.47648400009939 ], [ 121.997631450632866, 0.477308915054778 ], [ 121.99673901577853, 0.479554184168876 ], [ 121.998204542411486, 0.481350721149397 ], [ 121.998012506038776, 0.48686795863739 ], [ 122.002600067182016, 0.492000970384083 ], [ 122.009482752436952, 0.49071892704967 ], [ 122.015218168385331, 0.500278922969187 ], [ 122.000950298822545, 0.499821522596278 ], [ 121.97103872286084, 0.503186342015283 ], [ 121.942824270773144, 0.50821926204236 ], [ 121.942078769096156, 0.509826845288785 ], [ 121.940641229355265, 0.510630442356614 ], [ 121.932549437235025, 0.512504740219299 ], [ 121.933826091969081, 0.518374996835576 ], [ 121.930045472103416, 0.519768526230052 ] ] ] ] } },
{ "type": "Feature", "properties": { "KECAMATAN": "BUNTULIA", "ID": 6, "KEMISKINAN": "26.41", "STUNTING": "3.71" }, "geometry": { "type": "MultiPolygon", "coordinates": [ [ [ [ 121.937037120606817, 0.491771808770478 ], [ 121.92885608809155, 0.491902962177369 ], [ 121.926711064725339, 0.493768434064199 ], [ 121.926707416942193, 0.493752391471523 ], [ 121.924697347525864, 0.4910455618064 ], [ 121.924361119880047, 0.488240244267066 ], [ 121.924343993273865, 0.48822790967221 ], [ 121.926389668848941, 0.484199471126976 ], [ 121.931905057717302, 0.482497985176797 ], [ 121.939834719082086, 0.480977569372163 ], [ 121.939965560126396, 0.481045609622752 ], [ 121.939663488401166, 0.484244576946145 ], [ 121.938171161551693, 0.48533424784508 ], [ 121.935742505072739, 0.485598946026053 ], [ 121.935098346410342, 0.487454632809934 ], [ 121.935273599024526, 0.489015827312143 ], [ 121.936941330696229, 0.490312213624664 ], [ 121.937037120606817, 0.491771808770478 ] ] ] ] } },
{ "type": "Feature", "properties": { "KECAMATAN": "BUNTULIA", "ID": 7, "KEMISKINAN": "26.41", "STUNTING": "3.71" }, "geometry": { "type": "MultiPolygon", "coordinates": [ [ [ [ 121.939834719082086, 0.480977569372163 ], [ 121.931905057717302, 0.482497985176797 ], [ 121.926389668848941, 0.484199471126976 ], [ 121.924343993273865, 0.48822790967221 ], [ 121.924140158549037, 0.488081378873693 ], [ 121.922143139948417, 0.486295945450008 ], [ 121.926019428278025, 0.47978729762824 ], [ 121.93080889384359, 0.47846119386473 ], [ 121.937662490951737, 0.475380745756757 ], [ 121.937165847836482, 0.476643252378315 ], [ 121.936160219130315, 0.477263612461263 ], [ 121.936387192859897, 0.478504680688294 ], [ 121.939546990890065, 0.480400469281692 ], [ 121.939834714704077, 0.480977506427314 ], [ 121.939834719082086, 0.480977569372163 ] ] ] ] } },
{ "type": "Feature", "properties": { "KECAMATAN": "WANGGARASI", "ID": 162, "KEMISKINAN": "33.67", "STUNTING": "6.89" }, "geometry": { "type": "MultiPolygon", "coordinates": [ [ [ [ 121.756455132461554, 0.639556192087385 ], [ 121.761535922457028, 0.643266445321542 ], [ 121.76192497715661, 0.644913398455857 ], [ 121.760911792342952, 0.647657865542426 ], [ 121.760054657197159, 0.648363460417043 ], [ 121.757250305911924, 0.647735401535163 ], [ 121.754524556495966, 0.643735216558214 ], [ 121.753044530385324, 0.643734852413056 ], [ 121.750394357097306, 0.649929481809961 ], [ 121.74883586711384, 0.651575943197811 ], [ 121.747666854995259, 0.654241984575341 ], [ 121.747199189802473, 0.654869231265041 ], [ 121.744083049981441, 0.655887929526076 ], [ 121.74174486343955, 0.659573077654505 ], [ 121.741432305126807, 0.664199851864931 ], [ 121.737637098749289, 0.666801955776029 ], [ 121.735390394967169, 0.67171306754795 ], [ 121.733058894117804, 0.672234035359773 ], [ 121.730380045309857, 0.678231626677759 ], [ 121.72701159479081, 0.680925596564927 ], [ 121.726855663440944, 0.682357288059796 ], [ 121.728518708295923, 0.684683794918071 ], [ 121.727957518558924, 0.685362589619674 ], [ 121.713826680789154, 0.671665639350314 ], [ 121.710513635937801, 0.669821418671743 ], [ 121.710426839303395, 0.667802524525749 ], [ 121.713740569218743, 0.66701337380187 ], [ 121.724554869526614, 0.659730635280651 ], [ 121.72516574091884, 0.657975276311893 ], [ 121.72473116981547, 0.652093976414667 ], [ 121.721680016522697, 0.649372125499701 ], [ 121.722028969854534, 0.648494421751087 ], [ 121.726563852057879, 0.645335527594169 ], [ 121.72752429133142, 0.64015690931881 ], [ 121.730211085388788, 0.639117397234044 ], [ 121.730202226260516, 0.638604370178717 ], [ 121.739668556264832, 0.635266671349219 ], [ 121.740452187915238, 0.635425011674515 ], [ 121.744416396672236, 0.636226617316558 ], [ 121.751266049919934, 0.639015395277207 ], [ 121.756455132461554, 0.639556192087385 ] ] ] ] } },
{ "type": "Feature", "properties": { "KECAMATAN": "POPAYATO TIMUR", "ID": 122, "KEMISKINAN": "29.05", "STUNTING": "4.73" }, "geometry": { "type": "MultiPolygon", "coordinates": [ [ [ [ 121.42603241168581, 0.592377288037502 ], [ 121.425389932911173, 0.592860032537166 ], [ 121.426010233690278, 0.592374490813716 ], [ 121.42603241168581, 0.592377288037502 ] ] ] ] } },
{ "type": "Feature", "properties": { "KECAMATAN": "POPAYATO BARAT", "ID": 116, "KEMISKINAN": "49.38", "STUNTING": "2.06" }, "geometry": { "type": "MultiPolygon", "coordinates": [ [ [ [ 121.42603241168581, 0.592377288037502 ], [ 121.425389932911173, 0.592860032537166 ], [ 121.426010233690278, 0.592374490813716 ], [ 121.42603241168581, 0.592377288037502 ] ] ] ] } },
{ "type": "Feature", "properties": { "KECAMATAN": "POPAYATO BARAT", "ID": 117, "KEMISKINAN": "49.38", "STUNTING": "2.06" }, "geometry": { "type": "MultiPolygon", "coordinates": [ [ [ [ 121.433161400514493, 0.547562276470535 ], [ 121.425264444843691, 0.555926157737927 ], [ 121.425264467022387, 0.555925989360437 ], [ 121.433161400514493, 0.547562276470535 ] ] ] ] } },
{ "type": "Feature", "properties": { "KECAMATAN": "POPAYATO", "ID": 104, "KEMISKINAN": "49.63", "STUNTING": "5.48" }, "geometry": { "type": "MultiPolygon", "coordinates": [ [ [ [ 121.433161400514493, 0.547562276470535 ], [ 121.425264444843691, 0.555926157737927 ], [ 121.425264467022387, 0.555925989360437 ], [ 121.433161400514493, 0.547562276470535 ] ] ] ] } },
{ "type": "Feature", "properties": { "KECAMATAN": "POPAYATO BARAT", "ID": 118, "KEMISKINAN": "49.38", "STUNTING": "2.06" }, "geometry": { "type": "MultiPolygon", "coordinates": [ [ [ [ 121.425264444843691, 0.555926157737927 ], [ 121.42443124873185, 0.556808452391619 ], [ 121.425264467022387, 0.555925989360437 ], [ 121.425264444843691, 0.555926157737927 ] ] ] ] } },
{ "type": "Feature", "properties": { "KECAMATAN": "POPAYATO", "ID": 105, "KEMISKINAN": "49.63", "STUNTING": "5.48" }, "geometry": { "type": "MultiPolygon", "coordinates": [ [ [ [ 121.425264444843691, 0.555926157737927 ], [ 121.42443124873185, 0.556808452391619 ], [ 121.425264467022387, 0.555925989360437 ], [ 121.425264444843691, 0.555926157737927 ] ] ] ] } },
{ "type": "Feature", "properties": { "KECAMATAN": "WANGGARASI", "ID": 163, "KEMISKINAN": "33.67", "STUNTING": "6.89" }, "geometry": { "type": "MultiPolygon", "coordinates": [ [ [ [ 121.73470302557314, 0.534809127802873 ], [ 121.734161803683264, 0.53511654485078 ], [ 121.734702927547005, 0.534809124205594 ], [ 121.73470302557314, 0.534809127802873 ] ] ] ] } },
{ "type": "Feature", "properties": { "KECAMATAN": "RANDANGAN", "ID": 141, "KEMISKINAN": "31.07", "STUNTING": "5.84" }, "geometry": { "type": "MultiPolygon", "coordinates": [ [ [ [ 121.73470302557314, 0.534809127802873 ], [ 121.734161803683264, 0.53511654485078 ], [ 121.734702927547005, 0.534809124205594 ], [ 121.73470302557314, 0.534809127802873 ] ] ] ] } },
{ "type": "Feature", "properties": { "KECAMATAN": "WANGGARASI", "ID": 164, "KEMISKINAN": "33.67", "STUNTING": "6.89" }, "geometry": { "type": "MultiPolygon", "coordinates": [ [ [ [ 121.73470302557314, 0.534809127802873 ], [ 121.734702927547005, 0.534809124205594 ], [ 121.73497812368521, 0.534652870600269 ], [ 121.73470302557314, 0.534809127802873 ] ] ] ] } },
{ "type": "Feature", "properties": { "KECAMATAN": "RANDANGAN", "ID": 142, "KEMISKINAN": "31.07", "STUNTING": "5.84" }, "geometry": { "type": "MultiPolygon", "coordinates": [ [ [ [ 121.73470302557314, 0.534809127802873 ], [ 121.734702927547005, 0.534809124205594 ], [ 121.73497812368521, 0.534652870600269 ], [ 121.73470302557314, 0.534809127802873 ] ] ] ] } },
{ "type": "Feature", "properties": { "KECAMATAN": "RANDANGAN", "ID": 143, "KEMISKINAN": "31.07", "STUNTING": "5.84" }, "geometry": { "type": "MultiPolygon", "coordinates": [ ] } },
{ "type": "Feature", "properties": { "KECAMATAN": "PATILANGGIO", "ID": 86, "KEMISKINAN": "39.82", "STUNTING": "9.61" }, "geometry": { "type": "MultiPolygon", "coordinates": [ ] } },
{ "type": "Feature", "properties": { "KECAMATAN": "RANDANGAN", "ID": 144, "KEMISKINAN": "31.07", "STUNTING": "5.84" }, "geometry": { "type": "MultiPolygon", "coordinates": [ [ [ [ 121.840275569939763, 0.541547596682335 ], [ 121.840128172857817, 0.541452521256701 ], [ 121.840128203434688, 0.541452476290601 ], [ 121.840275569939763, 0.541547596682335 ] ] ] ] } },
{ "type": "Feature", "properties": { "KECAMATAN": "PATILANGGIO", "ID": 87, "KEMISKINAN": "39.82", "STUNTING": "9.61" }, "geometry": { "type": "MultiPolygon", "coordinates": [ [ [ [ 121.840275569939763, 0.541547596682335 ], [ 121.840128172857817, 0.541452521256701 ], [ 121.840128203434688, 0.541452476290601 ], [ 121.840275569939763, 0.541547596682335 ] ] ] ] } },
{ "type": "Feature", "properties": { "KECAMATAN": "RANDANGAN", "ID": 145, "KEMISKINAN": "31.07", "STUNTING": "5.84" }, "geometry": { "type": "MultiPolygon", "coordinates": [ [ [ [ 121.840128203434688, 0.541452476290601 ], [ 121.840128172857817, 0.541452521256701 ], [ 121.838316735943295, 0.540283226351505 ], [ 121.840128203434688, 0.541452476290601 ] ] ] ] } },
{ "type": "Feature", "properties": { "KECAMATAN": "PATILANGGIO", "ID": 88, "KEMISKINAN": "39.82", "STUNTING": "9.61" }, "geometry": { "type": "MultiPolygon", "coordinates": [ [ [ [ 121.840128203434688, 0.541452476290601 ], [ 121.840128172857817, 0.541452521256701 ], [ 121.838316735943295, 0.540283226351505 ], [ 121.840128203434688, 0.541452476290601 ] ] ] ] } },
{ "type": "Feature", "properties": { "KECAMATAN": "RANDANGAN", "ID": 146, "KEMISKINAN": "31.07", "STUNTING": "5.84" }, "geometry": { "type": "MultiPolygon", "coordinates": [ [ [ [ 121.846655730660288, 0.511053622395172 ], [ 121.846393347758038, 0.511486044030383 ], [ 121.846655682498451, 0.5110536053727 ], [ 121.846655730660288, 0.511053622395172 ] ] ] ] } },
{ "type": "Feature", "properties": { "KECAMATAN": "PATILANGGIO", "ID": 89, "KEMISKINAN": "39.82", "STUNTING": "9.61" }, "geometry": { "type": "MultiPolygon", "coordinates": [ [ [ [ 121.846655730660288, 0.511053622395172 ], [ 121.846393347758038, 0.511486044030383 ], [ 121.846655682498451, 0.5110536053727 ], [ 121.846655730660288, 0.511053622395172 ] ] ] ] } },
{ "type": "Feature", "properties": { "KECAMATAN": "RANDANGAN", "ID": 147, "KEMISKINAN": "31.07", "STUNTING": "5.84" }, "geometry": { "type": "MultiPolygon", "coordinates": [ [ [ [ 121.847767374180449, 0.509221569559335 ], [ 121.846655730660288, 0.511053622395172 ], [ 121.846655682498451, 0.5110536053727 ], [ 121.847767374180449, 0.509221569559335 ] ] ] ] } },
{ "type": "Feature", "properties": { "KECAMATAN": "PATILANGGIO", "ID": 90, "KEMISKINAN": "39.82", "STUNTING": "9.61" }, "geometry": { "type": "MultiPolygon", "coordinates": [ [ [ [ 121.847767374180449, 0.509221569559335 ], [ 121.846655730660288, 0.511053622395172 ], [ 121.846655682498451, 0.5110536053727 ], [ 121.847767374180449, 0.509221569559335 ] ] ] ] } },
{ "type": "Feature", "properties": { "KECAMATAN": "PATILANGGIO", "ID": 91, "KEMISKINAN": "39.82", "STUNTING": "9.61" }, "geometry": { "type": "MultiPolygon", "coordinates": [ ] } },
{ "type": "Feature", "properties": { "KECAMATAN": "TALUDITI", "ID": 155, "KEMISKINAN": "44.66", "STUNTING": "8.19" }, "geometry": { "type": "MultiPolygon", "coordinates": [ ] } },
{ "type": "Feature", "properties": { "KECAMATAN": "PATILANGGIO", "ID": 92, "KEMISKINAN": "39.82", "STUNTING": "9.61" }, "geometry": { "type": "MultiPolygon", "coordinates": [ ] } },
{ "type": "Feature", "properties": { "KECAMATAN": "BUNTULIA", "ID": 8, "KEMISKINAN": "26.41", "STUNTING": "3.71" }, "geometry": { "type": "MultiPolygon", "coordinates": [ ] } },
{ "type": "Feature", "properties": { "KECAMATAN": "PATILANGGIO", "ID": 93, "KEMISKINAN": "39.82", "STUNTING": "9.61" }, "geometry": { "type": "MultiPolygon", "coordinates": [ [ [ [ 121.902000910767498, 0.511494274617084 ], [ 121.901012744754567, 0.511778299694585 ], [ 121.902000892440199, 0.511494244156916 ], [ 121.902000910767498, 0.511494274617084 ] ] ] ] } },
{ "type": "Feature", "properties": { "KECAMATAN": "DUHIADAA", "ID": 32, "KEMISKINAN": "36.37", "STUNTING": "4.9" }, "geometry": { "type": "MultiPolygon", "coordinates": [ [ [ [ 121.902000910767498, 0.511494274617084 ], [ 121.901012744754567, 0.511778299694585 ], [ 121.902000892440199, 0.511494244156916 ], [ 121.902000910767498, 0.511494274617084 ] ] ] ] } },
{ "type": "Feature", "properties": { "KECAMATAN": "PATILANGGIO", "ID": 94, "KEMISKINAN": "39.82", "STUNTING": "9.61" }, "geometry": { "type": "MultiPolygon", "coordinates": [ [ [ [ 121.902466491768806, 0.511360401649705 ], [ 121.902000910767498, 0.511494274617084 ], [ 121.902000892440199, 0.511494244156916 ], [ 121.902466491768806, 0.511360401649705 ] ] ] ] } },
{ "type": "Feature", "properties": { "KECAMATAN": "DUHIADAA", "ID": 33, "KEMISKINAN": "36.37", "STUNTING": "4.9" }, "geometry": { "type": "MultiPolygon", "coordinates": [ [ [ [ 121.902466491768806, 0.511360401649705 ], [ 121.902000910767498, 0.511494274617084 ], [ 121.902000892440199, 0.511494244156916 ], [ 121.902466491768806, 0.511360401649705 ] ] ] ] } },
{ "type": "Feature", "properties": { "KECAMATAN": "PATILANGGIO", "ID": 95, "KEMISKINAN": "39.82", "STUNTING": "9.61" }, "geometry": { "type": "MultiPolygon", "coordinates": [ ] } },
{ "type": "Feature", "properties": { "KECAMATAN": "BUNTULIA", "ID": 9, "KEMISKINAN": "26.41", "STUNTING": "3.71" }, "geometry": { "type": "MultiPolygon", "coordinates": [ ] } },
{ "type": "Feature", "properties": { "KECAMATAN": "TALUDITI", "ID": 156, "KEMISKINAN": "44.66", "STUNTING": "8.19" }, "geometry": { "type": "MultiPolygon", "coordinates": [ [ [ [ 121.750027235119958, 0.871341166425763 ], [ 121.749887470262934, 0.872463660270304 ], [ 121.750027117771069, 0.871341192678363 ], [ 121.750027235119958, 0.871341166425763 ] ] ] ] } },
{ "type": "Feature", "properties": { "KECAMATAN": "TALUDITI", "ID": 157, "KEMISKINAN": "44.66", "STUNTING": "8.19" }, "geometry": { "type": "MultiPolygon", "coordinates": [ [ [ [ 121.750027235119958, 0.871341166425763 ], [ 121.750027117771069, 0.871341192678363 ], [ 121.75037651461497, 0.86853597719295 ], [ 121.750027235119958, 0.871341166425763 ] ] ] ] } },
{ "type": "Feature", "properties": { "KECAMATAN": "PAGUAT", "ID": 73, "KEMISKINAN": "29.77", "STUNTING": "1.4" }, "geometry": { "type": "MultiPolygon", "coordinates": [ [ [ [ 122.005924299734744, 0.491477668402416 ], [ 122.006296378047708, 0.491360006135464 ], [ 122.005924295897557, 0.491477688923245 ], [ 122.005924299734744, 0.491477668402416 ] ] ] ] } },
{ "type": "Feature", "properties": { "KECAMATAN": "BUNTULIA", "ID": 10, "KEMISKINAN": "26.41", "STUNTING": "3.71" }, "geometry": { "type": "MultiPolygon", "coordinates": [ [ [ [ 122.005924299734744, 0.491477668402416 ], [ 122.006296378047708, 0.491360006135464 ], [ 122.005924295897557, 0.491477688923245 ], [ 122.005924299734744, 0.491477668402416 ] ] ] ] } },
{ "type": "Feature", "properties": { "KECAMATAN": "MARISA", "ID": 52, "KEMISKINAN": "26.97", "STUNTING": "3.52" }, "geometry": { "type": "MultiPolygon", "coordinates": [ [ [ [ 121.937700488449693, 0.474984891748607 ], [ 121.937775368441237, 0.475392914504278 ], [ 121.937700458004798, 0.474984890460215 ], [ 121.937700488449693, 0.474984891748607 ] ] ] ] } },
{ "type": "Feature", "properties": { "KECAMATAN": "DUHIADAA", "ID": 34, "KEMISKINAN": "36.37", "STUNTING": "4.9" }, "geometry": { "type": "MultiPolygon", "coordinates": [ [ [ [ 121.937700488449693, 0.474984891748607 ], [ 121.937775368441237, 0.475392914504278 ], [ 121.937700458004798, 0.474984890460215 ], [ 121.937700488449693, 0.474984891748607 ] ] ] ] } },
{ "type": "Feature", "properties": { "KECAMATAN": "MARISA", "ID": 53, "KEMISKINAN": "26.97", "STUNTING": "3.52" }, "geometry": { "type": "MultiPolygon", "coordinates": [ [ [ [ 121.938461692186976, 0.496616032644246 ], [ 121.938461661485491, 0.496616048114182 ], [ 121.938139949583572, 0.496292065282775 ], [ 121.938461692186976, 0.496616032644246 ] ] ] ] } },
{ "type": "Feature", "properties": { "KECAMATAN": "BUNTULIA", "ID": 11, "KEMISKINAN": "26.41", "STUNTING": "3.71" }, "geometry": { "type": "MultiPolygon", "coordinates": [ [ [ [ 121.938461692186976, 0.496616032644246 ], [ 121.938461661485491, 0.496616048114182 ], [ 121.938139949583572, 0.496292065282775 ], [ 121.938461692186976, 0.496616032644246 ] ] ] ] } },
{ "type": "Feature", "properties": { "KECAMATAN": "MARISA", "ID": 54, "KEMISKINAN": "26.97", "STUNTING": "3.52" }, "geometry": { "type": "MultiPolygon", "coordinates": [ [ [ [ 121.938461692186976, 0.496616032644246 ], [ 121.939169189097896, 0.497328570158482 ], [ 121.938461661485491, 0.496616048114182 ], [ 121.938461692186976, 0.496616032644246 ] ] ] ] } },
{ "type": "Feature", "properties": { "KECAMATAN": "BUNTULIA", "ID": 12, "KEMISKINAN": "26.41", "STUNTING": "3.71" }, "geometry": { "type": "MultiPolygon", "coordinates": [ [ [ [ 121.938461692186976, 0.496616032644246 ], [ 121.939169189097896, 0.497328570158482 ], [ 121.938461661485491, 0.496616048114182 ], [ 121.938461692186976, 0.496616032644246 ] ] ] ] } },
{ "type": "Feature", "properties": { "KECAMATAN": "MARISA", "ID": 55, "KEMISKINAN": "26.97", "STUNTING": "3.52" }, "geometry": { "type": "MultiPolygon", "coordinates": [ ] } },
{ "type": "Feature", "properties": { "KECAMATAN": "BUNTULIA", "ID": 13, "KEMISKINAN": "26.41", "STUNTING": "3.71" }, "geometry": { "type": "MultiPolygon", "coordinates": [ ] } },
{ "type": "Feature", "properties": { "KECAMATAN": "MARISA", "ID": 56, "KEMISKINAN": "26.97", "STUNTING": "3.52" }, "geometry": { "type": "MultiPolygon", "coordinates": [ [ [ [ 121.996873455934548, 0.476554026669538 ], [ 121.996731846643314, 0.476712388891718 ], [ 121.996873416937646, 0.476553987832515 ], [ 121.996873455934548, 0.476554026669538 ] ] ] ] } },
{ "type": "Feature", "properties": { "KECAMATAN": "BUNTULIA", "ID": 14, "KEMISKINAN": "26.41", "STUNTING": "3.71" }, "geometry": { "type": "MultiPolygon", "coordinates": [ [ [ [ 121.996873455934548, 0.476554026669538 ], [ 121.996731846643314, 0.476712388891718 ], [ 121.996873416937646, 0.476553987832515 ], [ 121.996873455934548, 0.476554026669538 ] ] ] ] } },
{ "type": "Feature", "properties": { "KECAMATAN": "MARISA", "ID": 57, "KEMISKINAN": "26.97", "STUNTING": "3.52" }, "geometry": { "type": "MultiPolygon", "coordinates": [ [ [ [ 121.937674646193003, 0.474844076769108 ], [ 121.937700488449693, 0.474984891748607 ], [ 121.937700458004798, 0.474984890460215 ], [ 121.937674646193003, 0.474844076769108 ] ] ] ] } },
{ "type": "Feature", "properties": { "KECAMATAN": "DUHIADAA", "ID": 35, "KEMISKINAN": "36.37", "STUNTING": "4.9" }, "geometry": { "type": "MultiPolygon", "coordinates": [ [ [ [ 121.937674646193003, 0.474844076769108 ], [ 121.937700488449693, 0.474984891748607 ], [ 121.937700458004798, 0.474984890460215 ], [ 121.937674646193003, 0.474844076769108 ] ] ] ] } },
{ "type": "Feature", "properties": { "KECAMATAN": "PAGUAT", "ID": 74, "KEMISKINAN": "29.77", "STUNTING": "1.4" }, "geometry": { "type": "MultiPolygon", "coordinates": [ [ [ [ 121.996936074478853, 0.476484000099395 ], [ 121.996873455934548, 0.476554026669538 ], [ 121.996873416937646, 0.476553987832515 ], [ 121.996936022804363, 0.476483938820591 ], [ 121.996936074478853, 0.476484000099395 ] ] ] ] } },
{ "type": "Feature", "properties": { "KECAMATAN": "MARISA", "ID": 58, "KEMISKINAN": "26.97", "STUNTING": "3.52" }, "geometry": { "type": "MultiPolygon", "coordinates": [ [ [ [ 121.996936074478853, 0.476484000099395 ], [ 121.996873455934548, 0.476554026669538 ], [ 121.996873416937646, 0.476553987832515 ], [ 121.996936022804363, 0.476483938820591 ], [ 121.996936074478853, 0.476484000099395 ] ] ] ] } },
{ "type": "Feature", "properties": { "KECAMATAN": "BUNTULIA", "ID": 15, "KEMISKINAN": "26.41", "STUNTING": "3.71" }, "geometry": { "type": "MultiPolygon", "coordinates": [ [ [ [ 121.996936074478853, 0.476484000099395 ], [ 121.996873455934548, 0.476554026669538 ], [ 121.996873416937646, 0.476553987832515 ], [ 121.996936022804363, 0.476483938820591 ], [ 121.996936074478853, 0.476484000099395 ] ] ] ] } },
{ "type": "Feature", "properties": { "KECAMATAN": "WANGGARASI", "ID": 165, "KEMISKINAN": "33.67", "STUNTING": "6.89" }, "geometry": { "type": "MultiPolygon", "coordinates": [ [ [ [ 121.667729818553113, 0.455707154388127 ], [ 121.668512265980411, 0.456990368168961 ], [ 121.665820646830525, 0.458336177743854 ], [ 121.666290115286898, 0.456239218638741 ], [ 121.667729818553113, 0.455707154388127 ] ] ] ] } },
{ "type": "Feature", "properties": { "KECAMATAN": "WANGGARASI", "ID": 166, "KEMISKINAN": "33.67", "STUNTING": "6.89" }, "geometry": { "type": "MultiPolygon", "coordinates": [ [ [ [ 121.712427582431701, 0.560345649319459 ], [ 121.706490477828879, 0.559360690249207 ], [ 121.689176810160461, 0.560116101868061 ], [ 121.690256782603115, 0.546814968076092 ], [ 121.698142619118016, 0.531012685721635 ], [ 121.701430317425206, 0.521994973292465 ], [ 121.703234527387849, 0.521247946952201 ], [ 121.704661986171459, 0.518504187386611 ], [ 121.706505593633551, 0.51692692313668 ], [ 121.708242180874777, 0.516967274816807 ], [ 121.709009295371288, 0.51817879019336 ], [ 121.71038248007028, 0.515836558128683 ], [ 121.711836217942846, 0.517815343584346 ], [ 121.712482332257537, 0.521732564614183 ], [ 121.715834109957314, 0.523751742219417 ], [ 121.718338076095733, 0.523751727830245 ], [ 121.721770685758884, 0.521813332725628 ], [ 121.721689760266031, 0.520722965019672 ], [ 121.720930901545898, 0.520322920500689 ], [ 121.718822650590255, 0.521207559299228 ], [ 121.718984177819948, 0.518017276453463 ], [ 121.714626268311349, 0.515124915613683 ], [ 121.714130865979655, 0.512881899453305 ], [ 121.714753910885634, 0.51145835451922 ], [ 121.717600953089686, 0.508753687582896 ], [ 121.719522649582927, 0.505568524577484 ], [ 121.721408693353624, 0.50521264396474 ], [ 121.724860718480045, 0.502952806885105 ], [ 121.72783237793908, 0.501920734132398 ], [ 121.7312859472014, 0.501863110972693 ], [ 121.730660680970004, 0.498817414827613 ], [ 121.732664399229634, 0.495387385319361 ], [ 121.734124642797724, 0.491346068641406 ], [ 121.739201087225297, 0.485381048183399 ], [ 121.747086186296201, 0.472934976287036 ], [ 121.75439506815917, 0.465305050848769 ], [ 121.754395025891085, 0.462333364410085 ], [ 121.755037444891514, 0.460727079038293 ], [ 121.760739918175545, 0.4533380639852 ], [ 121.765320215632869, 0.445246335785555 ], [ 121.768531830397023, 0.443151074637285 ], [ 121.772784671213685, 0.442178399406657 ], [ 121.775606995551698, 0.440288547906505 ], [ 121.77394704133917, 0.465844958829052 ], [ 121.773046935101092, 0.470257985086846 ], [ 121.768645808672431, 0.476042390205066 ], [ 121.763735059832129, 0.486459159928756 ], [ 121.760802262775883, 0.492833701061898 ], [ 121.757632985394821, 0.503934210035993 ], [ 121.756622809334885, 0.505043744992349 ], [ 121.756370878657549, 0.505412851934182 ], [ 121.752189962918919, 0.510341579121189 ], [ 121.750236957428569, 0.511288145234687 ], [ 121.750000376379603, 0.51068419473404 ], [ 121.748985596690204, 0.510902175105457 ], [ 121.74760481002204, 0.511905489338289 ], [ 121.746177961878175, 0.517281476350149 ], [ 121.743752020019656, 0.520167869288912 ], [ 121.742432114754934, 0.5228037254995 ], [ 121.73666423377972, 0.528973044043596 ], [ 121.735924129521095, 0.532978806924461 ], [ 121.73497812368521, 0.534652870600269 ], [ 121.734702927547005, 0.534809124205594 ], [ 121.734161803683264, 0.53511654485078 ], [ 121.728622894593286, 0.539130127336705 ], [ 121.721619020494586, 0.542491886611742 ], [ 121.720215373959718, 0.544001860889466 ], [ 121.719971101009492, 0.545318037565096 ], [ 121.720886717854569, 0.547970230859676 ], [ 121.721176599921591, 0.551370309347021 ], [ 121.72264143093139, 0.55395492848362 ], [ 121.72501402320836, 0.555211362297541 ], [ 121.724331552002013, 0.558652643223695 ], [ 121.712427582431701, 0.560345649319459 ] ] ] ] } },
{ "type": "Feature", "properties": { "KECAMATAN": "WANGGARASI", "ID": 167, "KEMISKINAN": "33.67", "STUNTING": "6.89" }, "geometry": { "type": "MultiPolygon", "coordinates": [ [ [ [ 121.689176810160461, 0.560116101868061 ], [ 121.672607987077072, 0.559099499252909 ], [ 121.672116036343255, 0.552977288995407 ], [ 121.672657754658758, 0.549959995238623 ], [ 121.672929326529243, 0.519611675486033 ], [ 121.676140026683015, 0.519226147823247 ], [ 121.679952605299491, 0.520701019763521 ], [ 121.6815665376065, 0.52045057656477 ], [ 121.684246529844245, 0.519009289805695 ], [ 121.682733737990702, 0.516236675492792 ], [ 121.682910818095593, 0.51392786043607 ], [ 121.685352032240644, 0.513058925598841 ], [ 121.68653874161771, 0.51636840818361 ], [ 121.68797963537304, 0.516534624478368 ], [ 121.689086548805676, 0.5132658227256 ], [ 121.690998164798202, 0.516846135240144 ], [ 121.693946212557421, 0.519955662564939 ], [ 121.695157627209824, 0.520561431494741 ], [ 121.697944352784816, 0.520359524705896 ], [ 121.701430317425206, 0.521994973292465 ], [ 121.698142619118016, 0.531012685721635 ], [ 121.690256782603115, 0.546814968076092 ], [ 121.689176810160461, 0.560116101868061 ] ] ], [ [ [ 121.67728115752027, 0.506564262921529 ], [ 121.680843114872232, 0.507510433333323 ], [ 121.682290088943773, 0.509514068855253 ], [ 121.681010010155092, 0.513827442138279 ], [ 121.680036046196051, 0.515024062044063 ], [ 121.677392423440324, 0.515775436606305 ], [ 121.673691063080014, 0.514161388286766 ], [ 121.673023445975559, 0.509792367654541 ], [ 121.673969520159858, 0.507649566545126 ], [ 121.675805995998303, 0.506508630860822 ], [ 121.67728115752027, 0.506564262921529 ] ] ], [ [ [ 121.707699182824058, 0.485344393616117 ], [ 121.70961920208174, 0.487844291221677 ], [ 121.709764169195523, 0.488858737262603 ], [ 121.707155544455986, 0.492989000486546 ], [ 121.707988813080874, 0.497698989173671 ], [ 121.703803625562614, 0.503248562424233 ], [ 121.702184416933278, 0.507408783863639 ], [ 121.698641466752406, 0.510923128409445 ], [ 121.695453186696795, 0.512770897034557 ], [ 121.689583676936309, 0.512481030256026 ], [ 121.684149149456289, 0.51056083383196 ], [ 121.680417346145873, 0.503930617244521 ], [ 121.679366821103827, 0.500524967457181 ], [ 121.679258099365711, 0.498025059059785 ], [ 121.680308651387463, 0.49567006651489 ], [ 121.685055109381551, 0.489873194994686 ], [ 121.689294025995082, 0.48643130702618 ], [ 121.694366229220009, 0.484692240354036 ], [ 121.700090510163932, 0.483822700273095 ], [ 121.703713688863104, 0.484873393488385 ], [ 121.706612266716093, 0.484076296494834 ], [ 121.707699182824058, 0.485344393616117 ] ] ] ] } },
{ "type": "Feature", "properties": { "KECAMATAN": "LEMITO", "ID": 36, "KEMISKINAN": "41.33", "STUNTING": "6.93" }, "geometry": { "type": "MultiPolygon", "coordinates": [ ] } },
{ "type": "Feature", "properties": { "KECAMATAN": "WANGGARASI", "ID": 168, "KEMISKINAN": "33.67", "STUNTING": "6.89" }, "geometry": { "type": "MultiPolygon", "coordinates": [ ] } },
{ "type": "Feature", "properties": { "KECAMATAN": "LEMITO", "ID": 37, "KEMISKINAN": "41.33", "STUNTING": "6.93" }, "geometry": { "type": "MultiPolygon", "coordinates": [ [ [ [ 121.672607987077072, 0.559099499252909 ], [ 121.67140670148865, 0.594792949379212 ], [ 121.67562543731583, 0.60261213084334 ], [ 121.676345335607039, 0.613035110385624 ], [ 121.679473639876505, 0.620307621867084 ], [ 121.679471279156132, 0.629760867861137 ], [ 121.677543144416518, 0.636547284094547 ], [ 121.67552160968819, 0.638492892661191 ], [ 121.6765594138202, 0.642676415534424 ], [ 121.677056303630593, 0.648445408970986 ], [ 121.680294191188523, 0.652961071254708 ], [ 121.67705328190857, 0.659983135040818 ], [ 121.676802565315938, 0.666253567957938 ], [ 121.672065915327948, 0.675281735905003 ], [ 121.670311497228795, 0.679805161136414 ], [ 121.670744381390932, 0.681113604541963 ], [ 121.670229780332534, 0.684954060342648 ], [ 121.668099797260084, 0.693004078885906 ], [ 121.664797548821753, 0.694997315547198 ], [ 121.662962727735817, 0.697729530515971 ], [ 121.663769333261257, 0.698985366280738 ], [ 121.666923842875235, 0.700168033205216 ], [ 121.671913051267325, 0.700095545151669 ], [ 121.674554025519569, 0.701278065486633 ], [ 121.675434138929745, 0.702755527474324 ], [ 121.674479637198601, 0.705192562470017 ], [ 121.671544030660471, 0.708293751280905 ], [ 121.669489155366591, 0.70969652187614 ], [ 121.66690443190862, 0.710169424969308 ], [ 121.661695473279224, 0.713782232686754 ], [ 121.661141853335948, 0.718349630268847 ], [ 121.659602003580517, 0.72236061911002 ], [ 121.66129770044779, 0.725022204923846 ], [ 121.662993993565465, 0.725658179382663 ], [ 121.666835891878691, 0.729602444824536 ], [ 121.667135302262636, 0.731180221687964 ], [ 121.667213920994413, 0.73213348595192 ], [ 121.665643300935699, 0.733778397204844 ], [ 121.666617222626655, 0.73604675266273 ], [ 121.667725193662022, 0.736979198521055 ], [ 121.665497276219185, 0.738558686794306 ], [ 121.664616740127713, 0.743257985240461 ], [ 121.662978481159826, 0.744768818370687 ], [ 121.663114890325232, 0.745867947271847 ], [ 121.662295307583008, 0.747653765199686 ], [ 121.665230120919205, 0.746486822021552 ], [ 121.669659351161272, 0.748760901664184 ], [ 121.669888280778423, 0.750319158743025 ], [ 121.668053099963686, 0.752107636865389 ], [ 121.667679245500835, 0.756233804576823 ], [ 121.66597233318862, 0.757246721770287 ], [ 121.664379402748978, 0.760139723826683 ], [ 121.665019607618547, 0.762819805996685 ], [ 121.66339233296992, 0.764159273314249 ], [ 121.665569804742177, 0.766906968313094 ], [ 121.667828328811652, 0.77177019517876 ], [ 121.668396689542305, 0.773406854252755 ], [ 121.667420271333413, 0.776515778132421 ], [ 121.669775920383358, 0.782325929041747 ], [ 121.668057507540993, 0.785007668662274 ], [ 121.666831781077803, 0.789731927791308 ], [ 121.664994921228867, 0.790484599175954 ], [ 121.664654258943415, 0.791580042655426 ], [ 121.665056913294961, 0.792434980444625 ], [ 121.666842942563449, 0.793467871580333 ], [ 121.666279491231762, 0.796698034861436 ], [ 121.664788681506479, 0.797057929148423 ], [ 121.663215057712137, 0.799971612913509 ], [ 121.661226386908766, 0.801282245268851 ], [ 121.659750984368543, 0.805202329739984 ], [ 121.659056053055451, 0.805158430234485 ], [ 121.658622788480102, 0.801751152674285 ], [ 121.656624338448978, 0.804633450100539 ], [ 121.656190590937626, 0.80271135880497 ], [ 121.655409207797902, 0.8025800218158 ], [ 121.654235073640848, 0.807384603891876 ], [ 121.652194057798738, 0.807340253825998 ], [ 121.652323867739028, 0.808781737536606 ], [ 121.651541468365394, 0.810878167803537 ], [ 121.65527180218362, 0.820739295908027 ], [ 121.655618434168673, 0.822836108386809 ], [ 121.654922462339982, 0.826723505200164 ], [ 121.655486255414075, 0.828470966144096 ], [ 121.655333119758211, 0.830451439627154 ], [ 121.657242888543351, 0.833378720242024 ], [ 121.659976155718937, 0.841417026015165 ], [ 121.659757971201429, 0.844736746481942 ], [ 121.660582934587296, 0.84717644526944 ], [ 121.661581461729043, 0.847875716710632 ], [ 121.665229272858483, 0.847658566413429 ], [ 121.666618557220545, 0.848663730551664 ], [ 121.667356241403581, 0.850979109759862 ], [ 121.665878363029719, 0.854473148513478 ], [ 121.667441200355597, 0.856220901737117 ], [ 121.669916168754526, 0.857619619087927 ], [ 121.672825621209427, 0.857926394019898 ], [ 121.673433353359201, 0.858450783299247 ], [ 121.674126356525903, 0.863299703750045 ], [ 121.678339055204333, 0.862558582358247 ], [ 121.681204736756854, 0.864437880314426 ], [ 121.684939428689518, 0.864832354432735 ], [ 121.686545781510517, 0.865837604905892 ], [ 121.689555880691046, 0.869940945126302 ], [ 121.689598165913594, 0.873522886313026 ], [ 121.687686738778552, 0.875313176569307 ], [ 121.683166417107486, 0.885997904687542 ], [ 121.683252070336152, 0.889143011889814 ], [ 121.681686428024818, 0.895257849505299 ], [ 121.684131965211009, 0.9004998950914 ], [ 121.674484676999327, 0.903620949925937 ], [ 121.673347766680422, 0.903543509306019 ], [ 121.669990938388082, 0.901026537172413 ], [ 121.666275491946749, 0.899427556993487 ], [ 121.664543450778297, 0.89662691171219 ], [ 121.661949634275288, 0.895439463092544 ], [ 121.658668984854103, 0.891979327880051 ], [ 121.656303840762121, 0.892067988441624 ], [ 121.653801403471107, 0.891351894282593 ], [ 121.650734351125834, 0.894342462886584 ], [ 121.646164429146779, 0.895232312356939 ], [ 121.637955084014948, 0.892597662137234 ], [ 121.635475642388201, 0.891258897190141 ], [ 121.631996687063634, 0.888146999252513 ], [ 121.629968781538082, 0.887517707655718 ], [ 121.626853570498042, 0.878732749660287 ], [ 121.623641140948052, 0.875499222015492 ], [ 121.622903811997276, 0.873140129461433 ], [ 121.624685089248146, 0.870913112239975 ], [ 121.627725676344767, 0.868730149207408 ], [ 121.631572498446189, 0.867058708853904 ], [ 121.631964012895651, 0.865224261885999 ], [ 121.633875440929955, 0.863346624078304 ], [ 121.633962640093273, 0.862123641446601 ], [ 121.632747672219466, 0.85976444367185 ], [ 121.632575543781741, 0.855034568276722 ], [ 121.62794665775391, 0.853015517475853 ], [ 121.626252462754337, 0.854412735656865 ], [ 121.623646525189088, 0.855110709376333 ], [ 121.618565844055411, 0.854759381131714 ], [ 121.61713298484301, 0.854016283030091 ], [ 121.614524185634991, 0.850176102421926 ], [ 121.615359304165395, 0.84682939420037 ], [ 121.611401341149644, 0.845356946832339 ], [ 121.605846047311616, 0.840632248834083 ], [ 121.607190449209156, 0.835020625061418 ], [ 121.608021378697458, 0.82106516164805 ], [ 121.607501245009871, 0.818182081811585 ], [ 121.606199325286411, 0.815560812604303 ], [ 121.604277089199968, 0.813970201516213 ], [ 121.616566500098202, 0.805950665493128 ], [ 121.619314303015585, 0.804883557852122 ], [ 121.620499653517072, 0.801860008411325 ], [ 121.625874893192304, 0.800304023919296 ], [ 121.628381737161135, 0.795997972016892 ], [ 121.630704962954042, 0.795036549103486 ], [ 121.631434174624133, 0.794120451121103 ], [ 121.6318445523533, 0.792791865600066 ], [ 121.630433387486278, 0.790088161837616 ], [ 121.630713733142443, 0.787987200786347 ], [ 121.633858189235525, 0.78285663965562 ], [ 121.633813516313012, 0.780336613424424 ], [ 121.634771038866802, 0.777542039466198 ], [ 121.636684530845173, 0.775893272819701 ], [ 121.637231769199275, 0.774152341852982 ], [ 121.63673193590796, 0.770761681965269 ], [ 121.638690907500632, 0.769112850567581 ], [ 121.637730727450275, 0.765272562940083 ], [ 121.636273484020421, 0.764355753593918 ], [ 121.636775514355463, 0.761698462042773 ], [ 121.636320080592782, 0.760827762735687 ], [ 121.633997488821933, 0.759864891913878 ], [ 121.633041805381708, 0.756886405701266 ], [ 121.634886358031281, 0.749313809344414 ], [ 121.634498617136956, 0.74654014102606 ], [ 121.632733174249097, 0.74440609841389 ], [ 121.633298841510168, 0.742912838036148 ], [ 121.633087464860409, 0.74092152322595 ], [ 121.63234593067989, 0.739996753980506 ], [ 121.634319901165327, 0.732300034096511 ], [ 121.632959981466229, 0.730809995090226 ], [ 121.630559929290371, 0.731609997793214 ], [ 121.629499988346652, 0.725120033174221 ], [ 121.628549876206421, 0.72406003107659 ], [ 121.626919983631296, 0.723999966257566 ], [ 121.626620115492528, 0.723060004765102 ], [ 121.625753388490807, 0.722955515236492 ], [ 121.626449876530273, 0.718670031728209 ], [ 121.625395105788925, 0.715487327469248 ], [ 121.626799924140414, 0.713280000004261 ], [ 121.625090107917231, 0.711009979001972 ], [ 121.625026277636948, 0.708476390095257 ], [ 121.622139886496825, 0.703769968119332 ], [ 121.621619875117062, 0.701910003788157 ], [ 121.616659924368491, 0.699260003040706 ], [ 121.610929942622192, 0.694289973590173 ], [ 121.613380030377812, 0.69021997663333 ], [ 121.613000135168932, 0.687339997659251 ], [ 121.611339974112298, 0.685220031235531 ], [ 121.613270102648926, 0.683909969949696 ], [ 121.613780022736137, 0.680840029881324 ], [ 121.612960011916584, 0.678430033002428 ], [ 121.610339914525866, 0.678179983706798 ], [ 121.609829929687521, 0.676569965249257 ], [ 121.608759868673019, 0.675720027690545 ], [ 121.608760064725175, 0.674039989818425 ], [ 121.606839926757061, 0.672839966878144 ], [ 121.606566452820516, 0.67086660883092 ], [ 121.608719872225038, 0.670219970211519 ], [ 121.610439960504436, 0.666940019563583 ], [ 121.611409925178464, 0.667300030762419 ], [ 121.611889932915574, 0.668700035942379 ], [ 121.614830130492805, 0.668870034785584 ], [ 121.616410048642024, 0.669829993602661 ], [ 121.615630117007981, 0.667630015397322 ], [ 121.618290066955069, 0.66693998269136 ], [ 121.61950997750273, 0.664080025323585 ], [ 121.621839925727841, 0.663729986706755 ], [ 121.622769971295611, 0.662259993588521 ], [ 121.624129942256104, 0.66157997393401 ], [ 121.626662256823465, 0.661498784040532 ], [ 121.627646457765195, 0.646696009988091 ], [ 121.628422475549769, 0.644744404742141 ], [ 121.630362011894022, 0.642793041413825 ], [ 121.630364181958157, 0.634595221993038 ], [ 121.628817278819952, 0.617808843917487 ], [ 121.629608782929722, 0.55300727419052 ], [ 121.630884087217851, 0.540916019908252 ], [ 121.632115800467773, 0.540431257455509 ], [ 121.633173267376606, 0.537481472206196 ], [ 121.635427417143774, 0.538093700066781 ], [ 121.636150897434618, 0.540876528879323 ], [ 121.633868865087265, 0.544410694482622 ], [ 121.63542727055426, 0.545022910651994 ], [ 121.639128435761791, 0.542184448879425 ], [ 121.641549422355865, 0.541293947400561 ], [ 121.641549626501956, 0.540375587623259 ], [ 121.638933779307195, 0.54004165046797 ], [ 121.641410428538961, 0.536284858595707 ], [ 121.642996508842657, 0.536201371833727 ], [ 121.645556822902108, 0.535004748330721 ], [ 121.646419474176355, 0.535700468349205 ], [ 121.645890876069871, 0.537843217297905 ], [ 121.646725680736836, 0.538761553692837 ], [ 121.647282143436996, 0.536312665632806 ], [ 121.648673598762457, 0.533919466290854 ], [ 121.652263437795341, 0.533001119103972 ], [ 121.652847899987592, 0.53987468593732 ], [ 121.654461797220961, 0.541015644104732 ], [ 121.655602837226638, 0.538511125782577 ], [ 121.657634160175917, 0.536173528823724 ], [ 121.661140511547501, 0.537064050986942 ], [ 121.65969346822817, 0.534253373768422 ], [ 121.660611836099406, 0.531804514486737 ], [ 121.662671337505799, 0.530273950231162 ], [ 121.666205360116919, 0.529160825181236 ], [ 121.665593218591198, 0.525487500285806 ], [ 121.666789744967446, 0.523400377102575 ], [ 121.6692388003014, 0.521257589483014 ], [ 121.672929326529243, 0.519611675486033 ], [ 121.672657754658758, 0.549959995238623 ], [ 121.672116036343255, 0.552977288995407 ], [ 121.672607987077072, 0.559099499252909 ] ] ], [ [ [ 121.632894972174654, 0.535199562166667 ], [ 121.631430494598476, 0.535735489747651 ], [ 121.631693690183511, 0.533240116631248 ], [ 121.632998056063002, 0.532465750001961 ], [ 121.633846122132468, 0.529230050494448 ], [ 121.635430504516307, 0.527891147051832 ], [ 121.635542033937782, 0.526306789849059 ], [ 121.636836449718203, 0.524655493409739 ], [ 121.638264621664121, 0.523785214985367 ], [ 121.640339791058977, 0.523718257762312 ], [ 121.642928460742041, 0.525079457196682 ], [ 121.64306232122874, 0.529274696437312 ], [ 121.642392745401025, 0.530301198789346 ], [ 121.64089780778761, 0.530881356826342 ], [ 121.635427441425463, 0.535449990076927 ], [ 121.632894972174654, 0.535199562166667 ] ] ], [ [ [ 121.646364850255623, 0.52347278241848 ], [ 121.647190454858219, 0.525414194748578 ], [ 121.646833385341665, 0.52639603946659 ], [ 121.645851716890775, 0.526864668981489 ], [ 121.644468030808412, 0.525838174723333 ], [ 121.644445648481678, 0.524164571500364 ], [ 121.645249133359584, 0.523205012881533 ], [ 121.646364850255623, 0.52347278241848 ] ] ], [ [ [ 121.654962680021185, 0.52159544678301 ], [ 121.654425941251702, 0.522482710702548 ], [ 121.653177236211263, 0.521741475096803 ], [ 121.653754031683206, 0.521296038197761 ], [ 121.654962680021185, 0.52159544678301 ] ] ], [ [ [ 121.662468990948582, 0.513914644898875 ], [ 121.663316787221447, 0.51453729140519 ], [ 121.663084057069455, 0.515745009844068 ], [ 121.661613844516637, 0.516225134493141 ], [ 121.660376003286387, 0.51587254719766 ], [ 121.660273154121114, 0.514949177297297 ], [ 121.661490778592224, 0.513957436439682 ], [ 121.662468990948582, 0.513914644898875 ] ] ], [ [ [ 121.661704417036844, 0.507302753796409 ], [ 121.662672188264423, 0.508873292916178 ], [ 121.662221951683705, 0.511019789339798 ], [ 121.659085677622443, 0.512740189683882 ], [ 121.657295855013672, 0.512340851132706 ], [ 121.657161178841761, 0.510542037102198 ], [ 121.658521426793413, 0.508214238256812 ], [ 121.659587118901527, 0.507372869438427 ], [ 121.661704417036844, 0.507302753796409 ] ] ], [ [ [ 121.649136024753943, 0.506192422940046 ], [ 121.649163365942286, 0.507030942706251 ], [ 121.646875927770338, 0.511172293671564 ], [ 121.645521428285065, 0.511524751464663 ], [ 121.643335585623277, 0.510495198612318 ], [ 121.643940913885331, 0.507843871364855 ], [ 121.645472077988643, 0.50583116977748 ], [ 121.648413562495648, 0.505057045065882 ], [ 121.649136024753943, 0.506192422940046 ] ] ], [ [ [ 121.642220764452077, 0.505951564715531 ], [ 121.642630231167914, 0.508128291849118 ], [ 121.642191727142404, 0.509213957000213 ], [ 121.640470070445417, 0.510507979776946 ], [ 121.638550791329862, 0.510288660315041 ], [ 121.638397388575299, 0.508106372673296 ], [ 121.640009486265399, 0.505737629494604 ], [ 121.642220764452077, 0.505951564715531 ] ] ], [ [ [ 121.670129158787972, 0.504783285144867 ], [ 121.670129240626352, 0.505757267090416 ], [ 121.668598715940902, 0.505979893359438 ], [ 121.668821267566273, 0.505089374793499 ], [ 121.670129158787972, 0.504783285144867 ] ] ], [ [ [ 121.658099858800369, 0.502019303424106 ], [ 121.656621027145206, 0.503498001080288 ], [ 121.655292041425923, 0.501271679934007 ], [ 121.657966946199053, 0.499792981378562 ], [ 121.659532545342813, 0.499637209809862 ], [ 121.659678102411931, 0.500440921316908 ], [ 121.658099858800369, 0.502019303424106 ] ] ], [ [ [ 121.669493233791968, 0.492093015841306 ], [ 121.667930731013826, 0.493598174249541 ], [ 121.668255380870505, 0.494605609175892 ], [ 121.667140289902591, 0.493968923353407 ], [ 121.668005089657186, 0.492411547610175 ], [ 121.667902038144462, 0.491042079809063 ], [ 121.669536342793435, 0.489908233480264 ], [ 121.670110690310821, 0.490453088631057 ], [ 121.669493233791968, 0.492093015841306 ] ] ] ] } },
{ "type": "Feature", "properties": { "KECAMATAN": "LEMITO", "ID": 38, "KEMISKINAN": "41.33", "STUNTING": "6.93" }, "geometry": { "type": "MultiPolygon", "coordinates": [ [ [ [ 121.569826331812962, 0.569698526511173 ], [ 121.569839639448929, 0.571519223626558 ], [ 121.570485414548642, 0.5725601355251 ], [ 121.573005453336592, 0.572886015594696 ], [ 121.573198937623673, 0.573861772840543 ], [ 121.570290783581825, 0.576202746794783 ], [ 121.570483777761396, 0.579129953567401 ], [ 121.571581959793022, 0.58088652088478 ], [ 121.570999187145986, 0.584984366347561 ], [ 121.571449351640567, 0.586797686776839 ], [ 121.568416922470391, 0.589764902936372 ], [ 121.567594514500939, 0.592171469748868 ], [ 121.56639875770496, 0.593224130772816 ], [ 121.566473227408068, 0.594051435086405 ], [ 121.568266437951678, 0.594127155910682 ], [ 121.568490312182661, 0.594804065096808 ], [ 121.56572574993757, 0.595480263034274 ], [ 121.567966727014806, 0.596834692183021 ], [ 121.568190881257451, 0.597511601625653 ], [ 121.568115886442371, 0.598714989779046 ], [ 121.566023845572332, 0.599015308637361 ], [ 121.566247149437146, 0.601873414534024 ], [ 121.56821750911709, 0.604153069065836 ], [ 121.568230068334316, 0.606580026180046 ], [ 121.569879940395509, 0.60831000773752 ], [ 121.569919883106877, 0.611220005007516 ], [ 121.572799996744052, 0.613200033280057 ], [ 121.572129875421439, 0.615079973742381 ], [ 121.569599888305902, 0.617270030780324 ], [ 121.569820038008814, 0.620299986626192 ], [ 121.568920023631662, 0.623000008393957 ], [ 121.569259910111242, 0.624480001744763 ], [ 121.568739996102323, 0.627360025722998 ], [ 121.569380133776306, 0.631500022859575 ], [ 121.57119013029822, 0.634919970181533 ], [ 121.570780042930778, 0.635539967511454 ], [ 121.569090038689509, 0.635829979121558 ], [ 121.568289952532368, 0.635490023276395 ], [ 121.567949929871403, 0.634530014570798 ], [ 121.567500067863051, 0.634809984690596 ], [ 121.567689952336522, 0.636529968402497 ], [ 121.569249875706106, 0.637570023050769 ], [ 121.569399875064732, 0.638330011977315 ], [ 121.566150097997905, 0.644109988806383 ], [ 121.564139880419916, 0.643899983602756 ], [ 121.5634000380402, 0.645000015746886 ], [ 121.561590125648863, 0.644369994393577 ], [ 121.56039990346369, 0.6455900177433 ], [ 121.557830136461831, 0.645350031455392 ], [ 121.557969948642423, 0.647370014994761 ], [ 121.557049933531488, 0.648189966832922 ], [ 121.552659954742822, 0.65001002099808 ], [ 121.548999934463254, 0.649970030330058 ], [ 121.548069896009011, 0.651480031091465 ], [ 121.546670123172348, 0.6510900101767 ], [ 121.54609001513829, 0.652249994259 ], [ 121.540006312970291, 0.652732800153109 ], [ 121.535949993769677, 0.645450009126689 ], [ 121.539161321144803, 0.641581938659739 ], [ 121.542697795309692, 0.630574346179378 ], [ 121.55058013954924, 0.628699992374235 ], [ 121.551279886896509, 0.626340025528469 ], [ 121.5539070285799, 0.623082015332619 ], [ 121.552077954032967, 0.615503931241532 ], [ 121.555742826159985, 0.604650508560765 ], [ 121.555811813473625, 0.600691053470035 ], [ 121.554999012166832, 0.59639007986255 ], [ 121.555352152828974, 0.594451348584455 ], [ 121.558065982487648, 0.590137626902196 ], [ 121.560290747905142, 0.587899039573001 ], [ 121.561331331620778, 0.587578338213488 ], [ 121.563746136831597, 0.55138592634921 ], [ 121.571908538549323, 0.550826121225176 ], [ 121.568586185211643, 0.562925962751768 ], [ 121.566714224257211, 0.564594979140685 ], [ 121.567142154060363, 0.566680080069757 ], [ 121.568971109091436, 0.567512096062748 ], [ 121.568800018664987, 0.569086320105603 ], [ 121.569826331812962, 0.569698526511173 ] ] ] ] } },
{ "type": "Feature", "properties": { "KECAMATAN": "POPAYATO TIMUR", "ID": 123, "KEMISKINAN": "29.05", "STUNTING": "4.73" }, "geometry": { "type": "MultiPolygon", "coordinates": [ ] } },
{ "type": "Feature", "properties": { "KECAMATAN": "LEMITO", "ID": 39, "KEMISKINAN": "41.33", "STUNTING": "6.93" }, "geometry": { "type": "MultiPolygon", "coordinates": [ ] } },
{ "type": "Feature", "properties": { "KECAMATAN": "LEMITO", "ID": 40, "KEMISKINAN": "41.33", "STUNTING": "6.93" }, "geometry": { "type": "MultiPolygon", "coordinates": [ [ [ [ 121.63261772183381, 0.50851321574604 ], [ 121.629043438719009, 0.509129965772912 ], [ 121.627549668627211, 0.508251956841841 ], [ 121.627231658875701, 0.506455951981453 ], [ 121.628136388025695, 0.504633814912134 ], [ 121.629069426502298, 0.504373519273669 ], [ 121.631185844072036, 0.505696579033108 ], [ 121.631022335332517, 0.504844787047807 ], [ 121.632083865694881, 0.505067561624282 ], [ 121.631861104433526, 0.504268188127996 ], [ 121.632555487805931, 0.504032289720344 ], [ 121.633739572996177, 0.506272485038126 ], [ 121.63261772183381, 0.50851321574604 ] ] ], [ [ [ 121.621214502693675, 0.512099246397222 ], [ 121.621690849879101, 0.512618040648158 ], [ 121.621203843982869, 0.514672029310868 ], [ 121.618610051106288, 0.516366030060675 ], [ 121.616749723428882, 0.516270336465317 ], [ 121.617276094666678, 0.512649798729301 ], [ 121.618853567375396, 0.512014541539161 ], [ 121.621214502693675, 0.512099246397222 ] ] ], [ [ [ 121.626853570609313, 0.878732749805264 ], [ 121.629730706192603, 0.887427737731548 ], [ 121.628868468570857, 0.887254719119488 ], [ 121.627395948865839, 0.884381635704043 ], [ 121.621826696065483, 0.881631465849884 ], [ 121.617134644176687, 0.881912147507178 ], [ 121.612709356447979, 0.882926808637583 ], [ 121.610924246949011, 0.882581594263874 ], [ 121.60884908912503, 0.880718966598968 ], [ 121.607613090400591, 0.878395734565194 ], [ 121.605286215280984, 0.876905258601033 ], [ 121.603569402474847, 0.873366837518672 ], [ 121.602081749408953, 0.872764109414446 ], [ 121.598968899690163, 0.872977963920993 ], [ 121.596184092855083, 0.872207848056581 ], [ 121.593292711109498, 0.873386792176865 ], [ 121.590027239784064, 0.872542439991184 ], [ 121.587128186521099, 0.873225973172174 ], [ 121.583359301889345, 0.87158148278724 ], [ 121.580994145919504, 0.871935300436375 ], [ 121.578537487211847, 0.871460591552973 ], [ 121.577057426161772, 0.872378892142498 ], [ 121.573990344823187, 0.870437189130611 ], [ 121.571693868558739, 0.871112741200539 ], [ 121.56697887261555, 0.874444665053096 ], [ 121.562836227793881, 0.873761700178575 ], [ 121.560997438241799, 0.875883321568258 ], [ 121.557404061670383, 0.877993446531553 ], [ 121.546608564531226, 0.878331439327793 ], [ 121.543243750206187, 0.876819925991965 ], [ 121.538216121358374, 0.87619460092113 ], [ 121.536087626945829, 0.874563101392232 ], [ 121.536949748094344, 0.872754080264846 ], [ 121.535293917073687, 0.86936470920512 ], [ 121.534698887756846, 0.866618255091565 ], [ 121.535835644799207, 0.86248911740717 ], [ 121.535919779340674, 0.85980284532968 ], [ 121.533165374717541, 0.853166578325846 ], [ 121.532173748441238, 0.852246222080764 ], [ 121.527509536732481, 0.852226881816263 ], [ 121.526149074994095, 0.848105652435214 ], [ 121.523544875811226, 0.845964623189763 ], [ 121.523331222332928, 0.836967753198357 ], [ 121.524721312564921, 0.834740914805563 ], [ 121.525995871473384, 0.83059727777953 ], [ 121.529383266975174, 0.828633180374991 ], [ 121.532596142167819, 0.828634379844315 ], [ 121.534595014427268, 0.824660783305573 ], [ 121.533119688098964, 0.821996121284938 ], [ 121.533468227439457, 0.818633390935828 ], [ 121.531993403957813, 0.814571105881354 ], [ 121.532081200734055, 0.81247483718637 ], [ 121.532211636131734, 0.812038143737857 ], [ 121.534252312901799, 0.81195155501411 ], [ 121.534401247171601, 0.810822977532863 ], [ 121.533576733935519, 0.809730788042016 ], [ 121.535009791521716, 0.808945160456274 ], [ 121.53444609884464, 0.807110654925145 ], [ 121.538659269904855, 0.802613755287949 ], [ 121.538834289373995, 0.799163545592227 ], [ 121.539790765469647, 0.795495277835299 ], [ 121.537621149729517, 0.791782230472213 ], [ 121.536722192753274, 0.784342174603578 ], [ 121.53707808233473, 0.782278567689785 ], [ 121.539203582747561, 0.779629110243638 ], [ 121.539119540719199, 0.777449042254572 ], [ 121.540394675318268, 0.776167097360867 ], [ 121.541415574684819, 0.773645421681399 ], [ 121.539597188324578, 0.772360354416177 ], [ 121.540684387764301, 0.769710596236726 ], [ 121.542705351895194, 0.769753687382311 ], [ 121.542454094502872, 0.76551540371784 ], [ 121.543590815136767, 0.765854885257076 ], [ 121.544642466393867, 0.767847194588276 ], [ 121.54763172325795, 0.768144845208871 ], [ 121.548978171389066, 0.770179654747514 ], [ 121.5512942243178, 0.769417539772297 ], [ 121.555799222164566, 0.769334356845439 ], [ 121.556051022008475, 0.771156890458533 ], [ 121.556766622620216, 0.771411367465289 ], [ 121.557735260299268, 0.770648858414367 ], [ 121.558141552767822, 0.768929639583247 ], [ 121.557994924049055, 0.768289414802323 ], [ 121.555207196460543, 0.766466372797501 ], [ 121.555011862045504, 0.765382886009034 ], [ 121.555745829210679, 0.764447462944515 ], [ 121.557409346465562, 0.763758530836176 ], [ 121.561372184987789, 0.763661368647126 ], [ 121.562351177384798, 0.761297922095414 ], [ 121.566264789382302, 0.761496162718975 ], [ 121.57174451461924, 0.760119136545887 ], [ 121.573065818219106, 0.758445147344942 ], [ 121.575610109571727, 0.757805811201981 ], [ 121.578475521973843, 0.754839387008053 ], [ 121.572662780227688, 0.751956452256684 ], [ 121.571850018443143, 0.749999964760937 ], [ 121.567540096797174, 0.74763999375139 ], [ 121.566930092167155, 0.74643002744966 ], [ 121.566899905582289, 0.743399985373037 ], [ 121.564109864112694, 0.742599982500378 ], [ 121.562829995743982, 0.740349972715491 ], [ 121.562849918909322, 0.738640015838596 ], [ 121.559300003733284, 0.736460001268133 ], [ 121.558050075882903, 0.736279977908358 ], [ 121.556570093486812, 0.734679977803863 ], [ 121.553099973365065, 0.734109969454719 ], [ 121.553710091957342, 0.733209967928081 ], [ 121.553269918855989, 0.732110012017193 ], [ 121.549440015334469, 0.728430034894876 ], [ 121.548269948798279, 0.726129981522758 ], [ 121.547879974904035, 0.724330024805573 ], [ 121.548659945873084, 0.723450003985979 ], [ 121.548710010028486, 0.722290007919844 ], [ 121.547370015384971, 0.720179976891897 ], [ 121.546089996666396, 0.719300001219478 ], [ 121.546480083641114, 0.71809001793933 ], [ 121.545660055299095, 0.715129986468908 ], [ 121.54680994234316, 0.714659975169516 ], [ 121.546049973699951, 0.712660009136377 ], [ 121.546870063739817, 0.710060012907041 ], [ 121.548429992228336, 0.708289998691667 ], [ 121.548840082125665, 0.703210013050457 ], [ 121.550800051783, 0.698839996425802 ], [ 121.552989886630399, 0.696549970720914 ], [ 121.554398885736504, 0.689695879657668 ], [ 121.556860000479091, 0.690900033064166 ], [ 121.558650126102549, 0.691039991403128 ], [ 121.563240096392093, 0.688260014753359 ], [ 121.565809902485611, 0.687509962943897 ], [ 121.56975999387862, 0.684769976734776 ], [ 121.572560078289712, 0.681010011225167 ], [ 121.572080085420438, 0.678690031359173 ], [ 121.572779934575507, 0.677129996538914 ], [ 121.57609006287035, 0.673700006060249 ], [ 121.579550114563958, 0.671250033177904 ], [ 121.580779934555935, 0.668129966757744 ], [ 121.580240012159365, 0.667170032174367 ], [ 121.582800055633726, 0.66619001053879 ], [ 121.584657489242247, 0.666645035338496 ], [ 121.58553992333951, 0.66474996763378 ], [ 121.58519006388947, 0.663839973331113 ], [ 121.583910083722998, 0.663690016562688 ], [ 121.584330036979878, 0.660989994426329 ], [ 121.58260997525305, 0.660269966868219 ], [ 121.579989921402898, 0.661010015628625 ], [ 121.578240028736758, 0.659559989374889 ], [ 121.577379926278695, 0.653999991915653 ], [ 121.575610125460088, 0.650459982651084 ], [ 121.579431093402135, 0.651414696807882 ], [ 121.58088013449165, 0.652410003853907 ], [ 121.582299991683925, 0.652349992310794 ], [ 121.588369922114211, 0.650289979595895 ], [ 121.590449994419629, 0.647749965792519 ], [ 121.590679897465833, 0.646899984017955 ], [ 121.590120049187959, 0.645870021153447 ], [ 121.591409886089153, 0.643869981030774 ], [ 121.590080069660445, 0.641159992335814 ], [ 121.590019308046394, 0.638499112676802 ], [ 121.591585470793447, 0.637317323090612 ], [ 121.592362218504746, 0.632633164220939 ], [ 121.602836266215675, 0.617802029615175 ], [ 121.606327834663645, 0.611557014039219 ], [ 121.605942790051898, 0.601016977005129 ], [ 121.60206641221238, 0.594770122383279 ], [ 121.596251539988288, 0.58774202925501 ], [ 121.592763083601952, 0.581885677548319 ], [ 121.587723009443934, 0.578761464697228 ], [ 121.586560101581924, 0.57641899212256 ], [ 121.585786164275675, 0.570172984902859 ], [ 121.586950316571844, 0.566269601729372 ], [ 121.601410996237462, 0.546257385509472 ], [ 121.60240778980409, 0.548464459001261 ], [ 121.60210376934549, 0.551878969072037 ], [ 121.603313480477922, 0.553526467633345 ], [ 121.60231614728491, 0.551365385767442 ], [ 121.602392650899375, 0.549579025556488 ], [ 121.602667447887114, 0.548678198653727 ], [ 121.603888798935145, 0.548571328001044 ], [ 121.604514784230929, 0.546662851823863 ], [ 121.605660676780488, 0.546264274281514 ], [ 121.606857294359116, 0.549921650935934 ], [ 121.608300273326975, 0.549373624525638 ], [ 121.607360746348178, 0.542427951607225 ], [ 121.605660532213633, 0.539542291861137 ], [ 121.605985016675419, 0.538658715523441 ], [ 121.6089266386997, 0.538435007892444 ], [ 121.610022519307392, 0.539430451506293 ], [ 121.609407355060824, 0.541935811832337 ], [ 121.61033574186132, 0.544843838684459 ], [ 121.612807718491737, 0.545559644909597 ], [ 121.61307610563145, 0.546890611146464 ], [ 121.614205714728115, 0.547729482172619 ], [ 121.615346462279817, 0.547751829236907 ], [ 121.616129412552795, 0.54699127129699 ], [ 121.618198488978635, 0.548959777367317 ], [ 121.619619082166594, 0.548109732149102 ], [ 121.619898782028798, 0.546633362426094 ], [ 121.618959140685234, 0.545033971232742 ], [ 121.619805965960822, 0.543652664884862 ], [ 121.619762252794573, 0.539545777098835 ], [ 121.618429784779011, 0.536836985446874 ], [ 121.618495411454305, 0.529606290463489 ], [ 121.617446813875404, 0.526788292333444 ], [ 121.617097400111518, 0.523598913845822 ], [ 121.618757523210959, 0.522506644877216 ], [ 121.625354604324698, 0.522834346216881 ], [ 121.625922689626975, 0.523686297363755 ], [ 121.625158174370625, 0.527487333578689 ], [ 121.625354806377388, 0.529606307342787 ], [ 121.623603427114972, 0.535746050538952 ], [ 121.624273050764302, 0.535768355087205 ], [ 121.625009449464727, 0.53474187938499 ], [ 121.63169369021486, 0.533240116260556 ], [ 121.631430494959318, 0.535735489625919 ], [ 121.630446179318412, 0.537453651650752 ], [ 121.630000764417275, 0.537982383978806 ], [ 121.629166073837155, 0.537843238804045 ], [ 121.628331085944723, 0.539039846831821 ], [ 121.628804253893804, 0.539958168231367 ], [ 121.629889450450065, 0.539819033899489 ], [ 121.630884087367434, 0.540916019754976 ], [ 121.62960878286286, 0.553007274540205 ], [ 121.628817278466258, 0.617808843931753 ], [ 121.630364182203976, 0.634595221791932 ], [ 121.630362011817269, 0.642793041224996 ], [ 121.628422475180102, 0.64474440433858 ], [ 121.627646458157997, 0.646696009690393 ], [ 121.626662256966071, 0.66149878388063 ], [ 121.624129941955502, 0.661579974374602 ], [ 121.622769971277378, 0.662259994030121 ], [ 121.621839926086565, 0.663729986869042 ], [ 121.619509977356785, 0.664080025153799 ], [ 121.618290067314476, 0.66693998310444 ], [ 121.615630117334106, 0.667630015244134 ], [ 121.616410048381681, 0.669829993220992 ], [ 121.614830130592011, 0.668870034727318 ], [ 121.611889933002971, 0.668700035525047 ], [ 121.611409925347843, 0.667300030790328 ], [ 121.610439960086481, 0.666940019265203 ], [ 121.608719872622643, 0.670219970201655 ], [ 121.606566453239651, 0.670866608665852 ], [ 121.606839927116624, 0.672839966485581 ], [ 121.608760064950602, 0.674039989790662 ], [ 121.608759868311182, 0.675720027311852 ], [ 121.609829929377696, 0.676569964799709 ], [ 121.610339914446982, 0.678179984092351 ], [ 121.612960011485058, 0.67843003340907 ], [ 121.613780022738723, 0.680840029547189 ], [ 121.613270102448993, 0.683909969852357 ], [ 121.611339973856843, 0.685220030934373 ], [ 121.61300013477917, 0.687339997643397 ], [ 121.61338003067614, 0.69021997674624 ], [ 121.610929942489406, 0.69428997393671 ], [ 121.616659924498634, 0.699260002656663 ], [ 121.621619874738755, 0.70191000389964 ], [ 121.622139886505465, 0.703769967870391 ], [ 121.625026277976104, 0.708476389849464 ], [ 121.625090108143382, 0.71100997874459 ], [ 121.626799924051085, 0.713280000295233 ], [ 121.625395106163737, 0.715487327733397 ], [ 121.62644987641275, 0.7186700316658 ], [ 121.625753388893799, 0.722955515337729 ], [ 121.6266201155304, 0.72306000520018 ], [ 121.626919983406523, 0.723999966447684 ], [ 121.628549876221726, 0.72406003086086 ], [ 121.629499988533226, 0.725120033267599 ], [ 121.630559929476235, 0.731609997920755 ], [ 121.632959981166422, 0.73080999551066 ], [ 121.634319900918172, 0.732300033736086 ], [ 121.632345930845972, 0.739996754286585 ], [ 121.633087464753672, 0.740921523083236 ], [ 121.633298841615996, 0.742912837776819 ], [ 121.632733174228662, 0.744406098008197 ], [ 121.634498616882325, 0.746540140994432 ], [ 121.63488635833167, 0.74931380961579 ], [ 121.633041805389468, 0.756886405958666 ], [ 121.633997488379009, 0.759864891929061 ], [ 121.636320080843674, 0.760827762652481 ], [ 121.63677551400535, 0.761698461907043 ], [ 121.636273483981313, 0.764355753398425 ], [ 121.637730727555919, 0.765272562621453 ], [ 121.638690907531, 0.769112851016294 ], [ 121.636731935530747, 0.770761681691665 ], [ 121.637231768801513, 0.774152341532384 ], [ 121.63668453079336, 0.775893272980097 ], [ 121.634771038529522, 0.777542039882126 ], [ 121.633813516710532, 0.780336613689867 ], [ 121.633858188905634, 0.782856639610605 ], [ 121.630713732999752, 0.787987200479732 ], [ 121.630433387464251, 0.79008816219047 ], [ 121.631844552691774, 0.792791865189733 ], [ 121.631434174379024, 0.794120451478184 ], [ 121.630704962675992, 0.79503654914773 ], [ 121.628381736774472, 0.795997972105509 ], [ 121.625874892764941, 0.800304023750718 ], [ 121.620499653362558, 0.801860008146091 ], [ 121.619314303263678, 0.804883558202283 ], [ 121.616566499709833, 0.805950665769748 ], [ 121.604277088940009, 0.813970201077039 ], [ 121.606199325533638, 0.815560812392411 ], [ 121.607501244968745, 0.818182082106409 ], [ 121.608021378716998, 0.821065162069088 ], [ 121.607190449582603, 0.835020625253966 ], [ 121.605846047458044, 0.840632248616577 ], [ 121.611401341068245, 0.845356946431783 ], [ 121.615359304206635, 0.84682939446302 ], [ 121.614524185693355, 0.850176102581122 ], [ 121.617132985147776, 0.854016282654788 ], [ 121.618565844393601, 0.854759381039925 ], [ 121.623646524945428, 0.855110709111271 ], [ 121.626252462827978, 0.854412735565466 ], [ 121.627946657783951, 0.853015517519848 ], [ 121.632575544001128, 0.855034568451094 ], [ 121.632747672641003, 0.859764443656372 ], [ 121.633962640039684, 0.862123641803967 ], [ 121.63387544056431, 0.863346624058456 ], [ 121.63196401252695, 0.865224261582673 ], [ 121.631572498832597, 0.867058708924615 ], [ 121.627725676387485, 0.868730149327233 ], [ 121.624685089312379, 0.870913112275771 ], [ 121.622903812280555, 0.873140129799408 ], [ 121.623641141213398, 0.875499222222151 ], [ 121.626853570609313, 0.878732749805264 ] ] ] ] } },
{ "type": "Feature", "properties": { "KECAMATAN": "LEMITO", "ID": 41, "KEMISKINAN": "41.33", "STUNTING": "6.93" }, "geometry": { "type": "MultiPolygon", "coordinates": [ [ [ [ 121.527509536732481, 0.852226881816263 ], [ 121.518265217197182, 0.849709530741114 ], [ 121.516586701439252, 0.84986991214012 ], [ 121.513504605633301, 0.847836169854785 ], [ 121.511993930229238, 0.848167112961482 ], [ 121.509247389941407, 0.847534932425296 ], [ 121.506531346133869, 0.845726734558481 ], [ 121.50178563818227, 0.846077333704462 ], [ 121.501152492126067, 0.843907615088488 ], [ 121.501800974006613, 0.842689092465951 ], [ 121.500236882653027, 0.843228169409747 ], [ 121.498520492643621, 0.842621190758939 ], [ 121.494186921479653, 0.839446564582422 ], [ 121.487480623002938, 0.839864015960776 ], [ 121.4834042975382, 0.839511181479855 ], [ 121.483236774851989, 0.839274988051484 ], [ 121.482347763649912, 0.835896104037301 ], [ 121.482063878354822, 0.829370251771619 ], [ 121.483978629435441, 0.822153651164568 ], [ 121.488282329081343, 0.817343748185904 ], [ 121.490195588221084, 0.813254686901308 ], [ 121.498561259005641, 0.811092597848271 ], [ 121.502865373509024, 0.805079747730728 ], [ 121.508368096221005, 0.788000655421603 ], [ 121.507892618769461, 0.781264314432937 ], [ 121.503832958433918, 0.771880288101654 ], [ 121.505029568910487, 0.767069127702333 ], [ 121.508376690203235, 0.763461592293089 ], [ 121.511723310602434, 0.761297586270002 ], [ 121.514831491453364, 0.757689943207316 ], [ 121.514833531786422, 0.75167545416007 ], [ 121.512209171097567, 0.738442636104883 ], [ 121.506953791547886, 0.730982923848087 ], [ 121.506394580721363, 0.72651468719612 ], [ 121.507320132331913, 0.726029999416431 ], [ 121.506419978024638, 0.72441001008424 ], [ 121.506699888712689, 0.723580014356449 ], [ 121.508580117437759, 0.723690015552156 ], [ 121.509730058204013, 0.723019993318195 ], [ 121.51212002585207, 0.72007003204134 ], [ 121.512320085353394, 0.718720034442297 ], [ 121.513511695356769, 0.718554590531992 ], [ 121.510400048975143, 0.707940033642194 ], [ 121.51169989266738, 0.702899992466142 ], [ 121.509040816132242, 0.699306111207063 ], [ 121.507919179689139, 0.696623648681003 ], [ 121.507247949833442, 0.691929206933848 ], [ 121.506134171325087, 0.690140927553093 ], [ 121.505683895186309, 0.687234840043613 ], [ 121.503227315280327, 0.686117107712034 ], [ 121.500320391392236, 0.682316928271218 ], [ 121.500320447218513, 0.679410848934401 ], [ 121.504791240194521, 0.677622481517046 ], [ 121.505905141749523, 0.676281246880448 ], [ 121.506355387665266, 0.67382228060203 ], [ 121.506134048007112, 0.664880601054127 ], [ 121.507476798194418, 0.661527444303998 ], [ 121.509040809710541, 0.659962631921571 ], [ 121.509399164503492, 0.659604150857538 ], [ 121.509029891463783, 0.662679992397051 ], [ 121.509560030230801, 0.667140013730636 ], [ 121.510260036503752, 0.668759991076682 ], [ 121.512379955173429, 0.670010014298859 ], [ 121.512829985870582, 0.671030030563378 ], [ 121.512879935851615, 0.672970034093998 ], [ 121.512200029796432, 0.674510029684603 ], [ 121.512709974699618, 0.676999965150236 ], [ 121.51570986878103, 0.678019993442467 ], [ 121.522689890761441, 0.678869972945959 ], [ 121.52467987855394, 0.678110017025721 ], [ 121.527229990149877, 0.678269992518663 ], [ 121.532180079952383, 0.67182001427347 ], [ 121.532059912525966, 0.66994003270767 ], [ 121.534129987765823, 0.667050006762002 ], [ 121.53419003778518, 0.664310019244949 ], [ 121.536430081958088, 0.661980006069305 ], [ 121.535960027699986, 0.658340018518819 ], [ 121.538549896563183, 0.655999995288523 ], [ 121.540006312970291, 0.652732800153109 ], [ 121.54609001513829, 0.652249994259 ], [ 121.546670123172348, 0.6510900101767 ], [ 121.548069896009011, 0.651480031091465 ], [ 121.548999934463254, 0.649970030330058 ], [ 121.552659954742822, 0.65001002099808 ], [ 121.557049933531488, 0.648189966832922 ], [ 121.557969948642423, 0.647370014994761 ], [ 121.557830136461831, 0.645350031455392 ], [ 121.56039990346369, 0.6455900177433 ], [ 121.561590125648863, 0.644369994393577 ], [ 121.5634000380402, 0.645000015746886 ], [ 121.564139880419916, 0.643899983602756 ], [ 121.566150097997905, 0.644109988806383 ], [ 121.569399875064732, 0.638330011977315 ], [ 121.569249875706106, 0.637570023050769 ], [ 121.567689952336522, 0.636529968402497 ], [ 121.567500067863051, 0.634809984690596 ], [ 121.567949929871403, 0.634530014570798 ], [ 121.568289952532368, 0.635490023276395 ], [ 121.569090038689509, 0.635829979121558 ], [ 121.570780042930778, 0.635539967511454 ], [ 121.57119013029822, 0.634919970181533 ], [ 121.569380133776306, 0.631500022859575 ], [ 121.568739996102323, 0.627360025722998 ], [ 121.569259910111242, 0.624480001744763 ], [ 121.568920023631662, 0.623000008393957 ], [ 121.569820038008814, 0.620299986626192 ], [ 121.569599888305902, 0.617270030780324 ], [ 121.572129875421439, 0.615079973742381 ], [ 121.572799996744052, 0.613200033280057 ], [ 121.569919883106877, 0.611220005007516 ], [ 121.569879940395509, 0.60831000773752 ], [ 121.568230068334316, 0.606580026180046 ], [ 121.56821750911709, 0.604153069065836 ], [ 121.566247149437146, 0.601873414534024 ], [ 121.566023845572332, 0.599015308637361 ], [ 121.568115886442371, 0.598714989779046 ], [ 121.568190881257451, 0.597511601625653 ], [ 121.567966727014806, 0.596834692183021 ], [ 121.56572574993757, 0.595480263034274 ], [ 121.568490312182661, 0.594804065096808 ], [ 121.568266437951678, 0.594127155910682 ], [ 121.566473227408068, 0.594051435086405 ], [ 121.56639875770496, 0.593224130772816 ], [ 121.567594514500939, 0.592171469748868 ], [ 121.568416922470391, 0.589764902936372 ], [ 121.571449351640567, 0.586797686776839 ], [ 121.570999187145986, 0.584984366347561 ], [ 121.571581959793022, 0.58088652088478 ], [ 121.570483777761396, 0.579129953567401 ], [ 121.570290783581825, 0.576202746794783 ], [ 121.573198937623673, 0.573861772840543 ], [ 121.573005453336592, 0.572886015594696 ], [ 121.570485414548642, 0.5725601355251 ], [ 121.569839639448929, 0.571519223626558 ], [ 121.569826331812962, 0.569698526511173 ], [ 121.570745135397019, 0.56794183211518 ], [ 121.56971145799433, 0.566445457220963 ], [ 121.567773114043206, 0.566314890456274 ], [ 121.567385686061243, 0.565078882962409 ], [ 121.570617024501971, 0.562542816209541 ], [ 121.571068196093265, 0.561436710682548 ], [ 121.572606441757699, 0.55581138756625 ], [ 121.572327892509065, 0.552435892223633 ], [ 121.573865648090063, 0.548779536553665 ], [ 121.574087018253863, 0.543461078937311 ], [ 121.575267855454868, 0.534700704895039 ], [ 121.577502819071611, 0.535947783499422 ], [ 121.579279929721011, 0.535190509751624 ], [ 121.580623546122439, 0.535654636359171 ], [ 121.581392970113626, 0.536277580309283 ], [ 121.581075470384278, 0.537315788304058 ], [ 121.582443427638324, 0.535715722966055 ], [ 121.584202217419076, 0.536509647496706 ], [ 121.584483380198535, 0.535984424068401 ], [ 121.585839031177201, 0.53663181233726 ], [ 121.588391755646171, 0.53647910822586 ], [ 121.589567372580007, 0.534967598773504 ], [ 121.590376684066641, 0.531822402702007 ], [ 121.592315788540617, 0.531120058107613 ], [ 121.593537186641584, 0.533242311765223 ], [ 121.592804259426742, 0.535074479496798 ], [ 121.592865255384368, 0.537227239844649 ], [ 121.594193734921504, 0.537624201628626 ], [ 121.594972232716444, 0.539105217455225 ], [ 121.59784280999321, 0.538876201119551 ], [ 121.598651769712333, 0.538525028238732 ], [ 121.599002988957309, 0.537364646966951 ], [ 121.598835138611065, 0.535929451801218 ], [ 121.596743322217009, 0.532784284092722 ], [ 121.597812051052387, 0.529654327829663 ], [ 121.598346587112786, 0.528570300960238 ], [ 121.599568060932299, 0.527883260426973 ], [ 121.602514788623395, 0.527364145723128 ], [ 121.604560650637239, 0.528906218286549 ], [ 121.607614242509044, 0.533914093726482 ], [ 121.607171516917134, 0.534982847390184 ], [ 121.603339075174233, 0.537502057319292 ], [ 121.601766697077977, 0.545288736869152 ], [ 121.597430598146332, 0.545197099155645 ], [ 121.596163200246195, 0.547746876360486 ], [ 121.597964754323755, 0.545792576596691 ], [ 121.600392534585922, 0.54573149437954 ], [ 121.601410996237462, 0.546257385509472 ], [ 121.586950316571844, 0.566269601729372 ], [ 121.585786164275675, 0.570172984902859 ], [ 121.586560101581924, 0.57641899212256 ], [ 121.587723009443934, 0.578761464697228 ], [ 121.592763083601952, 0.581885677548319 ], [ 121.596251539988288, 0.58774202925501 ], [ 121.60206641221238, 0.594770122383279 ], [ 121.605942790051898, 0.601016977005129 ], [ 121.606327834663645, 0.611557014039219 ], [ 121.602836266215675, 0.617802029615175 ], [ 121.592362218504746, 0.632633164220939 ], [ 121.591585470793447, 0.637317323090612 ], [ 121.590019308046394, 0.638499112676802 ], [ 121.590080069660445, 0.641159992335814 ], [ 121.591409886089153, 0.643869981030774 ], [ 121.590120049187959, 0.645870021153447 ], [ 121.590679897465833, 0.646899984017955 ], [ 121.590449994419629, 0.647749965792519 ], [ 121.588369922114211, 0.650289979595895 ], [ 121.582299991683925, 0.652349992310794 ], [ 121.58088013449165, 0.652410003853907 ], [ 121.579431093402135, 0.651414696807882 ], [ 121.575610125460088, 0.650459982651084 ], [ 121.577379926278695, 0.653999991915653 ], [ 121.578240028736758, 0.659559989374889 ], [ 121.579989921402898, 0.661010015628625 ], [ 121.58260997525305, 0.660269966868219 ], [ 121.584330036979878, 0.660989994426329 ], [ 121.583910083722998, 0.663690016562688 ], [ 121.58519006388947, 0.663839973331113 ], [ 121.58553992333951, 0.66474996763378 ], [ 121.584657489242247, 0.666645035338496 ], [ 121.582800055633726, 0.66619001053879 ], [ 121.580240012159365, 0.667170032174367 ], [ 121.580779934555935, 0.668129966757744 ], [ 121.579550114563958, 0.671250033177904 ], [ 121.57609006287035, 0.673700006060249 ], [ 121.572779934575507, 0.677129996538914 ], [ 121.572080085420438, 0.678690031359173 ], [ 121.572560078289712, 0.681010011225167 ], [ 121.56975999387862, 0.684769976734776 ], [ 121.565809902485611, 0.687509962943897 ], [ 121.563240096392093, 0.688260014753359 ], [ 121.558650126102549, 0.691039991403128 ], [ 121.556860000479091, 0.690900033064166 ], [ 121.554398885736504, 0.689695879657668 ], [ 121.552989886630399, 0.696549970720914 ], [ 121.550800051783, 0.698839996425802 ], [ 121.548840082125665, 0.703210013050457 ], [ 121.548429992228336, 0.708289998691667 ], [ 121.546870063739817, 0.710060012907041 ], [ 121.546049973699951, 0.712660009136377 ], [ 121.54680994234316, 0.714659975169516 ], [ 121.545660055299095, 0.715129986468908 ], [ 121.546480083641114, 0.71809001793933 ], [ 121.546089996666396, 0.719300001219478 ], [ 121.547370015384971, 0.720179976891897 ], [ 121.548710010028486, 0.722290007919844 ], [ 121.548659945873084, 0.723450003985979 ], [ 121.547879974904035, 0.724330024805573 ], [ 121.548269948798279, 0.726129981522758 ], [ 121.549440015334469, 0.728430034894876 ], [ 121.553269918855989, 0.732110012017193 ], [ 121.553710091957342, 0.733209967928081 ], [ 121.553099973365065, 0.734109969454719 ], [ 121.556570093486812, 0.734679977803863 ], [ 121.558050075882903, 0.736279977908358 ], [ 121.559300003733284, 0.736460001268133 ], [ 121.562849918909322, 0.738640015838596 ], [ 121.562829995743982, 0.740349972715491 ], [ 121.564109864112694, 0.742599982500378 ], [ 121.566899905582289, 0.743399985373037 ], [ 121.566930092167155, 0.74643002744966 ], [ 121.567540096797174, 0.74763999375139 ], [ 121.571850018443143, 0.749999964760937 ], [ 121.572662780227688, 0.751956452256684 ], [ 121.578475521973843, 0.754839387008053 ], [ 121.575610109571727, 0.757805811201981 ], [ 121.573065818219106, 0.758445147344942 ], [ 121.57174451461924, 0.760119136545887 ], [ 121.566264789382302, 0.761496162718975 ], [ 121.562351177384798, 0.761297922095414 ], [ 121.561372184987789, 0.763661368647126 ], [ 121.557409346465562, 0.763758530836176 ], [ 121.555745829210679, 0.764447462944515 ], [ 121.555011862045504, 0.765382886009034 ], [ 121.555207196460543, 0.766466372797501 ], [ 121.557994924049055, 0.768289414802323 ], [ 121.558141552767822, 0.768929639583247 ], [ 121.557735260299268, 0.770648858414367 ], [ 121.556766622620216, 0.771411367465289 ], [ 121.556051022008475, 0.771156890458533 ], [ 121.555799222164566, 0.769334356845439 ], [ 121.5512942243178, 0.769417539772297 ], [ 121.548978171389066, 0.770179654747514 ], [ 121.54763172325795, 0.768144845208871 ], [ 121.544642466393867, 0.767847194588276 ], [ 121.543590815136767, 0.765854885257076 ], [ 121.542454094502872, 0.76551540371784 ], [ 121.542705351895194, 0.769753687382311 ], [ 121.540684387764301, 0.769710596236726 ], [ 121.539597188324578, 0.772360354416177 ], [ 121.541415574684819, 0.773645421681399 ], [ 121.540394675318268, 0.776167097360867 ], [ 121.539119540719199, 0.777449042254572 ], [ 121.539203582747561, 0.779629110243638 ], [ 121.53707808233473, 0.782278567689785 ], [ 121.536722192753274, 0.784342174603578 ], [ 121.537621149729517, 0.791782230472213 ], [ 121.539790765469647, 0.795495277835299 ], [ 121.538834289373995, 0.799163545592227 ], [ 121.538659269904855, 0.802613755287949 ], [ 121.53444609884464, 0.807110654925145 ], [ 121.535009791521716, 0.808945160456274 ], [ 121.533576733935519, 0.809730788042016 ], [ 121.534401247171601, 0.810822977532863 ], [ 121.534252312901799, 0.81195155501411 ], [ 121.532211636131734, 0.812038143737857 ], [ 121.532081200734055, 0.81247483718637 ], [ 121.531993403957813, 0.814571105881354 ], [ 121.533468227439457, 0.818633390935828 ], [ 121.533119688098964, 0.821996121284938 ], [ 121.534595014427268, 0.824660783305573 ], [ 121.532596142167819, 0.828634379844315 ], [ 121.529383266975174, 0.828633180374991 ], [ 121.525995871473384, 0.83059727777953 ], [ 121.524721312564921, 0.834740914805563 ], [ 121.523331222332928, 0.836967753198357 ], [ 121.523544875811226, 0.845964623189763 ], [ 121.526149074994095, 0.848105652435214 ], [ 121.527509536732481, 0.852226881816263 ] ] ] ] } },
{ "type": "Feature", "properties": { "KECAMATAN": "LEMITO", "ID": 42, "KEMISKINAN": "41.33", "STUNTING": "6.93" }, "geometry": { "type": "MultiPolygon", "coordinates": [ [ [ [ 121.574087018253863, 0.543461078937311 ], [ 121.573865648090063, 0.548779536553665 ], [ 121.572327892509065, 0.552435892223633 ], [ 121.572606441757699, 0.55581138756625 ], [ 121.571068196093265, 0.561436710682548 ], [ 121.570617024501971, 0.562542816209541 ], [ 121.567385686061243, 0.565078882962409 ], [ 121.567773114043206, 0.566314890456274 ], [ 121.56971145799433, 0.566445457220963 ], [ 121.570745135397019, 0.56794183211518 ], [ 121.569826331812962, 0.569698526511173 ], [ 121.568800018664987, 0.569086320105603 ], [ 121.568971109091436, 0.567512096062748 ], [ 121.567142154060363, 0.566680080069757 ], [ 121.566714224257211, 0.564594979140685 ], [ 121.568586185211643, 0.562925962751768 ], [ 121.571908538549323, 0.550826121225176 ], [ 121.563746136831597, 0.55138592634921 ], [ 121.558470702245003, 0.552389845448884 ], [ 121.554870153117889, 0.555096316866885 ], [ 121.550771252911616, 0.553208703226913 ], [ 121.55074993614042, 0.549640013977379 ], [ 121.55126000843363, 0.548746262710251 ], [ 121.56676142818047, 0.546976743602832 ], [ 121.572259778028339, 0.547244168653291 ], [ 121.572679848804455, 0.543445729061807 ], [ 121.574087018253863, 0.543461078937311 ] ] ] ] } },
{ "type": "Feature", "properties": { "KECAMATAN": "POPAYATO TIMUR", "ID": 124, "KEMISKINAN": "29.05", "STUNTING": "4.73" }, "geometry": { "type": "MultiPolygon", "coordinates": [ [ [ [ 121.560514562905723, 0.47354903762785 ], [ 121.562456838873686, 0.477602907820804 ], [ 121.562456887831161, 0.481403445269466 ], [ 121.563470319645717, 0.481882026432165 ], [ 121.564286664037795, 0.483683740749372 ], [ 121.563695559867199, 0.485541753712235 ], [ 121.560542714090758, 0.486611536987889 ], [ 121.559472816650782, 0.486301853712421 ], [ 121.55888173430219, 0.485400993139793 ], [ 121.559219441651749, 0.48427492848476 ], [ 121.562062782060906, 0.481037450717912 ], [ 121.561302765568513, 0.478391191222203 ], [ 121.559726178597927, 0.477715528702669 ], [ 121.560514562905723, 0.47354903762785 ] ] ], [ [ [ 121.582765215975186, 0.496230070511237 ], [ 121.584930056405838, 0.498017326441067 ], [ 121.585232253268217, 0.500182179362794 ], [ 121.582362597962657, 0.501516328860072 ], [ 121.579014650669478, 0.500987695422515 ], [ 121.578838205117449, 0.500282856569543 ], [ 121.579744502386944, 0.498948706870115 ], [ 121.579316668028341, 0.497438357496636 ], [ 121.582765215975186, 0.496230070511237 ] ] ], [ [ [ 121.575122178488911, 0.50883707332475 ], [ 121.574109510311061, 0.508698248526072 ], [ 121.573488919574132, 0.507930530384835 ], [ 121.575555074460425, 0.507718196748206 ], [ 121.575914335729067, 0.50822455553404 ], [ 121.575122178488911, 0.50883707332475 ] ] ], [ [ [ 121.518333734171591, 0.506625707654793 ], [ 121.517873273613645, 0.508711846421326 ], [ 121.515878971414622, 0.511686165849143 ], [ 121.513179214617026, 0.512309055319458 ], [ 121.518333734171591, 0.506625707654793 ] ] ], [ [ [ 121.555101142093392, 0.517096002106774 ], [ 121.551825077034337, 0.515457931446948 ], [ 121.551810288972192, 0.513805134958742 ], [ 121.554186183434339, 0.513229590533468 ], [ 121.55588310904885, 0.514351131112276 ], [ 121.556783393451525, 0.516062992160746 ], [ 121.556222520506637, 0.516948438876517 ], [ 121.555101142093392, 0.517096002106774 ] ] ], [ [ [ 121.523753178998902, 0.5192680590251 ], [ 121.522532576730484, 0.52119363798476 ], [ 121.520744419259586, 0.521365551257889 ], [ 121.520572541650381, 0.520402790507388 ], [ 121.521793344009851, 0.518821072081197 ], [ 121.523753178998902, 0.5192680590251 ] ] ], [ [ [ 121.548188356129387, 0.528056488217752 ], [ 121.547231826576848, 0.528014892424897 ], [ 121.547086286322866, 0.527273183897412 ], [ 121.547814061036689, 0.527044418964815 ], [ 121.548188356129387, 0.528056488217752 ] ] ], [ [ [ 121.533036419514488, 0.532042653493834 ], [ 121.53320166762488, 0.532538541663472 ], [ 121.532550580380317, 0.532603638590166 ], [ 121.533036419514488, 0.532042653493834 ] ] ], [ [ [ 121.52605651008183, 0.54300729609845 ], [ 121.52248518549581, 0.545141380302203 ], [ 121.518187067131208, 0.549315455050623 ], [ 121.517903172897135, 0.550663473328425 ], [ 121.514989845415386, 0.552699641941876 ], [ 121.514017747775583, 0.55546605216402 ], [ 121.506704501496984, 0.551700355238181 ], [ 121.502188182071606, 0.54773474643258 ], [ 121.494659525604561, 0.544443351012367 ], [ 121.496888172033465, 0.533960408258691 ], [ 121.512680180011216, 0.512859288397669 ], [ 121.514967677103414, 0.512786454867173 ], [ 121.517632746778659, 0.514488527951249 ], [ 121.518887782413998, 0.519027381273682 ], [ 121.518320353253799, 0.521554659942067 ], [ 121.515655543214237, 0.522345540728795 ], [ 121.51290465631827, 0.525044767596325 ], [ 121.513111093692487, 0.528242591567638 ], [ 121.512354437580058, 0.528362916449874 ], [ 121.512337469667202, 0.528878716920209 ], [ 121.513385981684948, 0.529291330265211 ], [ 121.515088145355051, 0.532987729642018 ], [ 121.516239960385334, 0.533469120858596 ], [ 121.517099721395184, 0.533073678609517 ], [ 121.517942101211133, 0.533744182706029 ], [ 121.519387711046079, 0.532526665976993 ], [ 121.5217937234696, 0.532722264558503 ], [ 121.522145916113985, 0.533367779043212 ], [ 121.523847695019413, 0.531646420021401 ], [ 121.525256022769923, 0.531372568565933 ], [ 121.526566727509248, 0.533133058789135 ], [ 121.527097130758122, 0.535245595152132 ], [ 121.525291931495161, 0.537373003827577 ], [ 121.525749544454513, 0.538614938740087 ], [ 121.522415734972881, 0.537993992306616 ], [ 121.521860063960929, 0.53590226229848 ], [ 121.520814278650747, 0.535804216936784 ], [ 121.520520146667977, 0.537732517621601 ], [ 121.521337297333417, 0.540575904523619 ], [ 121.520454861548004, 0.542994429655161 ], [ 121.520651021715494, 0.543353952458157 ], [ 121.522611798296055, 0.542242730960227 ], [ 121.523788578370159, 0.542831040395795 ], [ 121.523625116194978, 0.540772012334143 ], [ 121.525912877929699, 0.540052985657367 ], [ 121.527906601952822, 0.540870073856246 ], [ 121.527252744160194, 0.541948587685157 ], [ 121.525128565285456, 0.543059808428579 ], [ 121.52605651008183, 0.54300729609845 ] ] ] ] } },
{ "type": "Feature", "properties": { "KECAMATAN": "POPAYATO TIMUR", "ID": 125, "KEMISKINAN": "29.05", "STUNTING": "4.73" }, "geometry": { "type": "MultiPolygon", "coordinates": [ [ [ [ 121.4834042975382, 0.839511181479855 ], [ 121.482414630316612, 0.839429617863905 ], [ 121.481102394462226, 0.837798977424518 ], [ 121.476860388488987, 0.837568461969971 ], [ 121.475945005382158, 0.838519215219433 ], [ 121.475586306740439, 0.841107940211847 ], [ 121.471611526160743, 0.842502551093736 ], [ 121.469170058042579, 0.845920164317979 ], [ 121.466843149096434, 0.847162864866489 ], [ 121.464790964574377, 0.846634525756427 ], [ 121.462311355585399, 0.844941669717612 ], [ 121.455109103115873, 0.847312980279034 ], [ 121.45127147242637, 0.846293567316101 ], [ 121.449978204732901, 0.846478660421388 ], [ 121.449555732787559, 0.845579676138462 ], [ 121.447355162866529, 0.845460159471321 ], [ 121.444683997355611, 0.843323936105831 ], [ 121.443742398318918, 0.841008238970806 ], [ 121.444176255537158, 0.837252211356541 ], [ 121.445434516410245, 0.834682679493168 ], [ 121.448107470960039, 0.832983549444242 ], [ 121.448658165677244, 0.83195572414275 ], [ 121.448541109659203, 0.829741533423975 ], [ 121.451017741227119, 0.827488725448076 ], [ 121.450350922095481, 0.823890448952467 ], [ 121.453006663178968, 0.821657484484737 ], [ 121.455050274070501, 0.821065193060297 ], [ 121.456033068901348, 0.819998031246625 ], [ 121.45721195764655, 0.820077553134189 ], [ 121.457408793653599, 0.819286845151899 ], [ 121.46019903752493, 0.819208861318641 ], [ 121.461142480071771, 0.818260311561678 ], [ 121.460082638453656, 0.815215392575572 ], [ 121.461536634562506, 0.814662359600247 ], [ 121.464171027787231, 0.810946701193336 ], [ 121.467354520486637, 0.810394321939176 ], [ 121.46767016074422, 0.804979605979126 ], [ 121.467082458997126, 0.799878829078713 ], [ 121.46896819265622, 0.801026153206505 ], [ 121.471281182256149, 0.797802958109193 ], [ 121.470347153328618, 0.795337256677895 ], [ 121.471195487950908, 0.78879306855991 ], [ 121.472353610747319, 0.788076331010599 ], [ 121.47676177413382, 0.788302079932555 ], [ 121.475871668490043, 0.787001807508068 ], [ 121.475961368954614, 0.785074392509619 ], [ 121.476807504738446, 0.785298826521261 ], [ 121.479745421425008, 0.788347974199253 ], [ 121.482015857989268, 0.789379835687773 ], [ 121.482016507557319, 0.787586772198976 ], [ 121.484599312577217, 0.787408461324288 ], [ 121.485796045093949, 0.786300500165202 ], [ 121.485707015562554, 0.785597499539135 ], [ 121.484322485612125, 0.785057456393643 ], [ 121.484054615876047, 0.784337927942067 ], [ 121.485708049801119, 0.782719845616695 ], [ 121.485753110195375, 0.781550839191167 ], [ 121.482225127792717, 0.779750981922609 ], [ 121.480886415684253, 0.775928658266798 ], [ 121.479948806836006, 0.774759299512082 ], [ 121.48026227972214, 0.772781017067912 ], [ 121.479056143480946, 0.77273557396512 ], [ 121.477760285277625, 0.774713500001409 ], [ 121.476912024529057, 0.773364282656628 ], [ 121.477091149171997, 0.771790677252246 ], [ 121.478922875224868, 0.770892086247263 ], [ 121.478809049177613, 0.768847728031039 ], [ 121.480470699318033, 0.767759570104429 ], [ 121.480145136286396, 0.763431995806583 ], [ 121.482201447959056, 0.762586043610289 ], [ 121.485705716808553, 0.763151766317192 ], [ 121.485612535555887, 0.762257990782365 ], [ 121.48444461616198, 0.762116474836914 ], [ 121.483930985465435, 0.760846231256727 ], [ 121.485520666935273, 0.758400854286299 ], [ 121.485754978952173, 0.756331246900208 ], [ 121.483606383329857, 0.753696394822176 ], [ 121.481971097812902, 0.753272514897771 ], [ 121.479400803509549, 0.753883078068815 ], [ 121.47785943890392, 0.752236229737333 ], [ 121.476421464147307, 0.752010399753642 ], [ 121.473473342787116, 0.753231300935928 ], [ 121.471264653588037, 0.753099735905236 ], [ 121.469966483166473, 0.749698643187378 ], [ 121.466329366158462, 0.746950659942511 ], [ 121.461979354382862, 0.73949396152023 ], [ 121.460682757477201, 0.732299844673099 ], [ 121.456396741542335, 0.727328261710189 ], [ 121.450811044412262, 0.723402593866771 ], [ 121.447823978704406, 0.719608544164627 ], [ 121.447761325377087, 0.713068963712002 ], [ 121.446722807049568, 0.710583502075677 ], [ 121.447633473975088, 0.706660074998942 ], [ 121.451402332270305, 0.704045513311788 ], [ 121.458029591121075, 0.701301032873678 ], [ 121.46010983135821, 0.696593183748204 ], [ 121.470052543440403, 0.686786895636891 ], [ 121.463821098705338, 0.670174182785308 ], [ 121.474133298207036, 0.628638494961029 ], [ 121.474357824632222, 0.627931074135821 ], [ 121.482285318292583, 0.621524445558483 ], [ 121.484145826546708, 0.618716502786318 ], [ 121.485259939521299, 0.612450024454168 ], [ 121.486900018230315, 0.609729974735194 ], [ 121.491449913066859, 0.607689967996548 ], [ 121.495490100742728, 0.604130033472137 ], [ 121.496480067795602, 0.601979987654309 ], [ 121.498699966450459, 0.601040008973106 ], [ 121.499510013369061, 0.599750024133625 ], [ 121.499279945739232, 0.588790003759518 ], [ 121.501049964475698, 0.589289997927542 ], [ 121.50064989462787, 0.587169981713762 ], [ 121.50339007663726, 0.587079996356108 ], [ 121.503930002246449, 0.584830008469615 ], [ 121.502340014713795, 0.581939997063428 ], [ 121.502169943176327, 0.578490015968312 ], [ 121.500470096633862, 0.576979997472291 ], [ 121.499177547112851, 0.574688720988368 ], [ 121.499284011750575, 0.572305536786208 ], [ 121.496653463299154, 0.570826721974447 ], [ 121.4963662574946, 0.56972997022263 ], [ 121.498481204017224, 0.568496277905792 ], [ 121.497635758204481, 0.566708595543473 ], [ 121.498524507384602, 0.564963901779079 ], [ 121.501392048748343, 0.563023573188657 ], [ 121.502131569851983, 0.561849821181246 ], [ 121.500750608830714, 0.558295770090131 ], [ 121.498950270170781, 0.556692579964233 ], [ 121.500206735616331, 0.555184642634918 ], [ 121.498740012958251, 0.55101094433204 ], [ 121.499141992202723, 0.550117332833642 ], [ 121.502188182071606, 0.54773474643258 ], [ 121.506704501496984, 0.551700355238181 ], [ 121.514017747775583, 0.55546605216402 ], [ 121.51364637227519, 0.569643724256883 ], [ 121.526665730196626, 0.571182147492442 ], [ 121.53206110084173, 0.573112202645829 ], [ 121.540466055243343, 0.574559090226421 ], [ 121.544159883527044, 0.574990003716023 ], [ 121.54818407323792, 0.573591064205301 ], [ 121.546339922119529, 0.578519988564983 ], [ 121.546460093421601, 0.588339984008099 ], [ 121.547329965718276, 0.59344000437803 ], [ 121.546729883564268, 0.594889983990496 ], [ 121.545290013267945, 0.595399972910746 ], [ 121.542969998937778, 0.595769962857871 ], [ 121.540199956662221, 0.594970001014969 ], [ 121.5380198854306, 0.595950024075362 ], [ 121.532860101688456, 0.602289981895963 ], [ 121.532623246936467, 0.605038188979377 ], [ 121.530609064571038, 0.606155884155788 ], [ 121.528152484612747, 0.60906189475026 ], [ 121.527931115907336, 0.612638571111743 ], [ 121.530838104025648, 0.614650461492792 ], [ 121.530838027358257, 0.618003639293994 ], [ 121.529716374224861, 0.621133221624168 ], [ 121.525466872325524, 0.622921597347412 ], [ 121.523895214383955, 0.62483239464771 ], [ 121.525024522185362, 0.626498205068158 ], [ 121.527038437357405, 0.627392394102442 ], [ 121.528373819490639, 0.630074901774078 ], [ 121.528602690438078, 0.640804968893525 ], [ 121.528152401582275, 0.642593348567564 ], [ 121.5270386985936, 0.645275859531678 ], [ 121.525695846367199, 0.646169933811533 ], [ 121.520996099806126, 0.644605242456207 ], [ 121.517753502590239, 0.644985353149528 ], [ 121.516860883269729, 0.647220717249928 ], [ 121.515296881524279, 0.64878554684312 ], [ 121.5108262250113, 0.655938843051826 ], [ 121.510604820240957, 0.658397887454241 ], [ 121.509040809710541, 0.659962631921571 ], [ 121.507476798194418, 0.661527444303998 ], [ 121.506134048007112, 0.664880601054127 ], [ 121.506355387665266, 0.67382228060203 ], [ 121.505905141749523, 0.676281246880448 ], [ 121.504791240194521, 0.677622481517046 ], [ 121.500320447218513, 0.679410848934401 ], [ 121.500320391392236, 0.682316928271218 ], [ 121.503227315280327, 0.686117107712034 ], [ 121.505683895186309, 0.687234840043613 ], [ 121.506134171325087, 0.690140927553093 ], [ 121.507247949833442, 0.691929206933848 ], [ 121.507919179689139, 0.696623648681003 ], [ 121.509040816132242, 0.699306111207063 ], [ 121.51169989266738, 0.702899992466142 ], [ 121.510400048975143, 0.707940033642194 ], [ 121.513511695356769, 0.718554590531992 ], [ 121.512320085353394, 0.718720034442297 ], [ 121.51212002585207, 0.72007003204134 ], [ 121.509730058204013, 0.723019993318195 ], [ 121.508580117437759, 0.723690015552156 ], [ 121.506699888712689, 0.723580014356449 ], [ 121.506419978024638, 0.72441001008424 ], [ 121.507320132331913, 0.726029999416431 ], [ 121.506394580721363, 0.72651468719612 ], [ 121.506953791547886, 0.730982923848087 ], [ 121.512209171097567, 0.738442636104883 ], [ 121.514833531786422, 0.75167545416007 ], [ 121.514831491453364, 0.757689943207316 ], [ 121.511723310602434, 0.761297586270002 ], [ 121.508376690203235, 0.763461592293089 ], [ 121.505029568910487, 0.767069127702333 ], [ 121.503832958433918, 0.771880288101654 ], [ 121.507892618769461, 0.781264314432937 ], [ 121.508368096221005, 0.788000655421603 ], [ 121.502865373509024, 0.805079747730728 ], [ 121.498561259005641, 0.811092597848271 ], [ 121.490195588221084, 0.813254686901308 ], [ 121.488282329081343, 0.817343748185904 ], [ 121.483978629435441, 0.822153651164568 ], [ 121.482063878354822, 0.829370251771619 ], [ 121.482347763649912, 0.835896104037301 ], [ 121.483236774851989, 0.839274988051484 ], [ 121.4834042975382, 0.839511181479855 ] ] ] ] } },
{ "type": "Feature", "properties": { "KECAMATAN": "LEMITO", "ID": 43, "KEMISKINAN": "41.33", "STUNTING": "6.93" }, "geometry": { "type": "MultiPolygon", "coordinates": [ [ [ [ 121.540006312970291, 0.652732800153109 ], [ 121.538549896563183, 0.655999995288523 ], [ 121.535960027699986, 0.658340018518819 ], [ 121.536430081958088, 0.661980006069305 ], [ 121.53419003778518, 0.664310019244949 ], [ 121.534129987765823, 0.667050006762002 ], [ 121.532059912525966, 0.66994003270767 ], [ 121.532180079952383, 0.67182001427347 ], [ 121.527229990149877, 0.678269992518663 ], [ 121.52467987855394, 0.678110017025721 ], [ 121.522689890761441, 0.678869972945959 ], [ 121.51570986878103, 0.678019993442467 ], [ 121.512709974699618, 0.676999965150236 ], [ 121.512200029796432, 0.674510029684603 ], [ 121.512879935851615, 0.672970034093998 ], [ 121.512829985870582, 0.671030030563378 ], [ 121.512379955173429, 0.670010014298859 ], [ 121.510260036503752, 0.668759991076682 ], [ 121.509560030230801, 0.667140013730636 ], [ 121.509029891463783, 0.662679992397051 ], [ 121.509399164503492, 0.659604150857538 ], [ 121.510604820240957, 0.658397887454241 ], [ 121.5108262250113, 0.655938843051826 ], [ 121.515296881524279, 0.64878554684312 ], [ 121.516860883269729, 0.647220717249928 ], [ 121.517753502590239, 0.644985353149528 ], [ 121.520996099806126, 0.644605242456207 ], [ 121.525695846367199, 0.646169933811533 ], [ 121.5270386985936, 0.645275859531678 ], [ 121.528152401582275, 0.642593348567564 ], [ 121.528602690438078, 0.640804968893525 ], [ 121.528373819490639, 0.630074901774078 ], [ 121.527038437357405, 0.627392394102442 ], [ 121.525024522185362, 0.626498205068158 ], [ 121.523895214383955, 0.62483239464771 ], [ 121.525466872325524, 0.622921597347412 ], [ 121.529716374224861, 0.621133221624168 ], [ 121.530838027358257, 0.618003639293994 ], [ 121.530838104025648, 0.614650461492792 ], [ 121.527931115907336, 0.612638571111743 ], [ 121.528152484612747, 0.60906189475026 ], [ 121.530609064571038, 0.606155884155788 ], [ 121.532623246936467, 0.605038188979377 ], [ 121.532860101688456, 0.602289981895963 ], [ 121.5380198854306, 0.595950024075362 ], [ 121.540199956662221, 0.594970001014969 ], [ 121.542969998937778, 0.595769962857871 ], [ 121.545290013267945, 0.595399972910746 ], [ 121.546729883564268, 0.594889983990496 ], [ 121.547329965718276, 0.59344000437803 ], [ 121.546460093421601, 0.588339984008099 ], [ 121.546339922119529, 0.578519988564983 ], [ 121.54818407323792, 0.573591064205301 ], [ 121.544159883527044, 0.574990003716023 ], [ 121.540466055243343, 0.574559090226421 ], [ 121.540438513310079, 0.566869587725725 ], [ 121.538951592721645, 0.561353396722373 ], [ 121.539062643332045, 0.544824223996629 ], [ 121.54092615493947, 0.544120091502629 ], [ 121.543879954883835, 0.545473224764512 ], [ 121.545203793769815, 0.544018251905252 ], [ 121.54760447522203, 0.543159794468826 ], [ 121.549568801773489, 0.541370187035826 ], [ 121.551649364094061, 0.543116150396203 ], [ 121.552362288126488, 0.542781503234488 ], [ 121.552493370287436, 0.541733939212738 ], [ 121.553031612204336, 0.542796043296976 ], [ 121.553671851644467, 0.542330481224171 ], [ 121.555829926718758, 0.537050578754359 ], [ 121.556259896016257, 0.543459994924964 ], [ 121.555829949239055, 0.546259985123418 ], [ 121.554279923754379, 0.54607999360484 ], [ 121.553379901391423, 0.546879993282365 ], [ 121.551860127546163, 0.546999992514072 ], [ 121.55126000843363, 0.548746262710251 ], [ 121.55074993614042, 0.549640013977379 ], [ 121.550771252911616, 0.553208703226913 ], [ 121.554870153117889, 0.555096316866885 ], [ 121.558470702245003, 0.552389845448884 ], [ 121.563746136831597, 0.55138592634921 ], [ 121.561331331620778, 0.587578338213488 ], [ 121.560290747905142, 0.587899039573001 ], [ 121.558065982487648, 0.590137626902196 ], [ 121.555352152828974, 0.594451348584455 ], [ 121.554999012166832, 0.59639007986255 ], [ 121.555811813473625, 0.600691053470035 ], [ 121.555742826159985, 0.604650508560765 ], [ 121.552077954032967, 0.615503931241532 ], [ 121.5539070285799, 0.623082015332619 ], [ 121.551279886896509, 0.626340025528469 ], [ 121.55058013954924, 0.628699992374235 ], [ 121.542697795309692, 0.630574346179378 ], [ 121.539161321144803, 0.641581938659739 ], [ 121.535949993769677, 0.645450009126689 ], [ 121.540006312970291, 0.652732800153109 ] ] ] ] } },
{ "type": "Feature", "properties": { "KECAMATAN": "LEMITO", "ID": 44, "KEMISKINAN": "41.33", "STUNTING": "6.93" }, "geometry": { "type": "MultiPolygon", "coordinates": [ [ [ [ 121.537758678768256, 0.538178494829475 ], [ 121.536733438173172, 0.539016225810238 ], [ 121.535887204054916, 0.537990867642089 ], [ 121.537758678768256, 0.538178494829475 ] ] ], [ [ [ 121.540466055243343, 0.574559090226421 ], [ 121.53206110084173, 0.573112202645829 ], [ 121.526665730196626, 0.571182147492442 ], [ 121.51364637227519, 0.569643724256883 ], [ 121.514017747775583, 0.55546605216402 ], [ 121.514989845415386, 0.552699641941876 ], [ 121.517903172897135, 0.550663473328425 ], [ 121.518187067131208, 0.549315455050623 ], [ 121.52248518549581, 0.545141380302203 ], [ 121.52605651008183, 0.54300729609845 ], [ 121.526043598522008, 0.545151490472948 ], [ 121.524670894303185, 0.54668758546442 ], [ 121.524572864566764, 0.55031537995279 ], [ 121.525062942373282, 0.550805624616855 ], [ 121.52604346780177, 0.55028267736664 ], [ 121.527122056155775, 0.548289031838776 ], [ 121.525814868167089, 0.548256346531337 ], [ 121.526958671574718, 0.547079776235302 ], [ 121.527677732991265, 0.54688369897252 ], [ 121.528363972966773, 0.547733432229345 ], [ 121.527743104266506, 0.549367577215252 ], [ 121.528952340615604, 0.548125627445648 ], [ 121.52859283847927, 0.549825125776069 ], [ 121.530348446298575, 0.548499580332793 ], [ 121.531807025506737, 0.551727913113629 ], [ 121.531643521434859, 0.554435903165116 ], [ 121.533476814479869, 0.555759941152631 ], [ 121.535179155341211, 0.555294335699772 ], [ 121.536372202741376, 0.553693856641955 ], [ 121.536124637292076, 0.552297081449913 ], [ 121.534407762322502, 0.551351346998272 ], [ 121.5330111603528, 0.549547153467254 ], [ 121.533592135503454, 0.546864100618825 ], [ 121.539062643332045, 0.544824223996629 ], [ 121.538951592721645, 0.561353396722373 ], [ 121.540438513310079, 0.566869587725725 ], [ 121.540466055243343, 0.574559090226421 ] ] ] ] } },
{ "type": "Feature", "properties": { "KECAMATAN": "POPAYATO", "ID": 106, "KEMISKINAN": "49.63", "STUNTING": "5.48" }, "geometry": { "type": "MultiPolygon", "coordinates": [ [ [ [ 121.424307023505563, 0.411499498079513 ], [ 121.425708449295385, 0.412975199282437 ], [ 121.425707582796065, 0.414522442703023 ], [ 121.42196080336322, 0.414896764895554 ], [ 121.419487113273121, 0.414121746579186 ], [ 121.419773772114496, 0.41256114028859 ], [ 121.424307023505563, 0.411499498079513 ] ] ], [ [ [ 121.443909286832763, 0.415567179339869 ], [ 121.446756856048125, 0.416837466254636 ], [ 121.447594504744302, 0.418666138926946 ], [ 121.446016891839463, 0.419364081222282 ], [ 121.442080627307362, 0.418051921745652 ], [ 121.442345781565294, 0.415930110909377 ], [ 121.443909286832763, 0.415567179339869 ] ] ] ] } },
{ "type": "Feature", "properties": { "KECAMATAN": "TALUDITI", "ID": 158, "KEMISKINAN": "44.66", "STUNTING": "8.19" }, "geometry": { "type": "MultiPolygon", "coordinates": [ ] } },
{ "type": "Feature", "properties": { "KECAMATAN": "TALUDITI", "ID": 159, "KEMISKINAN": "44.66", "STUNTING": "8.19" }, "geometry": { "type": "MultiPolygon", "coordinates": [ ] } },
{ "type": "Feature", "properties": { "KECAMATAN": "BUNTULIA", "ID": 16, "KEMISKINAN": "26.41", "STUNTING": "3.71" }, "geometry": { "type": "MultiPolygon", "coordinates": [ ] } },
{ "type": "Feature", "properties": { "KECAMATAN": "BUNTULIA", "ID": 17, "KEMISKINAN": "26.41", "STUNTING": "3.71" }, "geometry": { "type": "MultiPolygon", "coordinates": [ ] } },
{ "type": "Feature", "properties": { "KECAMATAN": "PAGUAT", "ID": 75, "KEMISKINAN": "29.77", "STUNTING": "1.4" }, "geometry": { "type": "MultiPolygon", "coordinates": [ ] } },
{ "type": "Feature", "properties": { "KECAMATAN": "MARISA", "ID": 59, "KEMISKINAN": "26.97", "STUNTING": "3.52" }, "geometry": { "type": "MultiPolygon", "coordinates": [ ] } },
{ "type": "Feature", "properties": { "KECAMATAN": "POPAYATO", "ID": 107, "KEMISKINAN": "49.63", "STUNTING": "5.48" }, "geometry": { "type": "MultiPolygon", "coordinates": [ [ [ [ 121.452957159106404, 0.485186518431306 ], [ 121.447725382532326, 0.488257115810143 ], [ 121.445470843563612, 0.490258378967326 ], [ 121.444458015523878, 0.487432225394627 ], [ 121.443171883244986, 0.487669894968974 ], [ 121.444716170328434, 0.490426469474187 ], [ 121.436748241583359, 0.492530898511973 ], [ 121.437694043638317, 0.485299957026029 ], [ 121.435033938112497, 0.484462210916035 ], [ 121.433340734741591, 0.482270896172679 ], [ 121.433539783029801, 0.481025851773154 ], [ 121.434934301079466, 0.479432184806456 ], [ 121.440574460447465, 0.47407816360402 ], [ 121.440892952733634, 0.469699734490916 ], [ 121.442577904086534, 0.466129239246186 ], [ 121.445038288942555, 0.466029714401145 ], [ 121.449109961279078, 0.476039986327521 ], [ 121.451599869707707, 0.478520013923628 ], [ 121.451939865223494, 0.483429984975942 ], [ 121.452957159106404, 0.485186518431306 ] ] ], [ [ [ 121.4391021343896, 0.47336819955683 ], [ 121.438415763686749, 0.47444451796531 ], [ 121.4369494888698, 0.474304145838573 ], [ 121.435498896772856, 0.473087444848488 ], [ 121.435311607685321, 0.470731993271386 ], [ 121.436216262881089, 0.470232838691174 ], [ 121.437526619399137, 0.473368195920671 ], [ 121.438103837469043, 0.472042296777659 ], [ 121.437464156326314, 0.47021725791376 ], [ 121.438415879473951, 0.470154835917697 ], [ 121.439024010851881, 0.471199970679152 ], [ 121.4391021343896, 0.47336819955683 ] ] ] ] } },
{ "type": "Feature", "properties": { "KECAMATAN": "POPAYATO", "ID": 108, "KEMISKINAN": "49.63", "STUNTING": "5.48" }, "geometry": { "type": "MultiPolygon", "coordinates": [ [ [ [ 121.462624582272383, 0.48508858169348 ], [ 121.454777211092491, 0.488903772036506 ], [ 121.45193986522348, 0.483429984975912 ], [ 121.451599869707735, 0.478520013923598 ], [ 121.449109961279063, 0.476039986327512 ], [ 121.445038288942442, 0.466029714401115 ], [ 121.448146963496569, 0.466129240817645 ], [ 121.44951065434455, 0.46682059416395 ], [ 121.455655569024927, 0.473061750179324 ], [ 121.458924107882723, 0.473742337526781 ], [ 121.459542143480888, 0.473201460141768 ], [ 121.460025174247107, 0.473780985813308 ], [ 121.462111574184647, 0.474167342970064 ], [ 121.465762489362646, 0.476157070201486 ], [ 121.469894948558547, 0.479897744691735 ], [ 121.462624582272383, 0.48508858169348 ] ] ] ] } },
{ "type": "Feature", "properties": { "KECAMATAN": "LEMITO", "ID": 45, "KEMISKINAN": "41.33", "STUNTING": "6.93" }, "geometry": { "type": "MultiPolygon", "coordinates": [ [ [ [ 121.574087018253863, 0.543461078937311 ], [ 121.572679848804455, 0.543445729061807 ], [ 121.572259778028339, 0.547244168653291 ], [ 121.56676142818047, 0.546976743602832 ], [ 121.55126000843363, 0.548746262710251 ], [ 121.551860127546163, 0.546999992514072 ], [ 121.553379901391423, 0.546879993282365 ], [ 121.554279923754379, 0.54607999360484 ], [ 121.555829949239055, 0.546259985123418 ], [ 121.556259896016257, 0.543459994924964 ], [ 121.555829926718758, 0.537050578754359 ], [ 121.55722201012712, 0.536510544588085 ], [ 121.556814596310218, 0.537849127379451 ], [ 121.558036649927359, 0.53822741172481 ], [ 121.562518028490615, 0.535026462063835 ], [ 121.564569738801509, 0.535361131727283 ], [ 121.565617147047789, 0.534604541471504 ], [ 121.566577578432515, 0.534808232275639 ], [ 121.567246699920247, 0.535710326502423 ], [ 121.568512607779311, 0.534662739158085 ], [ 121.567668645771391, 0.53344054936729 ], [ 121.568294280787811, 0.531781849208111 ], [ 121.570447760586205, 0.532771238041905 ], [ 121.569996787690116, 0.531869158469798 ], [ 121.570520474687967, 0.531563605507044 ], [ 121.57137902520931, 0.531621817710635 ], [ 121.572048940940647, 0.532747622300898 ], [ 121.572876004707183, 0.531766807396048 ], [ 121.574113126851813, 0.532588835621537 ], [ 121.573991040785756, 0.533614862452678 ], [ 121.575267855454868, 0.534700704895039 ], [ 121.574087018253863, 0.543461078937311 ] ] ] ] } },
{ "type": "Feature", "properties": { "KECAMATAN": "WANGGARASI", "ID": 169, "KEMISKINAN": "33.67", "STUNTING": "6.89" }, "geometry": { "type": "MultiPolygon", "coordinates": [ [ [ [ 121.739841211155976, 0.841734464208457 ], [ 121.749005218098318, 0.849999872176397 ], [ 121.752670535430411, 0.851615481718966 ], [ 121.753062920423645, 0.856507756686142 ], [ 121.752573258464395, 0.862399441929256 ], [ 121.750376514221102, 0.86853597748734 ], [ 121.749887470096155, 0.872463660330311 ], [ 121.750371717237385, 0.88301990950481 ], [ 121.749882072365267, 0.888666092424444 ], [ 121.750610077145325, 0.898976937301541 ], [ 121.751583327042681, 0.905605516223602 ], [ 121.752557998768225, 0.908060758893043 ], [ 121.757677820195227, 0.913217846426335 ], [ 121.759139744596268, 0.917146283800491 ], [ 121.760601412690448, 0.921811128320371 ], [ 121.761850711283387, 0.932378608228362 ], [ 121.758980049285583, 0.933071070902486 ], [ 121.755356346281701, 0.931978994484666 ], [ 121.747360686359229, 0.931181725720592 ], [ 121.744438542671787, 0.931425816108515 ], [ 121.735451140992268, 0.929784151408114 ], [ 121.733444569183916, 0.928852633650138 ], [ 121.730751495407844, 0.926176443745874 ], [ 121.72713509399955, 0.924440751329996 ], [ 121.724045126029637, 0.923709036846617 ], [ 121.718063722622219, 0.919912486846727 ], [ 121.709312822851416, 0.917648772789789 ], [ 121.705162413015273, 0.914266777869784 ], [ 121.701126563315938, 0.906999458174425 ], [ 121.696457248266256, 0.906794328215483 ], [ 121.691391446415537, 0.902698956887605 ], [ 121.687584430105858, 0.902632918771644 ], [ 121.684131965211009, 0.9004998950914 ], [ 121.681686428024818, 0.895257849505299 ], [ 121.683252070336152, 0.889143011889814 ], [ 121.683166417107486, 0.885997904687542 ], [ 121.687686738778552, 0.875313176569307 ], [ 121.689598165913594, 0.873522886313026 ], [ 121.689555880691046, 0.869940945126302 ], [ 121.686545781510517, 0.865837604905892 ], [ 121.684939428689518, 0.864832354432735 ], [ 121.681204736756854, 0.864437880314426 ], [ 121.678339055204333, 0.862558582358247 ], [ 121.674126356525903, 0.863299703750045 ], [ 121.673433353359201, 0.858450783299247 ], [ 121.672825621209427, 0.857926394019898 ], [ 121.669916168754526, 0.857619619087927 ], [ 121.667441200355597, 0.856220901737117 ], [ 121.665878363029719, 0.854473148513478 ], [ 121.667356241403581, 0.850979109759862 ], [ 121.666618557220545, 0.848663730551664 ], [ 121.665229272858483, 0.847658566413429 ], [ 121.661581461729043, 0.847875716710632 ], [ 121.660582934587296, 0.84717644526944 ], [ 121.659757971201429, 0.844736746481942 ], [ 121.659976155718937, 0.841417026015165 ], [ 121.657242888543351, 0.833378720242024 ], [ 121.655333119758211, 0.830451439627154 ], [ 121.655486255414075, 0.828470966144096 ], [ 121.654922462339982, 0.826723505200164 ], [ 121.655618434168673, 0.822836108386809 ], [ 121.65527180218362, 0.820739295908027 ], [ 121.651541468365394, 0.810878167803537 ], [ 121.652323867739028, 0.808781737536606 ], [ 121.652194057798738, 0.807340253825998 ], [ 121.654235073640848, 0.807384603891876 ], [ 121.655409207797902, 0.8025800218158 ], [ 121.656190590937626, 0.80271135880497 ], [ 121.656624338448978, 0.804633450100539 ], [ 121.658622788480102, 0.801751152674285 ], [ 121.659056053055451, 0.805158430234485 ], [ 121.659750984368543, 0.805202329739984 ], [ 121.661226386908766, 0.801282245268851 ], [ 121.663215057712137, 0.799971612913509 ], [ 121.664788681506479, 0.797057929148423 ], [ 121.666279491231762, 0.796698034861436 ], [ 121.666842942563449, 0.793467871580333 ], [ 121.665056913294961, 0.792434980444625 ], [ 121.664654258943415, 0.791580042655426 ], [ 121.664994921228867, 0.790484599175954 ], [ 121.666831781077803, 0.789731927791308 ], [ 121.668057507540993, 0.785007668662274 ], [ 121.669775920383358, 0.782325929041747 ], [ 121.667420271333413, 0.776515778132421 ], [ 121.668396689542305, 0.773406854252755 ], [ 121.667828328811652, 0.77177019517876 ], [ 121.665569804742177, 0.766906968313094 ], [ 121.66339233296992, 0.764159273314249 ], [ 121.665019607618547, 0.762819805996685 ], [ 121.664379402748978, 0.760139723826683 ], [ 121.66597233318862, 0.757246721770287 ], [ 121.667679245500835, 0.756233804576823 ], [ 121.668053099963686, 0.752107636865389 ], [ 121.669888280778423, 0.750319158743025 ], [ 121.669659351161272, 0.748760901664184 ], [ 121.665230120919205, 0.746486822021552 ], [ 121.662295307583008, 0.747653765199686 ], [ 121.663114890325232, 0.745867947271847 ], [ 121.662978481159826, 0.744768818370687 ], [ 121.664616740127713, 0.743257985240461 ], [ 121.665497276219185, 0.738558686794306 ], [ 121.667725193662022, 0.736979198521055 ], [ 121.666617222626655, 0.73604675266273 ], [ 121.665643300935699, 0.733778397204844 ], [ 121.667213920994413, 0.73213348595192 ], [ 121.667135302262636, 0.731180221687964 ], [ 121.666835891878691, 0.729602444824536 ], [ 121.662993993565465, 0.725658179382663 ], [ 121.66129770044779, 0.725022204923846 ], [ 121.659602003580517, 0.72236061911002 ], [ 121.661141853335948, 0.718349630268847 ], [ 121.661695473279224, 0.713782232686754 ], [ 121.66690443190862, 0.710169424969308 ], [ 121.669489155366591, 0.70969652187614 ], [ 121.671544030660471, 0.708293751280905 ], [ 121.674479637198601, 0.705192562470017 ], [ 121.675434138929745, 0.702755527474324 ], [ 121.674554025519569, 0.701278065486633 ], [ 121.671913051267325, 0.700095545151669 ], [ 121.666923842875235, 0.700168033205216 ], [ 121.663769333261257, 0.698985366280738 ], [ 121.662962727735817, 0.697729530515971 ], [ 121.664797548821753, 0.694997315547198 ], [ 121.668099797260084, 0.693004078885906 ], [ 121.670229780332534, 0.684954060342648 ], [ 121.670744381390932, 0.681113604541963 ], [ 121.670311497228795, 0.679805161136414 ], [ 121.672065915327948, 0.675281735905003 ], [ 121.676802565315938, 0.666253567957938 ], [ 121.67705328190857, 0.659983135040818 ], [ 121.680294191188523, 0.652961071254708 ], [ 121.677056303630593, 0.648445408970986 ], [ 121.6765594138202, 0.642676415534424 ], [ 121.67552160968819, 0.638492892661191 ], [ 121.677543144416518, 0.636547284094547 ], [ 121.679471279156132, 0.629760867861137 ], [ 121.679473639876505, 0.620307621867084 ], [ 121.676345335607039, 0.613035110385624 ], [ 121.67562543731583, 0.60261213084334 ], [ 121.67140670148865, 0.594792949379212 ], [ 121.672607987077072, 0.559099499252909 ], [ 121.689176810160461, 0.560116101868061 ], [ 121.706490477828879, 0.559360690249207 ], [ 121.712427582431701, 0.560345649319459 ], [ 121.712734987788508, 0.58939128222687 ], [ 121.712292182305646, 0.603950102588328 ], [ 121.713145584952144, 0.605857530438243 ], [ 121.708678751357979, 0.61837458582238 ], [ 121.707147795897413, 0.669100602068113 ], [ 121.704746200484919, 0.671468616796005 ], [ 121.702817521655447, 0.684065338622077 ], [ 121.700570141984599, 0.689232860988909 ], [ 121.699284920872515, 0.695692583206721 ], [ 121.699764941200215, 0.700214841118168 ], [ 121.700546522190734, 0.701676809585933 ], [ 121.700920741778418, 0.712014666499556 ], [ 121.699789351497998, 0.713405784579209 ], [ 121.695139271147923, 0.715428405688499 ], [ 121.694384864071822, 0.717199159972324 ], [ 121.699158165029758, 0.72327237696436 ], [ 121.701293044910699, 0.72795333553637 ], [ 121.7023816391536, 0.734837928057743 ], [ 121.701893692201565, 0.738513432010507 ], [ 121.700867278882356, 0.740922904584579 ], [ 121.701037650044896, 0.743074524445831 ], [ 121.70402878791981, 0.747206486489063 ], [ 121.705950791081818, 0.749077600614783 ], [ 121.706466956061149, 0.748812198992766 ], [ 121.711985215818117, 0.757646204213017 ], [ 121.712181065673008, 0.761913664408439 ], [ 121.709222242237274, 0.766180099376811 ], [ 121.70892591652796, 0.768363313320208 ], [ 121.708038145390788, 0.769950861317511 ], [ 121.706657887523988, 0.770545853671422 ], [ 121.705474162996779, 0.772133379185675 ], [ 121.705966175783715, 0.775606942175386 ], [ 121.707493537553546, 0.77788992690472 ], [ 121.71104217864422, 0.779677334833934 ], [ 121.714098240375051, 0.779876771185116 ], [ 121.716660031121251, 0.784045684571936 ], [ 121.716659547285985, 0.785633507761759 ], [ 121.715278578055518, 0.788511089143299 ], [ 121.713207970021926, 0.789602063891664 ], [ 121.712320212374607, 0.791090395984725 ], [ 121.711924288549199, 0.795655379786467 ], [ 121.709950995253166, 0.800715995247003 ], [ 121.707583895135826, 0.804387153675691 ], [ 121.706793900088314, 0.80835651559812 ], [ 121.70713722886353, 0.813914057741215 ], [ 121.709305277539556, 0.816395768357324 ], [ 121.712962794152418, 0.818436171761164 ], [ 121.714341632889045, 0.820625931869642 ], [ 121.714389975944755, 0.821358380199797 ], [ 121.712447555474682, 0.823652636132124 ], [ 121.715456880338934, 0.82433714790011 ], [ 121.716422858318424, 0.828561904688343 ], [ 121.714382909072242, 0.831979189904132 ], [ 121.715935171270417, 0.83534875259636 ], [ 121.717002969590681, 0.835544418989628 ], [ 121.717196538764938, 0.836960451886796 ], [ 121.72069154608846, 0.837108087289096 ], [ 121.72311848799302, 0.837890078370492 ], [ 121.724672054208099, 0.837255880072746 ], [ 121.728490890307285, 0.837216638155951 ], [ 121.732789262898791, 0.840013741907114 ], [ 121.735221230214847, 0.840058206186882 ], [ 121.739841211155976, 0.841734464208457 ] ] ] ] } },
{ "type": "Feature", "properties": { "KECAMATAN": "PAGUAT", "ID": 76, "KEMISKINAN": "29.77", "STUNTING": "1.4" }, "geometry": { "type": "MultiPolygon", "coordinates": [ [ [ [ 121.997557538554787, 0.475789014049175 ], [ 121.996936074478853, 0.476484000099395 ], [ 121.996936022804363, 0.476483938820591 ], [ 121.997557538554787, 0.475789014049175 ] ] ] ] } },
{ "type": "Feature", "properties": { "KECAMATAN": "MARISA", "ID": 60, "KEMISKINAN": "26.97", "STUNTING": "3.52" }, "geometry": { "type": "MultiPolygon", "coordinates": [ [ [ [ 121.997557538554787, 0.475789014049175 ], [ 121.996936074478853, 0.476484000099395 ], [ 121.996936022804363, 0.476483938820591 ], [ 121.997557538554787, 0.475789014049175 ] ] ] ] } },
{ "type": "Feature", "properties": { "KECAMATAN": "PAGUAT", "ID": 77, "KEMISKINAN": "29.77", "STUNTING": "1.4" }, "geometry": { "type": "MultiPolygon", "coordinates": [ [ [ [ 122.005924295897557, 0.491477688923245 ], [ 122.004065851256001, 0.492065360393843 ], [ 122.005924299734744, 0.491477668402416 ], [ 122.005924295897557, 0.491477688923245 ] ] ] ] } },
{ "type": "Feature", "properties": { "KECAMATAN": "BUNTULIA", "ID": 18, "KEMISKINAN": "26.41", "STUNTING": "3.71" }, "geometry": { "type": "MultiPolygon", "coordinates": [ [ [ [ 122.005924295897557, 0.491477688923245 ], [ 122.004065851256001, 0.492065360393843 ], [ 122.005924299734744, 0.491477668402416 ], [ 122.005924295897557, 0.491477688923245 ] ] ] ] } },
{ "type": "Feature", "properties": { "KECAMATAN": "MARISA", "ID": 61, "KEMISKINAN": "26.97", "STUNTING": "3.52" }, "geometry": { "type": "MultiPolygon", "coordinates": [ [ [ [ 121.953421751168364, 0.415241989411905 ], [ 121.954405418410772, 0.417081172577047 ], [ 121.95230975188575, 0.417722718585809 ], [ 121.951497029094469, 0.416354046566711 ], [ 121.953421751168364, 0.415241989411905 ] ] ], [ [ [ 121.968355163876467, 0.441901857160252 ], [ 121.970798305727428, 0.442525054116159 ], [ 121.971895191264309, 0.443933531796157 ], [ 121.971919953412026, 0.445591291674949 ], [ 121.970947884990096, 0.447199194097889 ], [ 121.96728331168103, 0.446276849926006 ], [ 121.965052304020446, 0.444731252664274 ], [ 121.964890183019037, 0.443434957143483 ], [ 121.965550786053527, 0.442238386194669 ], [ 121.968355163876467, 0.441901857160252 ] ] ], [ [ [ 121.969157018841557, 0.456679681737802 ], [ 121.969504333106201, 0.457370370909524 ], [ 121.962558134763455, 0.457413043311048 ], [ 121.940457342211502, 0.456042454822834 ], [ 121.93741816492566, 0.454943122831351 ], [ 121.94064032423934, 0.446807376705136 ], [ 121.942897214824953, 0.448052902667415 ], [ 121.946819519524752, 0.44904211066906 ], [ 121.950155117637479, 0.448950086137776 ], [ 121.950523088582671, 0.450031322652409 ], [ 121.951040933032033, 0.449648541257295 ], [ 121.953062799679472, 0.45072333915793 ], [ 121.958275683904645, 0.451584149444448 ], [ 121.963341589554105, 0.451380181657788 ], [ 121.964023855690129, 0.451900519988255 ], [ 121.963631467157981, 0.452702361857336 ], [ 121.964843629595691, 0.453010446898192 ], [ 121.964728711617184, 0.453516537743957 ], [ 121.96659210294527, 0.455402931245983 ], [ 121.969157018841557, 0.456679681737802 ] ] ] ] } },
{ "type": "Feature", "properties": { "KECAMATAN": "MARISA", "ID": 62, "KEMISKINAN": "26.97", "STUNTING": "3.52" }, "geometry": { "type": "MultiPolygon", "coordinates": [ [ [ [ 121.933412072434862, 0.45479330855818 ], [ 121.933493325598192, 0.452169564165956 ], [ 121.934895529545315, 0.450854889101834 ], [ 121.936789368909217, 0.445904572902407 ], [ 121.936869866363622, 0.44653460167109 ], [ 121.93731002617119, 0.445471261004911 ], [ 121.939209708090516, 0.444777805538877 ], [ 121.940640324239439, 0.446807376705124 ], [ 121.937418164925703, 0.454943122831367 ], [ 121.933412072434862, 0.45479330855818 ] ] ], [ [ [ 121.937870498651023, 0.443472692577757 ], [ 121.938689210104144, 0.444095377027509 ], [ 121.937460904934937, 0.44482896465388 ], [ 121.937870498651023, 0.443472692577757 ] ] ] ] } },
{ "type": "Feature", "properties": { "KECAMATAN": "PAGUAT", "ID": 78, "KEMISKINAN": "29.77", "STUNTING": "1.4" }, "geometry": { "type": "MultiPolygon", "coordinates": [ [ [ [ 122.121450694445144, 0.501754508669903 ], [ 122.121875147563841, 0.504561272139901 ], [ 122.105286979693147, 0.505406656679872 ], [ 122.098897572781425, 0.503334416600429 ], [ 122.099112760343857, 0.500060979650216 ], [ 122.100640976541797, 0.50017683989366 ], [ 122.100936500041428, 0.500199244723918 ], [ 122.102401006416002, 0.500310274868108 ], [ 122.103073386604763, 0.501514360097053 ], [ 122.105533436175492, 0.502580277681917 ], [ 122.10627121636648, 0.50400699294749 ], [ 122.107993282390566, 0.503088652916892 ], [ 122.108714582062106, 0.503875807246965 ], [ 122.111272864282938, 0.503285434265619 ], [ 122.111601061430349, 0.503826626390422 ], [ 122.111896038975132, 0.502908264605226 ], [ 122.113585126983978, 0.502908283159895 ], [ 122.113340514277525, 0.501139643149893 ], [ 122.116822697625238, 0.501403641535978 ], [ 122.117898146597867, 0.502809857698958 ], [ 122.120128373690122, 0.502744293242872 ], [ 122.120254522754024, 0.501663822061991 ], [ 122.121450694445144, 0.501754508669903 ] ] ] ] } },
{ "type": "Feature", "properties": { "KECAMATAN": "PAGUAT", "ID": 79, "KEMISKINAN": "29.77", "STUNTING": "1.4" }, "geometry": { "type": "MultiPolygon", "coordinates": [ [ [ [ 122.12113759379406, 0.40525388003819 ], [ 122.11906125656941, 0.408132863476682 ], [ 122.118110179527747, 0.407910242994811 ], [ 122.116905965897956, 0.406271046728621 ], [ 122.117351144530588, 0.405390714029439 ], [ 122.12113759379406, 0.40525388003819 ] ] ], [ [ [ 122.109519453829478, 0.475742107838792 ], [ 122.103269916785962, 0.478576001439377 ], [ 122.101899710670637, 0.477412432260591 ], [ 122.1011116553222, 0.473846611272331 ], [ 122.104771298975464, 0.472927026903589 ], [ 122.106178876709038, 0.471725902288354 ], [ 122.114117405188864, 0.471763426650549 ], [ 122.113272888050957, 0.472683029137064 ], [ 122.112728583947117, 0.47561075323169 ], [ 122.109519453829478, 0.475742107838792 ] ] ], [ [ [ 122.133221651806764, 0.478299302316474 ], [ 122.1334035138498, 0.479135185912591 ], [ 122.132531294192148, 0.47924419534394 ], [ 122.132422167110633, 0.478378603292482 ], [ 122.133221651806764, 0.478299302316474 ] ] ], [ [ [ 122.130768449923096, 0.478444649216945 ], [ 122.131295693333627, 0.479425917290408 ], [ 122.124808348418753, 0.481679190900151 ], [ 122.125407881922669, 0.477263534097458 ], [ 122.126643649812465, 0.475737102305649 ], [ 122.127206950867418, 0.47580979102869 ], [ 122.127007144854886, 0.476990937196762 ], [ 122.12773407013006, 0.477772329450241 ], [ 122.130768449923096, 0.478444649216945 ] ] ], [ [ [ 122.122073882471483, 0.487539491947695 ], [ 122.120670407225063, 0.489497534215664 ], [ 122.119059056517898, 0.489861432099046 ], [ 122.118314019453052, 0.488024666760021 ], [ 122.116598420226552, 0.486759770703058 ], [ 122.116494360059306, 0.48582407341816 ], [ 122.117187472265329, 0.485304218297964 ], [ 122.118357311464095, 0.485497840889968 ], [ 122.120479772069586, 0.487054319318689 ], [ 122.121866186446042, 0.486725090714577 ], [ 122.122073882471483, 0.487539491947695 ] ] ], [ [ [ 122.102382573857312, 0.492664834323984 ], [ 122.103155512088335, 0.492232485301356 ], [ 122.104221204030949, 0.492769866991525 ], [ 122.102382573857312, 0.492664834323984 ] ] ], [ [ [ 122.076467491818789, 0.47724306717206 ], [ 122.081385372671477, 0.475614081035767 ], [ 122.082068640151306, 0.477291701176883 ], [ 122.087235481079929, 0.481932821432904 ], [ 122.092029426689479, 0.484379005471789 ], [ 122.094538156686014, 0.484607970853288 ], [ 122.098411759762271, 0.483847799564971 ], [ 122.100108128024132, 0.486051654998585 ], [ 122.101958523210982, 0.48718578660135 ], [ 122.10399833190219, 0.487220548598897 ], [ 122.110184310037425, 0.485236155336297 ], [ 122.112760647870019, 0.486084719795263 ], [ 122.113606595811319, 0.487151013379092 ], [ 122.117332185661979, 0.488893751934958 ], [ 122.11438809327521, 0.493350655620626 ], [ 122.111458954851216, 0.493183327124322 ], [ 122.111652078171574, 0.489787512618554 ], [ 122.10939870863821, 0.490802648276754 ], [ 122.106873193537425, 0.489997939176243 ], [ 122.106140200522248, 0.490559765300178 ], [ 122.106172916528863, 0.491609306075089 ], [ 122.104942867395565, 0.492314460326879 ], [ 122.103762150358619, 0.491592902059788 ], [ 122.101187410405743, 0.491445306173608 ], [ 122.101237614685758, 0.492599427959126 ], [ 122.092684952877562, 0.491900662016063 ], [ 122.09232672518543, 0.491258264637926 ], [ 122.088989937735079, 0.490638711201994 ], [ 122.075780283934051, 0.489161450624129 ], [ 122.075737217940713, 0.487854067977187 ], [ 122.076952915551288, 0.48524032978615 ], [ 122.076566369415033, 0.484294815330264 ], [ 122.076568127094106, 0.483655880482479 ], [ 122.076467491818789, 0.47724306717206 ] ] ] ] } }
]
}
